section id,recording id,timestamp [ns]
3c8dba83-4d7c-4177-a1e9-5db0ae0bab39,8ed95ff9-72ee-45af-9b08-4a6746eaf7e7,1702035100268000000
3c8dba83-4d7c-4177-a1e9-5db0ae0bab39,8ed95ff9-72ee-45af-9b08-4a6746eaf7e7,1702035100318000000
3c8dba83-4d7c-4177-a1e9-5db0ae0bab39,8ed95ff9-72ee-45af-9b08-4a6746eaf7e7,1702035100368000000
3c8dba83-4d7c-4177-a1e9-5db0ae0bab39,8ed95ff9-72ee-45af-9b08-4a6746eaf7e7,1702035100418000000
3c8dba83-4d7c-4177-a1e9-5db0ae0bab39,8ed95ff9-72ee-45af-9b08-4a6746eaf7e7,1702035100468000000
3c8dba83-4d7c-4177-a1e9-5db0ae0bab39,8ed95ff9-72ee-45af-9b08-4a6746eaf7e7,1702035100518000000
3c8dba83-4d7c-4177-a1e9-5db0ae0bab39,8ed95ff9-72ee-45af-9b08-4a6746eaf7e7,1702035100568000000
3c8dba83-4d7c-4177-a1e9-5db0ae0bab39,8ed95ff9-72ee-45af-9b08-4a6746eaf7e7,1702035100618000000
3c8dba83-4d7c-4177-a1e9-5db0ae0bab39,8ed95ff9-72ee-45af-9b08-4a6746eaf7e7,1702035100668000000
3c8dba83-4d7c-4177-a1e9-5db0ae0bab39,8ed95ff9-72ee-45af-9b08-4a6746eaf7e7,1702035100718000000
3c8dba83-4d7c-4177-a1e9-5db0ae0bab39,8ed95ff9-72ee-45af-9b08-4a6746eaf7e7,1702035100768000000
3c8dba83-4d7c-4177-a1e9-5db0ae0bab39,8ed95ff9-72ee-45af-9b08-4a6746eaf7e7,1702035100818000000
3c8dba83-4d7c-4177-a1e9-5db0ae0bab39,8ed95ff9-72ee-45af-9b08-4a6746eaf7e7,1702035100868000000
3c8dba83-4d7c-4177-a1e9-5db0ae0bab39,8ed95ff9-72ee-45af-9b08-4a6746eaf7e7,1702035100918000000
3c8dba83-4d7c-4177-a1e9-5db0ae0bab39,8ed95ff9-72ee-45af-9b08-4a6746eaf7e7,1702035100968000000
3c8dba83-4d7c-4177-a1e9-5db0ae0bab39,8ed95ff9-72ee-45af-9b08-4a6746eaf7e7,1702035101018000000
3c8dba83-4d7c-4177-a1e9-5db0ae0bab39,8ed95ff9-72ee-45af-9b08-4a6746eaf7e7,1702035101068000000
3c8dba83-4d7c-4177-a1e9-5db0ae0bab39,8ed95ff9-72ee-45af-9b08-4a6746eaf7e7,1702035101118000000
3c8dba83-4d7c-4177-a1e9-5db0ae0bab39,8ed95ff9-72ee-45af-9b08-4a6746eaf7e7,1702035101168000000
3c8dba83-4d7c-4177-a1e9-5db0ae0bab39,8ed95ff9-72ee-45af-9b08-4a6746eaf7e7,1702035101218000000
3c8dba83-4d7c-4177-a1e9-5db0ae0bab39,8ed95ff9-72ee-45af-9b08-4a6746eaf7e7,1702035101268000000
3c8dba83-4d7c-4177-a1e9-5db0ae0bab39,8ed95ff9-72ee-45af-9b08-4a6746eaf7e7,1702035101318000000
3c8dba83-4d7c-4177-a1e9-5db0ae0bab39,8ed95ff9-72ee-45af-9b08-4a6746eaf7e7,1702035101368000000
3c8dba83-4d7c-4177-a1e9-5db0ae0bab39,8ed95ff9-72ee-45af-9b08-4a6746eaf7e7,1702035101418000000
3c8dba83-4d7c-4177-a1e9-5db0ae0bab39,8ed95ff9-72ee-45af-9b08-4a6746eaf7e7,1702035101468000000
3c8dba83-4d7c-4177-a1e9-5db0ae0bab39,8ed95ff9-72ee-45af-9b08-4a6746eaf7e7,1702035101518000000
3c8dba83-4d7c-4177-a1e9-5db0ae0bab39,8ed95ff9-72ee-45af-9b08-4a6746eaf7e7,1702035101568000000
3c8dba83-4d7c-4177-a1e9-5db0ae0bab39,8ed95ff9-72ee-45af-9b08-4a6746eaf7e7,1702035101618000000
3c8dba83-4d7c-4177-a1e9-5db0ae0bab39,8ed95ff9-72ee-45af-9b08-4a6746eaf7e7,1702035101668000000
3c8dba83-4d7c-4177-a1e9-5db0ae0bab39,8ed95ff9-72ee-45af-9b08-4a6746eaf7e7,1702035101718000000
3c8dba83-4d7c-4177-a1e9-5db0ae0bab39,8ed95ff9-72ee-45af-9b08-4a6746eaf7e7,1702035101768000000
3c8dba83-4d7c-4177-a1e9-5db0ae0bab39,8ed95ff9-72ee-45af-9b08-4a6746eaf7e7,1702035101818000000
3c8dba83-4d7c-4177-a1e9-5db0ae0bab39,8ed95ff9-72ee-45af-9b08-4a6746eaf7e7,1702035101868000000
3c8dba83-4d7c-4177-a1e9-5db0ae0bab39,8ed95ff9-72ee-45af-9b08-4a6746eaf7e7,1702035101918000000
3c8dba83-4d7c-4177-a1e9-5db0ae0bab39,8ed95ff9-72ee-45af-9b08-4a6746eaf7e7,1702035101968000000
3c8dba83-4d7c-4177-a1e9-5db0ae0bab39,8ed95ff9-72ee-45af-9b08-4a6746eaf7e7,1702035102018000000
3c8dba83-4d7c-4177-a1e9-5db0ae0bab39,8ed95ff9-72ee-45af-9b08-4a6746eaf7e7,1702035102068000000
3c8dba83-4d7c-4177-a1e9-5db0ae0bab39,8ed95ff9-72ee-45af-9b08-4a6746eaf7e7,1702035102118000000
3c8dba83-4d7c-4177-a1e9-5db0ae0bab39,8ed95ff9-72ee-45af-9b08-4a6746eaf7e7,1702035102168000000
3c8dba83-4d7c-4177-a1e9-5db0ae0bab39,8ed95ff9-72ee-45af-9b08-4a6746eaf7e7,1702035102218000000
3c8dba83-4d7c-4177-a1e9-5db0ae0bab39,8ed95ff9-72ee-45af-9b08-4a6746eaf7e7,1702035102263822222
3c8dba83-4d7c-4177-a1e9-5db0ae0bab39,8ed95ff9-72ee-45af-9b08-4a6746eaf7e7,1702035102290255555
3c8dba83-4d7c-4177-a1e9-5db0ae0bab39,8ed95ff9-72ee-45af-9b08-4a6746eaf7e7,1702035102321388888
3c8dba83-4d7c-4177-a1e9-5db0ae0bab39,8ed95ff9-72ee-45af-9b08-4a6746eaf7e7,1702035102353388888
3c8dba83-4d7c-4177-a1e9-5db0ae0bab39,8ed95ff9-72ee-45af-9b08-4a6746eaf7e7,1702035102394611111
3c8dba83-4d7c-4177-a1e9-5db0ae0bab39,8ed95ff9-72ee-45af-9b08-4a6746eaf7e7,1702035102424822222
3c8dba83-4d7c-4177-a1e9-5db0ae0bab39,8ed95ff9-72ee-45af-9b08-4a6746eaf7e7,1702035102455833333
3c8dba83-4d7c-4177-a1e9-5db0ae0bab39,8ed95ff9-72ee-45af-9b08-4a6746eaf7e7,1702035102492955555
3c8dba83-4d7c-4177-a1e9-5db0ae0bab39,8ed95ff9-72ee-45af-9b08-4a6746eaf7e7,1702035102529122222
3c8dba83-4d7c-4177-a1e9-5db0ae0bab39,8ed95ff9-72ee-45af-9b08-4a6746eaf7e7,1702035102556733333
3c8dba83-4d7c-4177-a1e9-5db0ae0bab39,8ed95ff9-72ee-45af-9b08-4a6746eaf7e7,1702035102596977777
3c8dba83-4d7c-4177-a1e9-5db0ae0bab39,8ed95ff9-72ee-45af-9b08-4a6746eaf7e7,1702035102628088888
3c8dba83-4d7c-4177-a1e9-5db0ae0bab39,8ed95ff9-72ee-45af-9b08-4a6746eaf7e7,1702035102659111111
3c8dba83-4d7c-4177-a1e9-5db0ae0bab39,8ed95ff9-72ee-45af-9b08-4a6746eaf7e7,1702035102691366666
3c8dba83-4d7c-4177-a1e9-5db0ae0bab39,8ed95ff9-72ee-45af-9b08-4a6746eaf7e7,1702035102725155555
3c8dba83-4d7c-4177-a1e9-5db0ae0bab39,8ed95ff9-72ee-45af-9b08-4a6746eaf7e7,1702035102760022222
3c8dba83-4d7c-4177-a1e9-5db0ae0bab39,8ed95ff9-72ee-45af-9b08-4a6746eaf7e7,1702035102791833333
3c8dba83-4d7c-4177-a1e9-5db0ae0bab39,8ed95ff9-72ee-45af-9b08-4a6746eaf7e7,1702035102825844444
3c8dba83-4d7c-4177-a1e9-5db0ae0bab39,8ed95ff9-72ee-45af-9b08-4a6746eaf7e7,1702035102862144444
3c8dba83-4d7c-4177-a1e9-5db0ae0bab39,8ed95ff9-72ee-45af-9b08-4a6746eaf7e7,1702035102890744444
3c8dba83-4d7c-4177-a1e9-5db0ae0bab39,8ed95ff9-72ee-45af-9b08-4a6746eaf7e7,1702035102926355555
3c8dba83-4d7c-4177-a1e9-5db0ae0bab39,8ed95ff9-72ee-45af-9b08-4a6746eaf7e7,1702035102958488888
3c8dba83-4d7c-4177-a1e9-5db0ae0bab39,8ed95ff9-72ee-45af-9b08-4a6746eaf7e7,1702035102993233333
3c8dba83-4d7c-4177-a1e9-5db0ae0bab39,8ed95ff9-72ee-45af-9b08-4a6746eaf7e7,1702035103028444444
3c8dba83-4d7c-4177-a1e9-5db0ae0bab39,8ed95ff9-72ee-45af-9b08-4a6746eaf7e7,1702035103060144444
3c8dba83-4d7c-4177-a1e9-5db0ae0bab39,8ed95ff9-72ee-45af-9b08-4a6746eaf7e7,1702035103091644444
3c8dba83-4d7c-4177-a1e9-5db0ae0bab39,8ed95ff9-72ee-45af-9b08-4a6746eaf7e7,1702035103130677777
3c8dba83-4d7c-4177-a1e9-5db0ae0bab39,8ed95ff9-72ee-45af-9b08-4a6746eaf7e7,1702035103158122222
3c8dba83-4d7c-4177-a1e9-5db0ae0bab39,8ed95ff9-72ee-45af-9b08-4a6746eaf7e7,1702035103194522222
3c8dba83-4d7c-4177-a1e9-5db0ae0bab39,8ed95ff9-72ee-45af-9b08-4a6746eaf7e7,1702035103228488888
3c8dba83-4d7c-4177-a1e9-5db0ae0bab39,8ed95ff9-72ee-45af-9b08-4a6746eaf7e7,1702035103259711111
3c8dba83-4d7c-4177-a1e9-5db0ae0bab39,8ed95ff9-72ee-45af-9b08-4a6746eaf7e7,1702035103291911111
3c8dba83-4d7c-4177-a1e9-5db0ae0bab39,8ed95ff9-72ee-45af-9b08-4a6746eaf7e7,1702035103329788888
3c8dba83-4d7c-4177-a1e9-5db0ae0bab39,8ed95ff9-72ee-45af-9b08-4a6746eaf7e7,1702035103359411111
3c8dba83-4d7c-4177-a1e9-5db0ae0bab39,8ed95ff9-72ee-45af-9b08-4a6746eaf7e7,1702035103391644444
3c8dba83-4d7c-4177-a1e9-5db0ae0bab39,8ed95ff9-72ee-45af-9b08-4a6746eaf7e7,1702035103426111111
3c8dba83-4d7c-4177-a1e9-5db0ae0bab39,8ed95ff9-72ee-45af-9b08-4a6746eaf7e7,1702035103459122222
3c8dba83-4d7c-4177-a1e9-5db0ae0bab39,8ed95ff9-72ee-45af-9b08-4a6746eaf7e7,1702035103492777777
3c8dba83-4d7c-4177-a1e9-5db0ae0bab39,8ed95ff9-72ee-45af-9b08-4a6746eaf7e7,1702035103530588888
3c8dba83-4d7c-4177-a1e9-5db0ae0bab39,8ed95ff9-72ee-45af-9b08-4a6746eaf7e7,1702035103561966666
3c8dba83-4d7c-4177-a1e9-5db0ae0bab39,8ed95ff9-72ee-45af-9b08-4a6746eaf7e7,1702035103591233333
3c8dba83-4d7c-4177-a1e9-5db0ae0bab39,8ed95ff9-72ee-45af-9b08-4a6746eaf7e7,1702035103624533333
3c8dba83-4d7c-4177-a1e9-5db0ae0bab39,8ed95ff9-72ee-45af-9b08-4a6746eaf7e7,1702035103663911111
3c8dba83-4d7c-4177-a1e9-5db0ae0bab39,8ed95ff9-72ee-45af-9b08-4a6746eaf7e7,1702035103690577777
3c8dba83-4d7c-4177-a1e9-5db0ae0bab39,8ed95ff9-72ee-45af-9b08-4a6746eaf7e7,1702035103725344444
3c8dba83-4d7c-4177-a1e9-5db0ae0bab39,8ed95ff9-72ee-45af-9b08-4a6746eaf7e7,1702035103757744444
3c8dba83-4d7c-4177-a1e9-5db0ae0bab39,8ed95ff9-72ee-45af-9b08-4a6746eaf7e7,1702035103788533333
3c8dba83-4d7c-4177-a1e9-5db0ae0bab39,8ed95ff9-72ee-45af-9b08-4a6746eaf7e7,1702035103827722222
3c8dba83-4d7c-4177-a1e9-5db0ae0bab39,8ed95ff9-72ee-45af-9b08-4a6746eaf7e7,1702035103860155555
3c8dba83-4d7c-4177-a1e9-5db0ae0bab39,8ed95ff9-72ee-45af-9b08-4a6746eaf7e7,1702035103889188888
3c8dba83-4d7c-4177-a1e9-5db0ae0bab39,8ed95ff9-72ee-45af-9b08-4a6746eaf7e7,1702035103925355555
3c8dba83-4d7c-4177-a1e9-5db0ae0bab39,8ed95ff9-72ee-45af-9b08-4a6746eaf7e7,1702035103962266666
3c8dba83-4d7c-4177-a1e9-5db0ae0bab39,8ed95ff9-72ee-45af-9b08-4a6746eaf7e7,1702035103991333333
3c8dba83-4d7c-4177-a1e9-5db0ae0bab39,8ed95ff9-72ee-45af-9b08-4a6746eaf7e7,1702035104030433333
3c8dba83-4d7c-4177-a1e9-5db0ae0bab39,8ed95ff9-72ee-45af-9b08-4a6746eaf7e7,1702035104062888888
3c8dba83-4d7c-4177-a1e9-5db0ae0bab39,8ed95ff9-72ee-45af-9b08-4a6746eaf7e7,1702035104096233333
3c8dba83-4d7c-4177-a1e9-5db0ae0bab39,8ed95ff9-72ee-45af-9b08-4a6746eaf7e7,1702035104129333333
3c8dba83-4d7c-4177-a1e9-5db0ae0bab39,8ed95ff9-72ee-45af-9b08-4a6746eaf7e7,1702035104161900000
3c8dba83-4d7c-4177-a1e9-5db0ae0bab39,8ed95ff9-72ee-45af-9b08-4a6746eaf7e7,1702035104190166666
3c8dba83-4d7c-4177-a1e9-5db0ae0bab39,8ed95ff9-72ee-45af-9b08-4a6746eaf7e7,1702035104230644444
3c8dba83-4d7c-4177-a1e9-5db0ae0bab39,8ed95ff9-72ee-45af-9b08-4a6746eaf7e7,1702035104262266666
3c8dba83-4d7c-4177-a1e9-5db0ae0bab39,8ed95ff9-72ee-45af-9b08-4a6746eaf7e7,1702035104286455555
3c8dba83-4d7c-4177-a1e9-5db0ae0bab39,8ed95ff9-72ee-45af-9b08-4a6746eaf7e7,1702035104323766666
3c8dba83-4d7c-4177-a1e9-5db0ae0bab39,8ed95ff9-72ee-45af-9b08-4a6746eaf7e7,1702035104365477777
3c8dba83-4d7c-4177-a1e9-5db0ae0bab39,8ed95ff9-72ee-45af-9b08-4a6746eaf7e7,1702035104393800000
3c8dba83-4d7c-4177-a1e9-5db0ae0bab39,8ed95ff9-72ee-45af-9b08-4a6746eaf7e7,1702035104430288888
3c8dba83-4d7c-4177-a1e9-5db0ae0bab39,8ed95ff9-72ee-45af-9b08-4a6746eaf7e7,1702035104462977777
3c8dba83-4d7c-4177-a1e9-5db0ae0bab39,8ed95ff9-72ee-45af-9b08-4a6746eaf7e7,1702035104493477777
3c8dba83-4d7c-4177-a1e9-5db0ae0bab39,8ed95ff9-72ee-45af-9b08-4a6746eaf7e7,1702035104529111111
3c8dba83-4d7c-4177-a1e9-5db0ae0bab39,8ed95ff9-72ee-45af-9b08-4a6746eaf7e7,1702035104561999999
3c8dba83-4d7c-4177-a1e9-5db0ae0bab39,8ed95ff9-72ee-45af-9b08-4a6746eaf7e7,1702035104595255555
3c8dba83-4d7c-4177-a1e9-5db0ae0bab39,8ed95ff9-72ee-45af-9b08-4a6746eaf7e7,1702035104628966666
3c8dba83-4d7c-4177-a1e9-5db0ae0bab39,8ed95ff9-72ee-45af-9b08-4a6746eaf7e7,1702035104660111111
3c8dba83-4d7c-4177-a1e9-5db0ae0bab39,8ed95ff9-72ee-45af-9b08-4a6746eaf7e7,1702035104695533333
3c8dba83-4d7c-4177-a1e9-5db0ae0bab39,8ed95ff9-72ee-45af-9b08-4a6746eaf7e7,1702035104733811111
3c8dba83-4d7c-4177-a1e9-5db0ae0bab39,8ed95ff9-72ee-45af-9b08-4a6746eaf7e7,1702035104762633333
3c8dba83-4d7c-4177-a1e9-5db0ae0bab39,8ed95ff9-72ee-45af-9b08-4a6746eaf7e7,1702035104797733333
3c8dba83-4d7c-4177-a1e9-5db0ae0bab39,8ed95ff9-72ee-45af-9b08-4a6746eaf7e7,1702035104831344444
3c8dba83-4d7c-4177-a1e9-5db0ae0bab39,8ed95ff9-72ee-45af-9b08-4a6746eaf7e7,1702035104864955555
3c8dba83-4d7c-4177-a1e9-5db0ae0bab39,8ed95ff9-72ee-45af-9b08-4a6746eaf7e7,1702035104895222222
3c8dba83-4d7c-4177-a1e9-5db0ae0bab39,8ed95ff9-72ee-45af-9b08-4a6746eaf7e7,1702035104933100000
3c8dba83-4d7c-4177-a1e9-5db0ae0bab39,8ed95ff9-72ee-45af-9b08-4a6746eaf7e7,1702035104958600000
3c8dba83-4d7c-4177-a1e9-5db0ae0bab39,8ed95ff9-72ee-45af-9b08-4a6746eaf7e7,1702035104997888888
3c8dba83-4d7c-4177-a1e9-5db0ae0bab39,8ed95ff9-72ee-45af-9b08-4a6746eaf7e7,1702035105027855555
3c8dba83-4d7c-4177-a1e9-5db0ae0bab39,8ed95ff9-72ee-45af-9b08-4a6746eaf7e7,1702035105068700000
3c8dba83-4d7c-4177-a1e9-5db0ae0bab39,8ed95ff9-72ee-45af-9b08-4a6746eaf7e7,1702035105096477777
3c8dba83-4d7c-4177-a1e9-5db0ae0bab39,8ed95ff9-72ee-45af-9b08-4a6746eaf7e7,1702035105130055555
3c8dba83-4d7c-4177-a1e9-5db0ae0bab39,8ed95ff9-72ee-45af-9b08-4a6746eaf7e7,1702035105175811111
3c8dba83-4d7c-4177-a1e9-5db0ae0bab39,8ed95ff9-72ee-45af-9b08-4a6746eaf7e7,1702035105193877777
3c8dba83-4d7c-4177-a1e9-5db0ae0bab39,8ed95ff9-72ee-45af-9b08-4a6746eaf7e7,1702035105230022222
3c8dba83-4d7c-4177-a1e9-5db0ae0bab39,8ed95ff9-72ee-45af-9b08-4a6746eaf7e7,1702035105261533333
3c8dba83-4d7c-4177-a1e9-5db0ae0bab39,8ed95ff9-72ee-45af-9b08-4a6746eaf7e7,1702035105297711111
3c8dba83-4d7c-4177-a1e9-5db0ae0bab39,8ed95ff9-72ee-45af-9b08-4a6746eaf7e7,1702035105332533333
3c8dba83-4d7c-4177-a1e9-5db0ae0bab39,8ed95ff9-72ee-45af-9b08-4a6746eaf7e7,1702035105363355555
3c8dba83-4d7c-4177-a1e9-5db0ae0bab39,8ed95ff9-72ee-45af-9b08-4a6746eaf7e7,1702035105392677777
3c8dba83-4d7c-4177-a1e9-5db0ae0bab39,8ed95ff9-72ee-45af-9b08-4a6746eaf7e7,1702035105433700000
3c8dba83-4d7c-4177-a1e9-5db0ae0bab39,8ed95ff9-72ee-45af-9b08-4a6746eaf7e7,1702035105457344444
3c8dba83-4d7c-4177-a1e9-5db0ae0bab39,8ed95ff9-72ee-45af-9b08-4a6746eaf7e7,1702035105499177777
3c8dba83-4d7c-4177-a1e9-5db0ae0bab39,8ed95ff9-72ee-45af-9b08-4a6746eaf7e7,1702035105530033333
3c8dba83-4d7c-4177-a1e9-5db0ae0bab39,8ed95ff9-72ee-45af-9b08-4a6746eaf7e7,1702035105561200000
3c8dba83-4d7c-4177-a1e9-5db0ae0bab39,8ed95ff9-72ee-45af-9b08-4a6746eaf7e7,1702035105595955555
3c8dba83-4d7c-4177-a1e9-5db0ae0bab39,8ed95ff9-72ee-45af-9b08-4a6746eaf7e7,1702035105631788888
3c8dba83-4d7c-4177-a1e9-5db0ae0bab39,8ed95ff9-72ee-45af-9b08-4a6746eaf7e7,1702035105663811111
3c8dba83-4d7c-4177-a1e9-5db0ae0bab39,8ed95ff9-72ee-45af-9b08-4a6746eaf7e7,1702035105691977777
3c8dba83-4d7c-4177-a1e9-5db0ae0bab39,8ed95ff9-72ee-45af-9b08-4a6746eaf7e7,1702035105727322222
3c8dba83-4d7c-4177-a1e9-5db0ae0bab39,8ed95ff9-72ee-45af-9b08-4a6746eaf7e7,1702035105757611111
3c8dba83-4d7c-4177-a1e9-5db0ae0bab39,8ed95ff9-72ee-45af-9b08-4a6746eaf7e7,1702035105787255555
3c8dba83-4d7c-4177-a1e9-5db0ae0bab39,8ed95ff9-72ee-45af-9b08-4a6746eaf7e7,1702035105821955555
3c8dba83-4d7c-4177-a1e9-5db0ae0bab39,8ed95ff9-72ee-45af-9b08-4a6746eaf7e7,1702035105854411111
3c8dba83-4d7c-4177-a1e9-5db0ae0bab39,8ed95ff9-72ee-45af-9b08-4a6746eaf7e7,1702035105887122222
3c8dba83-4d7c-4177-a1e9-5db0ae0bab39,8ed95ff9-72ee-45af-9b08-4a6746eaf7e7,1702035105919855555
3c8dba83-4d7c-4177-a1e9-5db0ae0bab39,8ed95ff9-72ee-45af-9b08-4a6746eaf7e7,1702035105955200000
3c8dba83-4d7c-4177-a1e9-5db0ae0bab39,8ed95ff9-72ee-45af-9b08-4a6746eaf7e7,1702035105986777777
3c8dba83-4d7c-4177-a1e9-5db0ae0bab39,8ed95ff9-72ee-45af-9b08-4a6746eaf7e7,1702035106020488888
3c8dba83-4d7c-4177-a1e9-5db0ae0bab39,8ed95ff9-72ee-45af-9b08-4a6746eaf7e7,1702035106054188888
3c8dba83-4d7c-4177-a1e9-5db0ae0bab39,8ed95ff9-72ee-45af-9b08-4a6746eaf7e7,1702035106086144444
3c8dba83-4d7c-4177-a1e9-5db0ae0bab39,8ed95ff9-72ee-45af-9b08-4a6746eaf7e7,1702035106119188888
3c8dba83-4d7c-4177-a1e9-5db0ae0bab39,8ed95ff9-72ee-45af-9b08-4a6746eaf7e7,1702035106154811111
3c8dba83-4d7c-4177-a1e9-5db0ae0bab39,8ed95ff9-72ee-45af-9b08-4a6746eaf7e7,1702035106187188888
3c8dba83-4d7c-4177-a1e9-5db0ae0bab39,8ed95ff9-72ee-45af-9b08-4a6746eaf7e7,1702035106218822222
3c8dba83-4d7c-4177-a1e9-5db0ae0bab39,8ed95ff9-72ee-45af-9b08-4a6746eaf7e7,1702035106254044444
3c8dba83-4d7c-4177-a1e9-5db0ae0bab39,8ed95ff9-72ee-45af-9b08-4a6746eaf7e7,1702035106286155555
3c8dba83-4d7c-4177-a1e9-5db0ae0bab39,8ed95ff9-72ee-45af-9b08-4a6746eaf7e7,1702035106318444444
3c8dba83-4d7c-4177-a1e9-5db0ae0bab39,8ed95ff9-72ee-45af-9b08-4a6746eaf7e7,1702035106355688888
3c8dba83-4d7c-4177-a1e9-5db0ae0bab39,8ed95ff9-72ee-45af-9b08-4a6746eaf7e7,1702035106385966666
3c8dba83-4d7c-4177-a1e9-5db0ae0bab39,8ed95ff9-72ee-45af-9b08-4a6746eaf7e7,1702035106418666666
3c8dba83-4d7c-4177-a1e9-5db0ae0bab39,8ed95ff9-72ee-45af-9b08-4a6746eaf7e7,1702035106455711111
3c8dba83-4d7c-4177-a1e9-5db0ae0bab39,8ed95ff9-72ee-45af-9b08-4a6746eaf7e7,1702035106486700000
3c8dba83-4d7c-4177-a1e9-5db0ae0bab39,8ed95ff9-72ee-45af-9b08-4a6746eaf7e7,1702035106519755555
3c8dba83-4d7c-4177-a1e9-5db0ae0bab39,8ed95ff9-72ee-45af-9b08-4a6746eaf7e7,1702035106556344444
3c8dba83-4d7c-4177-a1e9-5db0ae0bab39,8ed95ff9-72ee-45af-9b08-4a6746eaf7e7,1702035106586622222
3c8dba83-4d7c-4177-a1e9-5db0ae0bab39,8ed95ff9-72ee-45af-9b08-4a6746eaf7e7,1702035106620344444
3c8dba83-4d7c-4177-a1e9-5db0ae0bab39,8ed95ff9-72ee-45af-9b08-4a6746eaf7e7,1702035106654633333
3c8dba83-4d7c-4177-a1e9-5db0ae0bab39,8ed95ff9-72ee-45af-9b08-4a6746eaf7e7,1702035106687833333
3c8dba83-4d7c-4177-a1e9-5db0ae0bab39,8ed95ff9-72ee-45af-9b08-4a6746eaf7e7,1702035106718255555
3c8dba83-4d7c-4177-a1e9-5db0ae0bab39,8ed95ff9-72ee-45af-9b08-4a6746eaf7e7,1702035106754044444
3c8dba83-4d7c-4177-a1e9-5db0ae0bab39,8ed95ff9-72ee-45af-9b08-4a6746eaf7e7,1702035106786022222
3c8dba83-4d7c-4177-a1e9-5db0ae0bab39,8ed95ff9-72ee-45af-9b08-4a6746eaf7e7,1702035106818266666
3c8dba83-4d7c-4177-a1e9-5db0ae0bab39,8ed95ff9-72ee-45af-9b08-4a6746eaf7e7,1702035106855100000
3c8dba83-4d7c-4177-a1e9-5db0ae0bab39,8ed95ff9-72ee-45af-9b08-4a6746eaf7e7,1702035106887111111
3c8dba83-4d7c-4177-a1e9-5db0ae0bab39,8ed95ff9-72ee-45af-9b08-4a6746eaf7e7,1702035106918755555
3c8dba83-4d7c-4177-a1e9-5db0ae0bab39,8ed95ff9-72ee-45af-9b08-4a6746eaf7e7,1702035106955188888
3c8dba83-4d7c-4177-a1e9-5db0ae0bab39,8ed95ff9-72ee-45af-9b08-4a6746eaf7e7,1702035106988066666
3c8dba83-4d7c-4177-a1e9-5db0ae0bab39,8ed95ff9-72ee-45af-9b08-4a6746eaf7e7,1702035107019233333
3c8dba83-4d7c-4177-a1e9-5db0ae0bab39,8ed95ff9-72ee-45af-9b08-4a6746eaf7e7,1702035107054766666
3c8dba83-4d7c-4177-a1e9-5db0ae0bab39,8ed95ff9-72ee-45af-9b08-4a6746eaf7e7,1702035107089311111
3c8dba83-4d7c-4177-a1e9-5db0ae0bab39,8ed95ff9-72ee-45af-9b08-4a6746eaf7e7,1702035107130288888
3c8dba83-4d7c-4177-a1e9-5db0ae0bab39,8ed95ff9-72ee-45af-9b08-4a6746eaf7e7,1702035107161455555
3c8dba83-4d7c-4177-a1e9-5db0ae0bab39,8ed95ff9-72ee-45af-9b08-4a6746eaf7e7,1702035107198255555
3c8dba83-4d7c-4177-a1e9-5db0ae0bab39,8ed95ff9-72ee-45af-9b08-4a6746eaf7e7,1702035107222266666
3c8dba83-4d7c-4177-a1e9-5db0ae0bab39,8ed95ff9-72ee-45af-9b08-4a6746eaf7e7,1702035107254588888
3c8dba83-4d7c-4177-a1e9-5db0ae0bab39,8ed95ff9-72ee-45af-9b08-4a6746eaf7e7,1702035107287055555
3c8dba83-4d7c-4177-a1e9-5db0ae0bab39,8ed95ff9-72ee-45af-9b08-4a6746eaf7e7,1702035107326166666
3c8dba83-4d7c-4177-a1e9-5db0ae0bab39,8ed95ff9-72ee-45af-9b08-4a6746eaf7e7,1702035107362166666
3c8dba83-4d7c-4177-a1e9-5db0ae0bab39,8ed95ff9-72ee-45af-9b08-4a6746eaf7e7,1702035107394266666
3c8dba83-4d7c-4177-a1e9-5db0ae0bab39,8ed95ff9-72ee-45af-9b08-4a6746eaf7e7,1702035107427566666
3c8dba83-4d7c-4177-a1e9-5db0ae0bab39,8ed95ff9-72ee-45af-9b08-4a6746eaf7e7,1702035107460633333
3c8dba83-4d7c-4177-a1e9-5db0ae0bab39,8ed95ff9-72ee-45af-9b08-4a6746eaf7e7,1702035107491922222
3c8dba83-4d7c-4177-a1e9-5db0ae0bab39,8ed95ff9-72ee-45af-9b08-4a6746eaf7e7,1702035107522922222
3c8dba83-4d7c-4177-a1e9-5db0ae0bab39,8ed95ff9-72ee-45af-9b08-4a6746eaf7e7,1702035107559133333
3c8dba83-4d7c-4177-a1e9-5db0ae0bab39,8ed95ff9-72ee-45af-9b08-4a6746eaf7e7,1702035107586822222
3c8dba83-4d7c-4177-a1e9-5db0ae0bab39,8ed95ff9-72ee-45af-9b08-4a6746eaf7e7,1702035107619011111
3c8dba83-4d7c-4177-a1e9-5db0ae0bab39,8ed95ff9-72ee-45af-9b08-4a6746eaf7e7,1702035107659555555
3c8dba83-4d7c-4177-a1e9-5db0ae0bab39,8ed95ff9-72ee-45af-9b08-4a6746eaf7e7,1702035107698511111
3c8dba83-4d7c-4177-a1e9-5db0ae0bab39,8ed95ff9-72ee-45af-9b08-4a6746eaf7e7,1702035107727400000
3c8dba83-4d7c-4177-a1e9-5db0ae0bab39,8ed95ff9-72ee-45af-9b08-4a6746eaf7e7,1702035107759066666
3c8dba83-4d7c-4177-a1e9-5db0ae0bab39,8ed95ff9-72ee-45af-9b08-4a6746eaf7e7,1702035107790122222
3c8dba83-4d7c-4177-a1e9-5db0ae0bab39,8ed95ff9-72ee-45af-9b08-4a6746eaf7e7,1702035107819266666
3c8dba83-4d7c-4177-a1e9-5db0ae0bab39,8ed95ff9-72ee-45af-9b08-4a6746eaf7e7,1702035107854766666
3c8dba83-4d7c-4177-a1e9-5db0ae0bab39,8ed95ff9-72ee-45af-9b08-4a6746eaf7e7,1702035107899444444
3c8dba83-4d7c-4177-a1e9-5db0ae0bab39,8ed95ff9-72ee-45af-9b08-4a6746eaf7e7,1702035107929888888
3c8dba83-4d7c-4177-a1e9-5db0ae0bab39,8ed95ff9-72ee-45af-9b08-4a6746eaf7e7,1702035107966611111
3c8dba83-4d7c-4177-a1e9-5db0ae0bab39,8ed95ff9-72ee-45af-9b08-4a6746eaf7e7,1702035107991011111
3c8dba83-4d7c-4177-a1e9-5db0ae0bab39,8ed95ff9-72ee-45af-9b08-4a6746eaf7e7,1702035108029433333
3c8dba83-4d7c-4177-a1e9-5db0ae0bab39,8ed95ff9-72ee-45af-9b08-4a6746eaf7e7,1702035108062577777
3c8dba83-4d7c-4177-a1e9-5db0ae0bab39,8ed95ff9-72ee-45af-9b08-4a6746eaf7e7,1702035108097011111
3c8dba83-4d7c-4177-a1e9-5db0ae0bab39,8ed95ff9-72ee-45af-9b08-4a6746eaf7e7,1702035108132844444
3c8dba83-4d7c-4177-a1e9-5db0ae0bab39,8ed95ff9-72ee-45af-9b08-4a6746eaf7e7,1702035108156911111
3c8dba83-4d7c-4177-a1e9-5db0ae0bab39,8ed95ff9-72ee-45af-9b08-4a6746eaf7e7,1702035108186588888
3c8dba83-4d7c-4177-a1e9-5db0ae0bab39,8ed95ff9-72ee-45af-9b08-4a6746eaf7e7,1702035108218033333
3c8dba83-4d7c-4177-a1e9-5db0ae0bab39,8ed95ff9-72ee-45af-9b08-4a6746eaf7e7,1702035108263200000
3c8dba83-4d7c-4177-a1e9-5db0ae0bab39,8ed95ff9-72ee-45af-9b08-4a6746eaf7e7,1702035108296266666
3c8dba83-4d7c-4177-a1e9-5db0ae0bab39,8ed95ff9-72ee-45af-9b08-4a6746eaf7e7,1702035108328733333
3c8dba83-4d7c-4177-a1e9-5db0ae0bab39,8ed95ff9-72ee-45af-9b08-4a6746eaf7e7,1702035108359977777
3c8dba83-4d7c-4177-a1e9-5db0ae0bab39,8ed95ff9-72ee-45af-9b08-4a6746eaf7e7,1702035108386155555
3c8dba83-4d7c-4177-a1e9-5db0ae0bab39,8ed95ff9-72ee-45af-9b08-4a6746eaf7e7,1702035108419300000
3c8dba83-4d7c-4177-a1e9-5db0ae0bab39,8ed95ff9-72ee-45af-9b08-4a6746eaf7e7,1702035108456599999
3c8dba83-4d7c-4177-a1e9-5db0ae0bab39,8ed95ff9-72ee-45af-9b08-4a6746eaf7e7,1702035108493477777
3c8dba83-4d7c-4177-a1e9-5db0ae0bab39,8ed95ff9-72ee-45af-9b08-4a6746eaf7e7,1702035108527933333
3c8dba83-4d7c-4177-a1e9-5db0ae0bab39,8ed95ff9-72ee-45af-9b08-4a6746eaf7e7,1702035108560077777
3c8dba83-4d7c-4177-a1e9-5db0ae0bab39,8ed95ff9-72ee-45af-9b08-4a6746eaf7e7,1702035108596877777
3c8dba83-4d7c-4177-a1e9-5db0ae0bab39,8ed95ff9-72ee-45af-9b08-4a6746eaf7e7,1702035108627299999
3c8dba83-4d7c-4177-a1e9-5db0ae0bab39,8ed95ff9-72ee-45af-9b08-4a6746eaf7e7,1702035108660588888
3c8dba83-4d7c-4177-a1e9-5db0ae0bab39,8ed95ff9-72ee-45af-9b08-4a6746eaf7e7,1702035108697755555
3c8dba83-4d7c-4177-a1e9-5db0ae0bab39,8ed95ff9-72ee-45af-9b08-4a6746eaf7e7,1702035108720911111
3c8dba83-4d7c-4177-a1e9-5db0ae0bab39,8ed95ff9-72ee-45af-9b08-4a6746eaf7e7,1702035108754322222
3c8dba83-4d7c-4177-a1e9-5db0ae0bab39,8ed95ff9-72ee-45af-9b08-4a6746eaf7e7,1702035108786911111
3c8dba83-4d7c-4177-a1e9-5db0ae0bab39,8ed95ff9-72ee-45af-9b08-4a6746eaf7e7,1702035108821222222
3c8dba83-4d7c-4177-a1e9-5db0ae0bab39,8ed95ff9-72ee-45af-9b08-4a6746eaf7e7,1702035108864566666
3c8dba83-4d7c-4177-a1e9-5db0ae0bab39,8ed95ff9-72ee-45af-9b08-4a6746eaf7e7,1702035108894744444
3c8dba83-4d7c-4177-a1e9-5db0ae0bab39,8ed95ff9-72ee-45af-9b08-4a6746eaf7e7,1702035108925944444
3c8dba83-4d7c-4177-a1e9-5db0ae0bab39,8ed95ff9-72ee-45af-9b08-4a6746eaf7e7,1702035108954022222
3c8dba83-4d7c-4177-a1e9-5db0ae0bab39,8ed95ff9-72ee-45af-9b08-4a6746eaf7e7,1702035108986711111
3c8dba83-4d7c-4177-a1e9-5db0ae0bab39,8ed95ff9-72ee-45af-9b08-4a6746eaf7e7,1702035109018111111
3c8dba83-4d7c-4177-a1e9-5db0ae0bab39,8ed95ff9-72ee-45af-9b08-4a6746eaf7e7,1702035109060911111
3c8dba83-4d7c-4177-a1e9-5db0ae0bab39,8ed95ff9-72ee-45af-9b08-4a6746eaf7e7,1702035109096811111
3c8dba83-4d7c-4177-a1e9-5db0ae0bab39,8ed95ff9-72ee-45af-9b08-4a6746eaf7e7,1702035109121011111
3c8dba83-4d7c-4177-a1e9-5db0ae0bab39,8ed95ff9-72ee-45af-9b08-4a6746eaf7e7,1702035109160044444
3c8dba83-4d7c-4177-a1e9-5db0ae0bab39,8ed95ff9-72ee-45af-9b08-4a6746eaf7e7,1702035109196944444
3c8dba83-4d7c-4177-a1e9-5db0ae0bab39,8ed95ff9-72ee-45af-9b08-4a6746eaf7e7,1702035109224633333
3c8dba83-4d7c-4177-a1e9-5db0ae0bab39,8ed95ff9-72ee-45af-9b08-4a6746eaf7e7,1702035109260466666
3c8dba83-4d7c-4177-a1e9-5db0ae0bab39,8ed95ff9-72ee-45af-9b08-4a6746eaf7e7,1702035109296188888
3c8dba83-4d7c-4177-a1e9-5db0ae0bab39,8ed95ff9-72ee-45af-9b08-4a6746eaf7e7,1702035109321744444
3c8dba83-4d7c-4177-a1e9-5db0ae0bab39,8ed95ff9-72ee-45af-9b08-4a6746eaf7e7,1702035109350577777
3c8dba83-4d7c-4177-a1e9-5db0ae0bab39,8ed95ff9-72ee-45af-9b08-4a6746eaf7e7,1702035109386311111
3c8dba83-4d7c-4177-a1e9-5db0ae0bab39,8ed95ff9-72ee-45af-9b08-4a6746eaf7e7,1702035109425400000
3c8dba83-4d7c-4177-a1e9-5db0ae0bab39,8ed95ff9-72ee-45af-9b08-4a6746eaf7e7,1702035109458033333
3c8dba83-4d7c-4177-a1e9-5db0ae0bab39,8ed95ff9-72ee-45af-9b08-4a6746eaf7e7,1702035109502233333
3c8dba83-4d7c-4177-a1e9-5db0ae0bab39,8ed95ff9-72ee-45af-9b08-4a6746eaf7e7,1702035109526088888
3c8dba83-4d7c-4177-a1e9-5db0ae0bab39,8ed95ff9-72ee-45af-9b08-4a6746eaf7e7,1702035109550944444
3c8dba83-4d7c-4177-a1e9-5db0ae0bab39,8ed95ff9-72ee-45af-9b08-4a6746eaf7e7,1702035109589833333
3c8dba83-4d7c-4177-a1e9-5db0ae0bab39,8ed95ff9-72ee-45af-9b08-4a6746eaf7e7,1702035109622488888
3c8dba83-4d7c-4177-a1e9-5db0ae0bab39,8ed95ff9-72ee-45af-9b08-4a6746eaf7e7,1702035109659888888
3c8dba83-4d7c-4177-a1e9-5db0ae0bab39,8ed95ff9-72ee-45af-9b08-4a6746eaf7e7,1702035109697111111
3c8dba83-4d7c-4177-a1e9-5db0ae0bab39,8ed95ff9-72ee-45af-9b08-4a6746eaf7e7,1702035109729988888
3c8dba83-4d7c-4177-a1e9-5db0ae0bab39,8ed95ff9-72ee-45af-9b08-4a6746eaf7e7,1702035109756455555
3c8dba83-4d7c-4177-a1e9-5db0ae0bab39,8ed95ff9-72ee-45af-9b08-4a6746eaf7e7,1702035109793844444
3c8dba83-4d7c-4177-a1e9-5db0ae0bab39,8ed95ff9-72ee-45af-9b08-4a6746eaf7e7,1702035109827677777
3c8dba83-4d7c-4177-a1e9-5db0ae0bab39,8ed95ff9-72ee-45af-9b08-4a6746eaf7e7,1702035109860044444
3c8dba83-4d7c-4177-a1e9-5db0ae0bab39,8ed95ff9-72ee-45af-9b08-4a6746eaf7e7,1702035109891477777
3c8dba83-4d7c-4177-a1e9-5db0ae0bab39,8ed95ff9-72ee-45af-9b08-4a6746eaf7e7,1702035109917955555
3c8dba83-4d7c-4177-a1e9-5db0ae0bab39,8ed95ff9-72ee-45af-9b08-4a6746eaf7e7,1702035109951366666
3c8dba83-4d7c-4177-a1e9-5db0ae0bab39,8ed95ff9-72ee-45af-9b08-4a6746eaf7e7,1702035109996388888
3c8dba83-4d7c-4177-a1e9-5db0ae0bab39,8ed95ff9-72ee-45af-9b08-4a6746eaf7e7,1702035110025500000
3c8dba83-4d7c-4177-a1e9-5db0ae0bab39,8ed95ff9-72ee-45af-9b08-4a6746eaf7e7,1702035110061044444
3c8dba83-4d7c-4177-a1e9-5db0ae0bab39,8ed95ff9-72ee-45af-9b08-4a6746eaf7e7,1702035110092655555
3c8dba83-4d7c-4177-a1e9-5db0ae0bab39,8ed95ff9-72ee-45af-9b08-4a6746eaf7e7,1702035110118422222
3c8dba83-4d7c-4177-a1e9-5db0ae0bab39,8ed95ff9-72ee-45af-9b08-4a6746eaf7e7,1702035110150600000
3c8dba83-4d7c-4177-a1e9-5db0ae0bab39,8ed95ff9-72ee-45af-9b08-4a6746eaf7e7,1702035110192811111
3c8dba83-4d7c-4177-a1e9-5db0ae0bab39,8ed95ff9-72ee-45af-9b08-4a6746eaf7e7,1702035110227711111
3c8dba83-4d7c-4177-a1e9-5db0ae0bab39,8ed95ff9-72ee-45af-9b08-4a6746eaf7e7,1702035110258644444
3c8dba83-4d7c-4177-a1e9-5db0ae0bab39,8ed95ff9-72ee-45af-9b08-4a6746eaf7e7,1702035110291677777
3c8dba83-4d7c-4177-a1e9-5db0ae0bab39,8ed95ff9-72ee-45af-9b08-4a6746eaf7e7,1702035110321200000
3c8dba83-4d7c-4177-a1e9-5db0ae0bab39,8ed95ff9-72ee-45af-9b08-4a6746eaf7e7,1702035110361488888
3c8dba83-4d7c-4177-a1e9-5db0ae0bab39,8ed95ff9-72ee-45af-9b08-4a6746eaf7e7,1702035110392800000
3c8dba83-4d7c-4177-a1e9-5db0ae0bab39,8ed95ff9-72ee-45af-9b08-4a6746eaf7e7,1702035110426366666
3c8dba83-4d7c-4177-a1e9-5db0ae0bab39,8ed95ff9-72ee-45af-9b08-4a6746eaf7e7,1702035110456088888
3c8dba83-4d7c-4177-a1e9-5db0ae0bab39,8ed95ff9-72ee-45af-9b08-4a6746eaf7e7,1702035110486155555
3c8dba83-4d7c-4177-a1e9-5db0ae0bab39,8ed95ff9-72ee-45af-9b08-4a6746eaf7e7,1702035110519700000
3c8dba83-4d7c-4177-a1e9-5db0ae0bab39,8ed95ff9-72ee-45af-9b08-4a6746eaf7e7,1702035110556266666
3c8dba83-4d7c-4177-a1e9-5db0ae0bab39,8ed95ff9-72ee-45af-9b08-4a6746eaf7e7,1702035110592488888
3c8dba83-4d7c-4177-a1e9-5db0ae0bab39,8ed95ff9-72ee-45af-9b08-4a6746eaf7e7,1702035110625955555
3c8dba83-4d7c-4177-a1e9-5db0ae0bab39,8ed95ff9-72ee-45af-9b08-4a6746eaf7e7,1702035110658255555
3c8dba83-4d7c-4177-a1e9-5db0ae0bab39,8ed95ff9-72ee-45af-9b08-4a6746eaf7e7,1702035110686466666
3c8dba83-4d7c-4177-a1e9-5db0ae0bab39,8ed95ff9-72ee-45af-9b08-4a6746eaf7e7,1702035110718666666
3c8dba83-4d7c-4177-a1e9-5db0ae0bab39,8ed95ff9-72ee-45af-9b08-4a6746eaf7e7,1702035110752000000
3c8dba83-4d7c-4177-a1e9-5db0ae0bab39,8ed95ff9-72ee-45af-9b08-4a6746eaf7e7,1702035110794533333
3c8dba83-4d7c-4177-a1e9-5db0ae0bab39,8ed95ff9-72ee-45af-9b08-4a6746eaf7e7,1702035110827777777
3c8dba83-4d7c-4177-a1e9-5db0ae0bab39,8ed95ff9-72ee-45af-9b08-4a6746eaf7e7,1702035110856600000
3c8dba83-4d7c-4177-a1e9-5db0ae0bab39,8ed95ff9-72ee-45af-9b08-4a6746eaf7e7,1702035110897344444
3c8dba83-4d7c-4177-a1e9-5db0ae0bab39,8ed95ff9-72ee-45af-9b08-4a6746eaf7e7,1702035110925000000
3c8dba83-4d7c-4177-a1e9-5db0ae0bab39,8ed95ff9-72ee-45af-9b08-4a6746eaf7e7,1702035110956888888
3c8dba83-4d7c-4177-a1e9-5db0ae0bab39,8ed95ff9-72ee-45af-9b08-4a6746eaf7e7,1702035110996933333
3c8dba83-4d7c-4177-a1e9-5db0ae0bab39,8ed95ff9-72ee-45af-9b08-4a6746eaf7e7,1702035111030122222
3c8dba83-4d7c-4177-a1e9-5db0ae0bab39,8ed95ff9-72ee-45af-9b08-4a6746eaf7e7,1702035111050977777
3c8dba83-4d7c-4177-a1e9-5db0ae0bab39,8ed95ff9-72ee-45af-9b08-4a6746eaf7e7,1702035111086222222
3c8dba83-4d7c-4177-a1e9-5db0ae0bab39,8ed95ff9-72ee-45af-9b08-4a6746eaf7e7,1702035111120388888
3c8dba83-4d7c-4177-a1e9-5db0ae0bab39,8ed95ff9-72ee-45af-9b08-4a6746eaf7e7,1702035111156533333
3c8dba83-4d7c-4177-a1e9-5db0ae0bab39,8ed95ff9-72ee-45af-9b08-4a6746eaf7e7,1702035111196133333
3c8dba83-4d7c-4177-a1e9-5db0ae0bab39,8ed95ff9-72ee-45af-9b08-4a6746eaf7e7,1702035111239222222
3c8dba83-4d7c-4177-a1e9-5db0ae0bab39,8ed95ff9-72ee-45af-9b08-4a6746eaf7e7,1702035111253611111
3c8dba83-4d7c-4177-a1e9-5db0ae0bab39,8ed95ff9-72ee-45af-9b08-4a6746eaf7e7,1702035111286433333
3c8dba83-4d7c-4177-a1e9-5db0ae0bab39,8ed95ff9-72ee-45af-9b08-4a6746eaf7e7,1702035111318366666
3c8dba83-4d7c-4177-a1e9-5db0ae0bab39,8ed95ff9-72ee-45af-9b08-4a6746eaf7e7,1702035111357566666
3c8dba83-4d7c-4177-a1e9-5db0ae0bab39,8ed95ff9-72ee-45af-9b08-4a6746eaf7e7,1702035111398277777
3c8dba83-4d7c-4177-a1e9-5db0ae0bab39,8ed95ff9-72ee-45af-9b08-4a6746eaf7e7,1702035111425066666
3c8dba83-4d7c-4177-a1e9-5db0ae0bab39,8ed95ff9-72ee-45af-9b08-4a6746eaf7e7,1702035111457855555
3c8dba83-4d7c-4177-a1e9-5db0ae0bab39,8ed95ff9-72ee-45af-9b08-4a6746eaf7e7,1702035111500411111
3c8dba83-4d7c-4177-a1e9-5db0ae0bab39,8ed95ff9-72ee-45af-9b08-4a6746eaf7e7,1702035111525688888
3c8dba83-4d7c-4177-a1e9-5db0ae0bab39,8ed95ff9-72ee-45af-9b08-4a6746eaf7e7,1702035111560088888
3c8dba83-4d7c-4177-a1e9-5db0ae0bab39,8ed95ff9-72ee-45af-9b08-4a6746eaf7e7,1702035111594044444
3c8dba83-4d7c-4177-a1e9-5db0ae0bab39,8ed95ff9-72ee-45af-9b08-4a6746eaf7e7,1702035111620855555
3c8dba83-4d7c-4177-a1e9-5db0ae0bab39,8ed95ff9-72ee-45af-9b08-4a6746eaf7e7,1702035111650144444
3c8dba83-4d7c-4177-a1e9-5db0ae0bab39,8ed95ff9-72ee-45af-9b08-4a6746eaf7e7,1702035111686333333
3c8dba83-4d7c-4177-a1e9-5db0ae0bab39,8ed95ff9-72ee-45af-9b08-4a6746eaf7e7,1702035111723977777
3c8dba83-4d7c-4177-a1e9-5db0ae0bab39,8ed95ff9-72ee-45af-9b08-4a6746eaf7e7,1702035111757777777
3c8dba83-4d7c-4177-a1e9-5db0ae0bab39,8ed95ff9-72ee-45af-9b08-4a6746eaf7e7,1702035111793233333
3c8dba83-4d7c-4177-a1e9-5db0ae0bab39,8ed95ff9-72ee-45af-9b08-4a6746eaf7e7,1702035111820555555
3c8dba83-4d7c-4177-a1e9-5db0ae0bab39,8ed95ff9-72ee-45af-9b08-4a6746eaf7e7,1702035111851222222
3c8dba83-4d7c-4177-a1e9-5db0ae0bab39,8ed95ff9-72ee-45af-9b08-4a6746eaf7e7,1702035111886244444
3c8dba83-4d7c-4177-a1e9-5db0ae0bab39,8ed95ff9-72ee-45af-9b08-4a6746eaf7e7,1702035111925011111
3c8dba83-4d7c-4177-a1e9-5db0ae0bab39,8ed95ff9-72ee-45af-9b08-4a6746eaf7e7,1702035111960411111
3c8dba83-4d7c-4177-a1e9-5db0ae0bab39,8ed95ff9-72ee-45af-9b08-4a6746eaf7e7,1702035111990377777
3c8dba83-4d7c-4177-a1e9-5db0ae0bab39,8ed95ff9-72ee-45af-9b08-4a6746eaf7e7,1702035112031877777
3c8dba83-4d7c-4177-a1e9-5db0ae0bab39,8ed95ff9-72ee-45af-9b08-4a6746eaf7e7,1702035112056755555
3c8dba83-4d7c-4177-a1e9-5db0ae0bab39,8ed95ff9-72ee-45af-9b08-4a6746eaf7e7,1702035112091188888
3c8dba83-4d7c-4177-a1e9-5db0ae0bab39,8ed95ff9-72ee-45af-9b08-4a6746eaf7e7,1702035112123411111
3c8dba83-4d7c-4177-a1e9-5db0ae0bab39,8ed95ff9-72ee-45af-9b08-4a6746eaf7e7,1702035112156811111
3c8dba83-4d7c-4177-a1e9-5db0ae0bab39,8ed95ff9-72ee-45af-9b08-4a6746eaf7e7,1702035112184233333
3c8dba83-4d7c-4177-a1e9-5db0ae0bab39,8ed95ff9-72ee-45af-9b08-4a6746eaf7e7,1702035112218744444
3c8dba83-4d7c-4177-a1e9-5db0ae0bab39,8ed95ff9-72ee-45af-9b08-4a6746eaf7e7,1702035112251044444
3c8dba83-4d7c-4177-a1e9-5db0ae0bab39,8ed95ff9-72ee-45af-9b08-4a6746eaf7e7,1702035112290100000
3c8dba83-4d7c-4177-a1e9-5db0ae0bab39,8ed95ff9-72ee-45af-9b08-4a6746eaf7e7,1702035112326566666
3c8dba83-4d7c-4177-a1e9-5db0ae0bab39,8ed95ff9-72ee-45af-9b08-4a6746eaf7e7,1702035112368111111
3c8dba83-4d7c-4177-a1e9-5db0ae0bab39,8ed95ff9-72ee-45af-9b08-4a6746eaf7e7,1702035112386200000
3c8dba83-4d7c-4177-a1e9-5db0ae0bab39,8ed95ff9-72ee-45af-9b08-4a6746eaf7e7,1702035112418433333
3c8dba83-4d7c-4177-a1e9-5db0ae0bab39,8ed95ff9-72ee-45af-9b08-4a6746eaf7e7,1702035112451688888
3c8dba83-4d7c-4177-a1e9-5db0ae0bab39,8ed95ff9-72ee-45af-9b08-4a6746eaf7e7,1702035112485877777
3c8dba83-4d7c-4177-a1e9-5db0ae0bab39,8ed95ff9-72ee-45af-9b08-4a6746eaf7e7,1702035112526966666
3c8dba83-4d7c-4177-a1e9-5db0ae0bab39,8ed95ff9-72ee-45af-9b08-4a6746eaf7e7,1702035112554733333
3c8dba83-4d7c-4177-a1e9-5db0ae0bab39,8ed95ff9-72ee-45af-9b08-4a6746eaf7e7,1702035112592088888
3c8dba83-4d7c-4177-a1e9-5db0ae0bab39,8ed95ff9-72ee-45af-9b08-4a6746eaf7e7,1702035112623211111
3c8dba83-4d7c-4177-a1e9-5db0ae0bab39,8ed95ff9-72ee-45af-9b08-4a6746eaf7e7,1702035112661711111
3c8dba83-4d7c-4177-a1e9-5db0ae0bab39,8ed95ff9-72ee-45af-9b08-4a6746eaf7e7,1702035112690111111
3c8dba83-4d7c-4177-a1e9-5db0ae0bab39,8ed95ff9-72ee-45af-9b08-4a6746eaf7e7,1702035112727822222
3c8dba83-4d7c-4177-a1e9-5db0ae0bab39,8ed95ff9-72ee-45af-9b08-4a6746eaf7e7,1702035112761222222
3c8dba83-4d7c-4177-a1e9-5db0ae0bab39,8ed95ff9-72ee-45af-9b08-4a6746eaf7e7,1702035112785288888
3c8dba83-4d7c-4177-a1e9-5db0ae0bab39,8ed95ff9-72ee-45af-9b08-4a6746eaf7e7,1702035112818388888
3c8dba83-4d7c-4177-a1e9-5db0ae0bab39,8ed95ff9-72ee-45af-9b08-4a6746eaf7e7,1702035112851588888
3c8dba83-4d7c-4177-a1e9-5db0ae0bab39,8ed95ff9-72ee-45af-9b08-4a6746eaf7e7,1702035112890433333
3c8dba83-4d7c-4177-a1e9-5db0ae0bab39,8ed95ff9-72ee-45af-9b08-4a6746eaf7e7,1702035112927044444
3c8dba83-4d7c-4177-a1e9-5db0ae0bab39,8ed95ff9-72ee-45af-9b08-4a6746eaf7e7,1702035112962644444
3c8dba83-4d7c-4177-a1e9-5db0ae0bab39,8ed95ff9-72ee-45af-9b08-4a6746eaf7e7,1702035112982877777
3c8dba83-4d7c-4177-a1e9-5db0ae0bab39,8ed95ff9-72ee-45af-9b08-4a6746eaf7e7,1702035113018600000
3c8dba83-4d7c-4177-a1e9-5db0ae0bab39,8ed95ff9-72ee-45af-9b08-4a6746eaf7e7,1702035113050777777
3c8dba83-4d7c-4177-a1e9-5db0ae0bab39,8ed95ff9-72ee-45af-9b08-4a6746eaf7e7,1702035113085900000
3c8dba83-4d7c-4177-a1e9-5db0ae0bab39,8ed95ff9-72ee-45af-9b08-4a6746eaf7e7,1702035113130622222
3c8dba83-4d7c-4177-a1e9-5db0ae0bab39,8ed95ff9-72ee-45af-9b08-4a6746eaf7e7,1702035113160577777
3c8dba83-4d7c-4177-a1e9-5db0ae0bab39,8ed95ff9-72ee-45af-9b08-4a6746eaf7e7,1702035113186577777
3c8dba83-4d7c-4177-a1e9-5db0ae0bab39,8ed95ff9-72ee-45af-9b08-4a6746eaf7e7,1702035113222188888
3c8dba83-4d7c-4177-a1e9-5db0ae0bab39,8ed95ff9-72ee-45af-9b08-4a6746eaf7e7,1702035113253422222
3c8dba83-4d7c-4177-a1e9-5db0ae0bab39,8ed95ff9-72ee-45af-9b08-4a6746eaf7e7,1702035113286611111
3c8dba83-4d7c-4177-a1e9-5db0ae0bab39,8ed95ff9-72ee-45af-9b08-4a6746eaf7e7,1702035113321655555
3c8dba83-4d7c-4177-a1e9-5db0ae0bab39,8ed95ff9-72ee-45af-9b08-4a6746eaf7e7,1702035113352244444
3c8dba83-4d7c-4177-a1e9-5db0ae0bab39,8ed95ff9-72ee-45af-9b08-4a6746eaf7e7,1702035113382266666
3c8dba83-4d7c-4177-a1e9-5db0ae0bab39,8ed95ff9-72ee-45af-9b08-4a6746eaf7e7,1702035113419711111
3c8dba83-4d7c-4177-a1e9-5db0ae0bab39,8ed95ff9-72ee-45af-9b08-4a6746eaf7e7,1702035113457988888
3c8dba83-4d7c-4177-a1e9-5db0ae0bab39,8ed95ff9-72ee-45af-9b08-4a6746eaf7e7,1702035113491600000
3c8dba83-4d7c-4177-a1e9-5db0ae0bab39,8ed95ff9-72ee-45af-9b08-4a6746eaf7e7,1702035113529511111
3c8dba83-4d7c-4177-a1e9-5db0ae0bab39,8ed95ff9-72ee-45af-9b08-4a6746eaf7e7,1702035113552522222
3c8dba83-4d7c-4177-a1e9-5db0ae0bab39,8ed95ff9-72ee-45af-9b08-4a6746eaf7e7,1702035113581988888
3c8dba83-4d7c-4177-a1e9-5db0ae0bab39,8ed95ff9-72ee-45af-9b08-4a6746eaf7e7,1702035113618422222
3c8dba83-4d7c-4177-a1e9-5db0ae0bab39,8ed95ff9-72ee-45af-9b08-4a6746eaf7e7,1702035113658044444
3c8dba83-4d7c-4177-a1e9-5db0ae0bab39,8ed95ff9-72ee-45af-9b08-4a6746eaf7e7,1702035113687177777
3c8dba83-4d7c-4177-a1e9-5db0ae0bab39,8ed95ff9-72ee-45af-9b08-4a6746eaf7e7,1702035113728055555
3c8dba83-4d7c-4177-a1e9-5db0ae0bab39,8ed95ff9-72ee-45af-9b08-4a6746eaf7e7,1702035113756733333
3c8dba83-4d7c-4177-a1e9-5db0ae0bab39,8ed95ff9-72ee-45af-9b08-4a6746eaf7e7,1702035113787188888
3c8dba83-4d7c-4177-a1e9-5db0ae0bab39,8ed95ff9-72ee-45af-9b08-4a6746eaf7e7,1702035113824600000
3c8dba83-4d7c-4177-a1e9-5db0ae0bab39,8ed95ff9-72ee-45af-9b08-4a6746eaf7e7,1702035113858755555
3c8dba83-4d7c-4177-a1e9-5db0ae0bab39,8ed95ff9-72ee-45af-9b08-4a6746eaf7e7,1702035113885655555
3c8dba83-4d7c-4177-a1e9-5db0ae0bab39,8ed95ff9-72ee-45af-9b08-4a6746eaf7e7,1702035113918388888
3c8dba83-4d7c-4177-a1e9-5db0ae0bab39,8ed95ff9-72ee-45af-9b08-4a6746eaf7e7,1702035113950800000
3c8dba83-4d7c-4177-a1e9-5db0ae0bab39,8ed95ff9-72ee-45af-9b08-4a6746eaf7e7,1702035113982000000
3c8dba83-4d7c-4177-a1e9-5db0ae0bab39,8ed95ff9-72ee-45af-9b08-4a6746eaf7e7,1702035114026877777
3c8dba83-4d7c-4177-a1e9-5db0ae0bab39,8ed95ff9-72ee-45af-9b08-4a6746eaf7e7,1702035114055622222
3c8dba83-4d7c-4177-a1e9-5db0ae0bab39,8ed95ff9-72ee-45af-9b08-4a6746eaf7e7,1702035114090011111
3c8dba83-4d7c-4177-a1e9-5db0ae0bab39,8ed95ff9-72ee-45af-9b08-4a6746eaf7e7,1702035114125388888
3c8dba83-4d7c-4177-a1e9-5db0ae0bab39,8ed95ff9-72ee-45af-9b08-4a6746eaf7e7,1702035114150666666
3c8dba83-4d7c-4177-a1e9-5db0ae0bab39,8ed95ff9-72ee-45af-9b08-4a6746eaf7e7,1702035114182733333
3c8dba83-4d7c-4177-a1e9-5db0ae0bab39,8ed95ff9-72ee-45af-9b08-4a6746eaf7e7,1702035114224044444
3c8dba83-4d7c-4177-a1e9-5db0ae0bab39,8ed95ff9-72ee-45af-9b08-4a6746eaf7e7,1702035114256455555
3c8dba83-4d7c-4177-a1e9-5db0ae0bab39,8ed95ff9-72ee-45af-9b08-4a6746eaf7e7,1702035114290855555
3c8dba83-4d7c-4177-a1e9-5db0ae0bab39,8ed95ff9-72ee-45af-9b08-4a6746eaf7e7,1702035114327244444
3c8dba83-4d7c-4177-a1e9-5db0ae0bab39,8ed95ff9-72ee-45af-9b08-4a6746eaf7e7,1702035114357366666
3c8dba83-4d7c-4177-a1e9-5db0ae0bab39,8ed95ff9-72ee-45af-9b08-4a6746eaf7e7,1702035114389900000
3c8dba83-4d7c-4177-a1e9-5db0ae0bab39,8ed95ff9-72ee-45af-9b08-4a6746eaf7e7,1702035114423166666
3c8dba83-4d7c-4177-a1e9-5db0ae0bab39,8ed95ff9-72ee-45af-9b08-4a6746eaf7e7,1702035114456722222
3c8dba83-4d7c-4177-a1e9-5db0ae0bab39,8ed95ff9-72ee-45af-9b08-4a6746eaf7e7,1702035114489788888
3c8dba83-4d7c-4177-a1e9-5db0ae0bab39,8ed95ff9-72ee-45af-9b08-4a6746eaf7e7,1702035114518811111
3c8dba83-4d7c-4177-a1e9-5db0ae0bab39,8ed95ff9-72ee-45af-9b08-4a6746eaf7e7,1702035114550700000
3c8dba83-4d7c-4177-a1e9-5db0ae0bab39,8ed95ff9-72ee-45af-9b08-4a6746eaf7e7,1702035114588444444
3c8dba83-4d7c-4177-a1e9-5db0ae0bab39,8ed95ff9-72ee-45af-9b08-4a6746eaf7e7,1702035114624966666
3c8dba83-4d7c-4177-a1e9-5db0ae0bab39,8ed95ff9-72ee-45af-9b08-4a6746eaf7e7,1702035114661277777
3c8dba83-4d7c-4177-a1e9-5db0ae0bab39,8ed95ff9-72ee-45af-9b08-4a6746eaf7e7,1702035114692500000
3c8dba83-4d7c-4177-a1e9-5db0ae0bab39,8ed95ff9-72ee-45af-9b08-4a6746eaf7e7,1702035114718400000
3c8dba83-4d7c-4177-a1e9-5db0ae0bab39,8ed95ff9-72ee-45af-9b08-4a6746eaf7e7,1702035114750777777
3c8dba83-4d7c-4177-a1e9-5db0ae0bab39,8ed95ff9-72ee-45af-9b08-4a6746eaf7e7,1702035114782222222
3c8dba83-4d7c-4177-a1e9-5db0ae0bab39,8ed95ff9-72ee-45af-9b08-4a6746eaf7e7,1702035114826811111
3c8dba83-4d7c-4177-a1e9-5db0ae0bab39,8ed95ff9-72ee-45af-9b08-4a6746eaf7e7,1702035114856444444
3c8dba83-4d7c-4177-a1e9-5db0ae0bab39,8ed95ff9-72ee-45af-9b08-4a6746eaf7e7,1702035114903411111
3c8dba83-4d7c-4177-a1e9-5db0ae0bab39,8ed95ff9-72ee-45af-9b08-4a6746eaf7e7,1702035114921933333
3c8dba83-4d7c-4177-a1e9-5db0ae0bab39,8ed95ff9-72ee-45af-9b08-4a6746eaf7e7,1702035114953122222
3c8dba83-4d7c-4177-a1e9-5db0ae0bab39,8ed95ff9-72ee-45af-9b08-4a6746eaf7e7,1702035114985411111
3c8dba83-4d7c-4177-a1e9-5db0ae0bab39,8ed95ff9-72ee-45af-9b08-4a6746eaf7e7,1702035115025066666
3c8dba83-4d7c-4177-a1e9-5db0ae0bab39,8ed95ff9-72ee-45af-9b08-4a6746eaf7e7,1702035115057522222
3c8dba83-4d7c-4177-a1e9-5db0ae0bab39,8ed95ff9-72ee-45af-9b08-4a6746eaf7e7,1702035115084833333
3c8dba83-4d7c-4177-a1e9-5db0ae0bab39,8ed95ff9-72ee-45af-9b08-4a6746eaf7e7,1702035115117933333
3c8dba83-4d7c-4177-a1e9-5db0ae0bab39,8ed95ff9-72ee-45af-9b08-4a6746eaf7e7,1702035115152366666
3c8dba83-4d7c-4177-a1e9-5db0ae0bab39,8ed95ff9-72ee-45af-9b08-4a6746eaf7e7,1702035115193766666
3c8dba83-4d7c-4177-a1e9-5db0ae0bab39,8ed95ff9-72ee-45af-9b08-4a6746eaf7e7,1702035115217322222
3c8dba83-4d7c-4177-a1e9-5db0ae0bab39,8ed95ff9-72ee-45af-9b08-4a6746eaf7e7,1702035115261711111
3c8dba83-4d7c-4177-a1e9-5db0ae0bab39,8ed95ff9-72ee-45af-9b08-4a6746eaf7e7,1702035115285844444
3c8dba83-4d7c-4177-a1e9-5db0ae0bab39,8ed95ff9-72ee-45af-9b08-4a6746eaf7e7,1702035115317233333
3c8dba83-4d7c-4177-a1e9-5db0ae0bab39,8ed95ff9-72ee-45af-9b08-4a6746eaf7e7,1702035115350744444
3c8dba83-4d7c-4177-a1e9-5db0ae0bab39,8ed95ff9-72ee-45af-9b08-4a6746eaf7e7,1702035115389566666
3c8dba83-4d7c-4177-a1e9-5db0ae0bab39,8ed95ff9-72ee-45af-9b08-4a6746eaf7e7,1702035115421422222
3c8dba83-4d7c-4177-a1e9-5db0ae0bab39,8ed95ff9-72ee-45af-9b08-4a6746eaf7e7,1702035115456055555
3c8dba83-4d7c-4177-a1e9-5db0ae0bab39,8ed95ff9-72ee-45af-9b08-4a6746eaf7e7,1702035115487488888
3c8dba83-4d7c-4177-a1e9-5db0ae0bab39,8ed95ff9-72ee-45af-9b08-4a6746eaf7e7,1702035115518822222
3c8dba83-4d7c-4177-a1e9-5db0ae0bab39,8ed95ff9-72ee-45af-9b08-4a6746eaf7e7,1702035115556877777
3c8dba83-4d7c-4177-a1e9-5db0ae0bab39,8ed95ff9-72ee-45af-9b08-4a6746eaf7e7,1702035115589611111
3c8dba83-4d7c-4177-a1e9-5db0ae0bab39,8ed95ff9-72ee-45af-9b08-4a6746eaf7e7,1702035115622244444
3c8dba83-4d7c-4177-a1e9-5db0ae0bab39,8ed95ff9-72ee-45af-9b08-4a6746eaf7e7,1702035115651111111
3c8dba83-4d7c-4177-a1e9-5db0ae0bab39,8ed95ff9-72ee-45af-9b08-4a6746eaf7e7,1702035115682566666
3c8dba83-4d7c-4177-a1e9-5db0ae0bab39,8ed95ff9-72ee-45af-9b08-4a6746eaf7e7,1702035115714355555
3c8dba83-4d7c-4177-a1e9-5db0ae0bab39,8ed95ff9-72ee-45af-9b08-4a6746eaf7e7,1702035115756155555
3c8dba83-4d7c-4177-a1e9-5db0ae0bab39,8ed95ff9-72ee-45af-9b08-4a6746eaf7e7,1702035115792911111
3c8dba83-4d7c-4177-a1e9-5db0ae0bab39,8ed95ff9-72ee-45af-9b08-4a6746eaf7e7,1702035115821155555
3c8dba83-4d7c-4177-a1e9-5db0ae0bab39,8ed95ff9-72ee-45af-9b08-4a6746eaf7e7,1702035115853266666
3c8dba83-4d7c-4177-a1e9-5db0ae0bab39,8ed95ff9-72ee-45af-9b08-4a6746eaf7e7,1702035115894000000
3c8dba83-4d7c-4177-a1e9-5db0ae0bab39,8ed95ff9-72ee-45af-9b08-4a6746eaf7e7,1702035115914055555
3c8dba83-4d7c-4177-a1e9-5db0ae0bab39,8ed95ff9-72ee-45af-9b08-4a6746eaf7e7,1702035115960177777
3c8dba83-4d7c-4177-a1e9-5db0ae0bab39,8ed95ff9-72ee-45af-9b08-4a6746eaf7e7,1702035115991544444
3c8dba83-4d7c-4177-a1e9-5db0ae0bab39,8ed95ff9-72ee-45af-9b08-4a6746eaf7e7,1702035116021755555
3c8dba83-4d7c-4177-a1e9-5db0ae0bab39,8ed95ff9-72ee-45af-9b08-4a6746eaf7e7,1702035116060411111
3c8dba83-4d7c-4177-a1e9-5db0ae0bab39,8ed95ff9-72ee-45af-9b08-4a6746eaf7e7,1702035116086400000
3c8dba83-4d7c-4177-a1e9-5db0ae0bab39,8ed95ff9-72ee-45af-9b08-4a6746eaf7e7,1702035116123022222
3c8dba83-4d7c-4177-a1e9-5db0ae0bab39,8ed95ff9-72ee-45af-9b08-4a6746eaf7e7,1702035116157666666
3c8dba83-4d7c-4177-a1e9-5db0ae0bab39,8ed95ff9-72ee-45af-9b08-4a6746eaf7e7,1702035116188088888
3c8dba83-4d7c-4177-a1e9-5db0ae0bab39,8ed95ff9-72ee-45af-9b08-4a6746eaf7e7,1702035116215522222
3c8dba83-4d7c-4177-a1e9-5db0ae0bab39,8ed95ff9-72ee-45af-9b08-4a6746eaf7e7,1702035116251555555
3c8dba83-4d7c-4177-a1e9-5db0ae0bab39,8ed95ff9-72ee-45af-9b08-4a6746eaf7e7,1702035116282511111
3c8dba83-4d7c-4177-a1e9-5db0ae0bab39,8ed95ff9-72ee-45af-9b08-4a6746eaf7e7,1702035116319822222
3c8dba83-4d7c-4177-a1e9-5db0ae0bab39,8ed95ff9-72ee-45af-9b08-4a6746eaf7e7,1702035116360422222
3c8dba83-4d7c-4177-a1e9-5db0ae0bab39,8ed95ff9-72ee-45af-9b08-4a6746eaf7e7,1702035116385677777
3c8dba83-4d7c-4177-a1e9-5db0ae0bab39,8ed95ff9-72ee-45af-9b08-4a6746eaf7e7,1702035116420177777
3c8dba83-4d7c-4177-a1e9-5db0ae0bab39,8ed95ff9-72ee-45af-9b08-4a6746eaf7e7,1702035116451322222
3c8dba83-4d7c-4177-a1e9-5db0ae0bab39,8ed95ff9-72ee-45af-9b08-4a6746eaf7e7,1702035116482644444
3c8dba83-4d7c-4177-a1e9-5db0ae0bab39,8ed95ff9-72ee-45af-9b08-4a6746eaf7e7,1702035116518466666
3c8dba83-4d7c-4177-a1e9-5db0ae0bab39,8ed95ff9-72ee-45af-9b08-4a6746eaf7e7,1702035116557377777
3c8dba83-4d7c-4177-a1e9-5db0ae0bab39,8ed95ff9-72ee-45af-9b08-4a6746eaf7e7,1702035116590366666
3c8dba83-4d7c-4177-a1e9-5db0ae0bab39,8ed95ff9-72ee-45af-9b08-4a6746eaf7e7,1702035116621811111
3c8dba83-4d7c-4177-a1e9-5db0ae0bab39,8ed95ff9-72ee-45af-9b08-4a6746eaf7e7,1702035116657566666
3c8dba83-4d7c-4177-a1e9-5db0ae0bab39,8ed95ff9-72ee-45af-9b08-4a6746eaf7e7,1702035116691311111
3c8dba83-4d7c-4177-a1e9-5db0ae0bab39,8ed95ff9-72ee-45af-9b08-4a6746eaf7e7,1702035116721855555
3c8dba83-4d7c-4177-a1e9-5db0ae0bab39,8ed95ff9-72ee-45af-9b08-4a6746eaf7e7,1702035116756966666
3c8dba83-4d7c-4177-a1e9-5db0ae0bab39,8ed95ff9-72ee-45af-9b08-4a6746eaf7e7,1702035116789355555
3c8dba83-4d7c-4177-a1e9-5db0ae0bab39,8ed95ff9-72ee-45af-9b08-4a6746eaf7e7,1702035116815177777
3c8dba83-4d7c-4177-a1e9-5db0ae0bab39,8ed95ff9-72ee-45af-9b08-4a6746eaf7e7,1702035116850300000
3c8dba83-4d7c-4177-a1e9-5db0ae0bab39,8ed95ff9-72ee-45af-9b08-4a6746eaf7e7,1702035116887133333
3c8dba83-4d7c-4177-a1e9-5db0ae0bab39,8ed95ff9-72ee-45af-9b08-4a6746eaf7e7,1702035116922811111
3c8dba83-4d7c-4177-a1e9-5db0ae0bab39,8ed95ff9-72ee-45af-9b08-4a6746eaf7e7,1702035116959900000
3c8dba83-4d7c-4177-a1e9-5db0ae0bab39,8ed95ff9-72ee-45af-9b08-4a6746eaf7e7,1702035116991400000
3c8dba83-4d7c-4177-a1e9-5db0ae0bab39,8ed95ff9-72ee-45af-9b08-4a6746eaf7e7,1702035117014311111
3c8dba83-4d7c-4177-a1e9-5db0ae0bab39,8ed95ff9-72ee-45af-9b08-4a6746eaf7e7,1702035117050499999
3c8dba83-4d7c-4177-a1e9-5db0ae0bab39,8ed95ff9-72ee-45af-9b08-4a6746eaf7e7,1702035117086222222
3c8dba83-4d7c-4177-a1e9-5db0ae0bab39,8ed95ff9-72ee-45af-9b08-4a6746eaf7e7,1702035117123377777
3c8dba83-4d7c-4177-a1e9-5db0ae0bab39,8ed95ff9-72ee-45af-9b08-4a6746eaf7e7,1702035117159622222
3c8dba83-4d7c-4177-a1e9-5db0ae0bab39,8ed95ff9-72ee-45af-9b08-4a6746eaf7e7,1702035117185100000
3c8dba83-4d7c-4177-a1e9-5db0ae0bab39,8ed95ff9-72ee-45af-9b08-4a6746eaf7e7,1702035117217888888
3c8dba83-4d7c-4177-a1e9-5db0ae0bab39,8ed95ff9-72ee-45af-9b08-4a6746eaf7e7,1702035117258411111
3c8dba83-4d7c-4177-a1e9-5db0ae0bab39,8ed95ff9-72ee-45af-9b08-4a6746eaf7e7,1702035117288366666
3c8dba83-4d7c-4177-a1e9-5db0ae0bab39,8ed95ff9-72ee-45af-9b08-4a6746eaf7e7,1702035117320366666
3c8dba83-4d7c-4177-a1e9-5db0ae0bab39,8ed95ff9-72ee-45af-9b08-4a6746eaf7e7,1702035117359822222
3c8dba83-4d7c-4177-a1e9-5db0ae0bab39,8ed95ff9-72ee-45af-9b08-4a6746eaf7e7,1702035117383011111
3c8dba83-4d7c-4177-a1e9-5db0ae0bab39,8ed95ff9-72ee-45af-9b08-4a6746eaf7e7,1702035117414500000
3c8dba83-4d7c-4177-a1e9-5db0ae0bab39,8ed95ff9-72ee-45af-9b08-4a6746eaf7e7,1702035117450355555
3c8dba83-4d7c-4177-a1e9-5db0ae0bab39,8ed95ff9-72ee-45af-9b08-4a6746eaf7e7,1702035117491900000
3c8dba83-4d7c-4177-a1e9-5db0ae0bab39,8ed95ff9-72ee-45af-9b08-4a6746eaf7e7,1702035117526344444
3c8dba83-4d7c-4177-a1e9-5db0ae0bab39,8ed95ff9-72ee-45af-9b08-4a6746eaf7e7,1702035117564844444
3c8dba83-4d7c-4177-a1e9-5db0ae0bab39,8ed95ff9-72ee-45af-9b08-4a6746eaf7e7,1702035117585266666
3c8dba83-4d7c-4177-a1e9-5db0ae0bab39,8ed95ff9-72ee-45af-9b08-4a6746eaf7e7,1702035117614200000
3c8dba83-4d7c-4177-a1e9-5db0ae0bab39,8ed95ff9-72ee-45af-9b08-4a6746eaf7e7,1702035117650444444
3c8dba83-4d7c-4177-a1e9-5db0ae0bab39,8ed95ff9-72ee-45af-9b08-4a6746eaf7e7,1702035117692777777
3c8dba83-4d7c-4177-a1e9-5db0ae0bab39,8ed95ff9-72ee-45af-9b08-4a6746eaf7e7,1702035117718588888
3c8dba83-4d7c-4177-a1e9-5db0ae0bab39,8ed95ff9-72ee-45af-9b08-4a6746eaf7e7,1702035117760055555
3c8dba83-4d7c-4177-a1e9-5db0ae0bab39,8ed95ff9-72ee-45af-9b08-4a6746eaf7e7,1702035117789677777
3c8dba83-4d7c-4177-a1e9-5db0ae0bab39,8ed95ff9-72ee-45af-9b08-4a6746eaf7e7,1702035117818344444
3c8dba83-4d7c-4177-a1e9-5db0ae0bab39,8ed95ff9-72ee-45af-9b08-4a6746eaf7e7,1702035117857788888
3c8dba83-4d7c-4177-a1e9-5db0ae0bab39,8ed95ff9-72ee-45af-9b08-4a6746eaf7e7,1702035117891433333
3c8dba83-4d7c-4177-a1e9-5db0ae0bab39,8ed95ff9-72ee-45af-9b08-4a6746eaf7e7,1702035117920011111
3c8dba83-4d7c-4177-a1e9-5db0ae0bab39,8ed95ff9-72ee-45af-9b08-4a6746eaf7e7,1702035117968533333
3c8dba83-4d7c-4177-a1e9-5db0ae0bab39,8ed95ff9-72ee-45af-9b08-4a6746eaf7e7,1702035117982055555
3c8dba83-4d7c-4177-a1e9-5db0ae0bab39,8ed95ff9-72ee-45af-9b08-4a6746eaf7e7,1702035118014388888
3c8dba83-4d7c-4177-a1e9-5db0ae0bab39,8ed95ff9-72ee-45af-9b08-4a6746eaf7e7,1702035118055000000
3c8dba83-4d7c-4177-a1e9-5db0ae0bab39,8ed95ff9-72ee-45af-9b08-4a6746eaf7e7,1702035118089988888
3c8dba83-4d7c-4177-a1e9-5db0ae0bab39,8ed95ff9-72ee-45af-9b08-4a6746eaf7e7,1702035118125655555
3c8dba83-4d7c-4177-a1e9-5db0ae0bab39,8ed95ff9-72ee-45af-9b08-4a6746eaf7e7,1702035118148488888
3c8dba83-4d7c-4177-a1e9-5db0ae0bab39,8ed95ff9-72ee-45af-9b08-4a6746eaf7e7,1702035118182066666
3c8dba83-4d7c-4177-a1e9-5db0ae0bab39,8ed95ff9-72ee-45af-9b08-4a6746eaf7e7,1702035118215166666
3c8dba83-4d7c-4177-a1e9-5db0ae0bab39,8ed95ff9-72ee-45af-9b08-4a6746eaf7e7,1702035118253022222
3c8dba83-4d7c-4177-a1e9-5db0ae0bab39,8ed95ff9-72ee-45af-9b08-4a6746eaf7e7,1702035118287255555
3c8dba83-4d7c-4177-a1e9-5db0ae0bab39,8ed95ff9-72ee-45af-9b08-4a6746eaf7e7,1702035118324222222
3c8dba83-4d7c-4177-a1e9-5db0ae0bab39,8ed95ff9-72ee-45af-9b08-4a6746eaf7e7,1702035118355400000
3c8dba83-4d7c-4177-a1e9-5db0ae0bab39,8ed95ff9-72ee-45af-9b08-4a6746eaf7e7,1702035118388422222
3c8dba83-4d7c-4177-a1e9-5db0ae0bab39,8ed95ff9-72ee-45af-9b08-4a6746eaf7e7,1702035118418455555
3c8dba83-4d7c-4177-a1e9-5db0ae0bab39,8ed95ff9-72ee-45af-9b08-4a6746eaf7e7,1702035118448822222
3c8dba83-4d7c-4177-a1e9-5db0ae0bab39,8ed95ff9-72ee-45af-9b08-4a6746eaf7e7,1702035118487833333
3c8dba83-4d7c-4177-a1e9-5db0ae0bab39,8ed95ff9-72ee-45af-9b08-4a6746eaf7e7,1702035118519566666
3c8dba83-4d7c-4177-a1e9-5db0ae0bab39,8ed95ff9-72ee-45af-9b08-4a6746eaf7e7,1702035118546244444
3c8dba83-4d7c-4177-a1e9-5db0ae0bab39,8ed95ff9-72ee-45af-9b08-4a6746eaf7e7,1702035118582844444
3c8dba83-4d7c-4177-a1e9-5db0ae0bab39,8ed95ff9-72ee-45af-9b08-4a6746eaf7e7,1702035118623322222
3c8dba83-4d7c-4177-a1e9-5db0ae0bab39,8ed95ff9-72ee-45af-9b08-4a6746eaf7e7,1702035118656366666
3c8dba83-4d7c-4177-a1e9-5db0ae0bab39,8ed95ff9-72ee-45af-9b08-4a6746eaf7e7,1702035118686566666
3c8dba83-4d7c-4177-a1e9-5db0ae0bab39,8ed95ff9-72ee-45af-9b08-4a6746eaf7e7,1702035118722444444
3c8dba83-4d7c-4177-a1e9-5db0ae0bab39,8ed95ff9-72ee-45af-9b08-4a6746eaf7e7,1702035118746400000
3c8dba83-4d7c-4177-a1e9-5db0ae0bab39,8ed95ff9-72ee-45af-9b08-4a6746eaf7e7,1702035118783655555
3c8dba83-4d7c-4177-a1e9-5db0ae0bab39,8ed95ff9-72ee-45af-9b08-4a6746eaf7e7,1702035118819677777
3c8dba83-4d7c-4177-a1e9-5db0ae0bab39,8ed95ff9-72ee-45af-9b08-4a6746eaf7e7,1702035118857533333
3c8dba83-4d7c-4177-a1e9-5db0ae0bab39,8ed95ff9-72ee-45af-9b08-4a6746eaf7e7,1702035118889444444
3c8dba83-4d7c-4177-a1e9-5db0ae0bab39,8ed95ff9-72ee-45af-9b08-4a6746eaf7e7,1702035118918933333
3c8dba83-4d7c-4177-a1e9-5db0ae0bab39,8ed95ff9-72ee-45af-9b08-4a6746eaf7e7,1702035118951388888
3c8dba83-4d7c-4177-a1e9-5db0ae0bab39,8ed95ff9-72ee-45af-9b08-4a6746eaf7e7,1702035118992944444
3c8dba83-4d7c-4177-a1e9-5db0ae0bab39,8ed95ff9-72ee-45af-9b08-4a6746eaf7e7,1702035119023466666
3c8dba83-4d7c-4177-a1e9-5db0ae0bab39,8ed95ff9-72ee-45af-9b08-4a6746eaf7e7,1702035119054377777
3c8dba83-4d7c-4177-a1e9-5db0ae0bab39,8ed95ff9-72ee-45af-9b08-4a6746eaf7e7,1702035119089822222
3c8dba83-4d7c-4177-a1e9-5db0ae0bab39,8ed95ff9-72ee-45af-9b08-4a6746eaf7e7,1702035119116777777
3c8dba83-4d7c-4177-a1e9-5db0ae0bab39,8ed95ff9-72ee-45af-9b08-4a6746eaf7e7,1702035119147277777
3c8dba83-4d7c-4177-a1e9-5db0ae0bab39,8ed95ff9-72ee-45af-9b08-4a6746eaf7e7,1702035119188922222
3c8dba83-4d7c-4177-a1e9-5db0ae0bab39,8ed95ff9-72ee-45af-9b08-4a6746eaf7e7,1702035119223300000
3c8dba83-4d7c-4177-a1e9-5db0ae0bab39,8ed95ff9-72ee-45af-9b08-4a6746eaf7e7,1702035119257755555
3c8dba83-4d7c-4177-a1e9-5db0ae0bab39,8ed95ff9-72ee-45af-9b08-4a6746eaf7e7,1702035119288733333
3c8dba83-4d7c-4177-a1e9-5db0ae0bab39,8ed95ff9-72ee-45af-9b08-4a6746eaf7e7,1702035119317000000
3c8dba83-4d7c-4177-a1e9-5db0ae0bab39,8ed95ff9-72ee-45af-9b08-4a6746eaf7e7,1702035119347600000
3c8dba83-4d7c-4177-a1e9-5db0ae0bab39,8ed95ff9-72ee-45af-9b08-4a6746eaf7e7,1702035119383466666
3c8dba83-4d7c-4177-a1e9-5db0ae0bab39,8ed95ff9-72ee-45af-9b08-4a6746eaf7e7,1702035119419544444
3c8dba83-4d7c-4177-a1e9-5db0ae0bab39,8ed95ff9-72ee-45af-9b08-4a6746eaf7e7,1702035119453444444
3c8dba83-4d7c-4177-a1e9-5db0ae0bab39,8ed95ff9-72ee-45af-9b08-4a6746eaf7e7,1702035119489566666
3c8dba83-4d7c-4177-a1e9-5db0ae0bab39,8ed95ff9-72ee-45af-9b08-4a6746eaf7e7,1702035119521066666
3c8dba83-4d7c-4177-a1e9-5db0ae0bab39,8ed95ff9-72ee-45af-9b08-4a6746eaf7e7,1702035119555022222
3c8dba83-4d7c-4177-a1e9-5db0ae0bab39,8ed95ff9-72ee-45af-9b08-4a6746eaf7e7,1702035119589411111
3c8dba83-4d7c-4177-a1e9-5db0ae0bab39,8ed95ff9-72ee-45af-9b08-4a6746eaf7e7,1702035119623522222
3c8dba83-4d7c-4177-a1e9-5db0ae0bab39,8ed95ff9-72ee-45af-9b08-4a6746eaf7e7,1702035119649444444
3c8dba83-4d7c-4177-a1e9-5db0ae0bab39,8ed95ff9-72ee-45af-9b08-4a6746eaf7e7,1702035119683222222
3c8dba83-4d7c-4177-a1e9-5db0ae0bab39,8ed95ff9-72ee-45af-9b08-4a6746eaf7e7,1702035119714966666
3c8dba83-4d7c-4177-a1e9-5db0ae0bab39,8ed95ff9-72ee-45af-9b08-4a6746eaf7e7,1702035119746422222
3c8dba83-4d7c-4177-a1e9-5db0ae0bab39,8ed95ff9-72ee-45af-9b08-4a6746eaf7e7,1702035119793522222
3c8dba83-4d7c-4177-a1e9-5db0ae0bab39,8ed95ff9-72ee-45af-9b08-4a6746eaf7e7,1702035119825000000
3c8dba83-4d7c-4177-a1e9-5db0ae0bab39,8ed95ff9-72ee-45af-9b08-4a6746eaf7e7,1702035119849777777
3c8dba83-4d7c-4177-a1e9-5db0ae0bab39,8ed95ff9-72ee-45af-9b08-4a6746eaf7e7,1702035119887400000
3c8dba83-4d7c-4177-a1e9-5db0ae0bab39,8ed95ff9-72ee-45af-9b08-4a6746eaf7e7,1702035119916088888
3c8dba83-4d7c-4177-a1e9-5db0ae0bab39,8ed95ff9-72ee-45af-9b08-4a6746eaf7e7,1702035119947211111
3c8dba83-4d7c-4177-a1e9-5db0ae0bab39,8ed95ff9-72ee-45af-9b08-4a6746eaf7e7,1702035119988555555
3c8dba83-4d7c-4177-a1e9-5db0ae0bab39,8ed95ff9-72ee-45af-9b08-4a6746eaf7e7,1702035120021477777
3c8dba83-4d7c-4177-a1e9-5db0ae0bab39,8ed95ff9-72ee-45af-9b08-4a6746eaf7e7,1702035120049300000
3c8dba83-4d7c-4177-a1e9-5db0ae0bab39,8ed95ff9-72ee-45af-9b08-4a6746eaf7e7,1702035120091833333
3c8dba83-4d7c-4177-a1e9-5db0ae0bab39,8ed95ff9-72ee-45af-9b08-4a6746eaf7e7,1702035120122988888
3c8dba83-4d7c-4177-a1e9-5db0ae0bab39,8ed95ff9-72ee-45af-9b08-4a6746eaf7e7,1702035120152288888
3c8dba83-4d7c-4177-a1e9-5db0ae0bab39,8ed95ff9-72ee-45af-9b08-4a6746eaf7e7,1702035120192533333
3c8dba83-4d7c-4177-a1e9-5db0ae0bab39,8ed95ff9-72ee-45af-9b08-4a6746eaf7e7,1702035120220111111
3c8dba83-4d7c-4177-a1e9-5db0ae0bab39,8ed95ff9-72ee-45af-9b08-4a6746eaf7e7,1702035120250688888
3c8dba83-4d7c-4177-a1e9-5db0ae0bab39,8ed95ff9-72ee-45af-9b08-4a6746eaf7e7,1702035120283488888
3c8dba83-4d7c-4177-a1e9-5db0ae0bab39,8ed95ff9-72ee-45af-9b08-4a6746eaf7e7,1702035120314055555
3c8dba83-4d7c-4177-a1e9-5db0ae0bab39,8ed95ff9-72ee-45af-9b08-4a6746eaf7e7,1702035120348511111
3c8dba83-4d7c-4177-a1e9-5db0ae0bab39,8ed95ff9-72ee-45af-9b08-4a6746eaf7e7,1702035120393577777
3c8dba83-4d7c-4177-a1e9-5db0ae0bab39,8ed95ff9-72ee-45af-9b08-4a6746eaf7e7,1702035120417777777
3c8dba83-4d7c-4177-a1e9-5db0ae0bab39,8ed95ff9-72ee-45af-9b08-4a6746eaf7e7,1702035120453055555
3c8dba83-4d7c-4177-a1e9-5db0ae0bab39,8ed95ff9-72ee-45af-9b08-4a6746eaf7e7,1702035120483011111
3c8dba83-4d7c-4177-a1e9-5db0ae0bab39,8ed95ff9-72ee-45af-9b08-4a6746eaf7e7,1702035120515833333
3c8dba83-4d7c-4177-a1e9-5db0ae0bab39,8ed95ff9-72ee-45af-9b08-4a6746eaf7e7,1702035120549044444
3c8dba83-4d7c-4177-a1e9-5db0ae0bab39,8ed95ff9-72ee-45af-9b08-4a6746eaf7e7,1702035120593322222
3c8dba83-4d7c-4177-a1e9-5db0ae0bab39,8ed95ff9-72ee-45af-9b08-4a6746eaf7e7,1702035120618066666
3c8dba83-4d7c-4177-a1e9-5db0ae0bab39,8ed95ff9-72ee-45af-9b08-4a6746eaf7e7,1702035120652266666
3c8dba83-4d7c-4177-a1e9-5db0ae0bab39,8ed95ff9-72ee-45af-9b08-4a6746eaf7e7,1702035120688655555
3c8dba83-4d7c-4177-a1e9-5db0ae0bab39,8ed95ff9-72ee-45af-9b08-4a6746eaf7e7,1702035120723255555
3c8dba83-4d7c-4177-a1e9-5db0ae0bab39,8ed95ff9-72ee-45af-9b08-4a6746eaf7e7,1702035120750466666
3c8dba83-4d7c-4177-a1e9-5db0ae0bab39,8ed95ff9-72ee-45af-9b08-4a6746eaf7e7,1702035120785911111
3c8dba83-4d7c-4177-a1e9-5db0ae0bab39,8ed95ff9-72ee-45af-9b08-4a6746eaf7e7,1702035120818388888
3c8dba83-4d7c-4177-a1e9-5db0ae0bab39,8ed95ff9-72ee-45af-9b08-4a6746eaf7e7,1702035120847055555
3c8dba83-4d7c-4177-a1e9-5db0ae0bab39,8ed95ff9-72ee-45af-9b08-4a6746eaf7e7,1702035120882877777
3c8dba83-4d7c-4177-a1e9-5db0ae0bab39,8ed95ff9-72ee-45af-9b08-4a6746eaf7e7,1702035120916433333
3c8dba83-4d7c-4177-a1e9-5db0ae0bab39,8ed95ff9-72ee-45af-9b08-4a6746eaf7e7,1702035120953522222
3c8dba83-4d7c-4177-a1e9-5db0ae0bab39,8ed95ff9-72ee-45af-9b08-4a6746eaf7e7,1702035120990266666
3c8dba83-4d7c-4177-a1e9-5db0ae0bab39,8ed95ff9-72ee-45af-9b08-4a6746eaf7e7,1702035121021122222
3c8dba83-4d7c-4177-a1e9-5db0ae0bab39,8ed95ff9-72ee-45af-9b08-4a6746eaf7e7,1702035121048033333
3c8dba83-4d7c-4177-a1e9-5db0ae0bab39,8ed95ff9-72ee-45af-9b08-4a6746eaf7e7,1702035121082477777
3c8dba83-4d7c-4177-a1e9-5db0ae0bab39,8ed95ff9-72ee-45af-9b08-4a6746eaf7e7,1702035121114788888
3c8dba83-4d7c-4177-a1e9-5db0ae0bab39,8ed95ff9-72ee-45af-9b08-4a6746eaf7e7,1702035121159455555
3c8dba83-4d7c-4177-a1e9-5db0ae0bab39,8ed95ff9-72ee-45af-9b08-4a6746eaf7e7,1702035121183444444
3c8dba83-4d7c-4177-a1e9-5db0ae0bab39,8ed95ff9-72ee-45af-9b08-4a6746eaf7e7,1702035121225355555
3c8dba83-4d7c-4177-a1e9-5db0ae0bab39,8ed95ff9-72ee-45af-9b08-4a6746eaf7e7,1702035121249344444
3c8dba83-4d7c-4177-a1e9-5db0ae0bab39,8ed95ff9-72ee-45af-9b08-4a6746eaf7e7,1702035121295966666
3c8dba83-4d7c-4177-a1e9-5db0ae0bab39,8ed95ff9-72ee-45af-9b08-4a6746eaf7e7,1702035121320766666
3c8dba83-4d7c-4177-a1e9-5db0ae0bab39,8ed95ff9-72ee-45af-9b08-4a6746eaf7e7,1702035121352633333
3c8dba83-4d7c-4177-a1e9-5db0ae0bab39,8ed95ff9-72ee-45af-9b08-4a6746eaf7e7,1702035121385088888
3c8dba83-4d7c-4177-a1e9-5db0ae0bab39,8ed95ff9-72ee-45af-9b08-4a6746eaf7e7,1702035121418311111
3c8dba83-4d7c-4177-a1e9-5db0ae0bab39,8ed95ff9-72ee-45af-9b08-4a6746eaf7e7,1702035121446777777
3c8dba83-4d7c-4177-a1e9-5db0ae0bab39,8ed95ff9-72ee-45af-9b08-4a6746eaf7e7,1702035121479044444
3c8dba83-4d7c-4177-a1e9-5db0ae0bab39,8ed95ff9-72ee-45af-9b08-4a6746eaf7e7,1702035121519088888
3c8dba83-4d7c-4177-a1e9-5db0ae0bab39,8ed95ff9-72ee-45af-9b08-4a6746eaf7e7,1702035121553788888
3c8dba83-4d7c-4177-a1e9-5db0ae0bab39,8ed95ff9-72ee-45af-9b08-4a6746eaf7e7,1702035121584888888
3c8dba83-4d7c-4177-a1e9-5db0ae0bab39,8ed95ff9-72ee-45af-9b08-4a6746eaf7e7,1702035121615144444
3c8dba83-4d7c-4177-a1e9-5db0ae0bab39,8ed95ff9-72ee-45af-9b08-4a6746eaf7e7,1702035121646566666
3c8dba83-4d7c-4177-a1e9-5db0ae0bab39,8ed95ff9-72ee-45af-9b08-4a6746eaf7e7,1702035121678433333
3c8dba83-4d7c-4177-a1e9-5db0ae0bab39,8ed95ff9-72ee-45af-9b08-4a6746eaf7e7,1702035121724577777
3c8dba83-4d7c-4177-a1e9-5db0ae0bab39,8ed95ff9-72ee-45af-9b08-4a6746eaf7e7,1702035121756222222
3c8dba83-4d7c-4177-a1e9-5db0ae0bab39,8ed95ff9-72ee-45af-9b08-4a6746eaf7e7,1702035121785588888
3c8dba83-4d7c-4177-a1e9-5db0ae0bab39,8ed95ff9-72ee-45af-9b08-4a6746eaf7e7,1702035121821666666
3c8dba83-4d7c-4177-a1e9-5db0ae0bab39,8ed95ff9-72ee-45af-9b08-4a6746eaf7e7,1702035121851533333
3c8dba83-4d7c-4177-a1e9-5db0ae0bab39,8ed95ff9-72ee-45af-9b08-4a6746eaf7e7,1702035121891200000
3c8dba83-4d7c-4177-a1e9-5db0ae0bab39,8ed95ff9-72ee-45af-9b08-4a6746eaf7e7,1702035121921766666
3c8dba83-4d7c-4177-a1e9-5db0ae0bab39,8ed95ff9-72ee-45af-9b08-4a6746eaf7e7,1702035121957188888
3c8dba83-4d7c-4177-a1e9-5db0ae0bab39,8ed95ff9-72ee-45af-9b08-4a6746eaf7e7,1702035121989033333
3c8dba83-4d7c-4177-a1e9-5db0ae0bab39,8ed95ff9-72ee-45af-9b08-4a6746eaf7e7,1702035122014455555
3c8dba83-4d7c-4177-a1e9-5db0ae0bab39,8ed95ff9-72ee-45af-9b08-4a6746eaf7e7,1702035122046888888
3c8dba83-4d7c-4177-a1e9-5db0ae0bab39,8ed95ff9-72ee-45af-9b08-4a6746eaf7e7,1702035122078522222
3c8dba83-4d7c-4177-a1e9-5db0ae0bab39,8ed95ff9-72ee-45af-9b08-4a6746eaf7e7,1702035122123433333
3c8dba83-4d7c-4177-a1e9-5db0ae0bab39,8ed95ff9-72ee-45af-9b08-4a6746eaf7e7,1702035122150533333
3c8dba83-4d7c-4177-a1e9-5db0ae0bab39,8ed95ff9-72ee-45af-9b08-4a6746eaf7e7,1702035122190300000
3c8dba83-4d7c-4177-a1e9-5db0ae0bab39,8ed95ff9-72ee-45af-9b08-4a6746eaf7e7,1702035122214166666
3c8dba83-4d7c-4177-a1e9-5db0ae0bab39,8ed95ff9-72ee-45af-9b08-4a6746eaf7e7,1702035122247155555
3c8dba83-4d7c-4177-a1e9-5db0ae0bab39,8ed95ff9-72ee-45af-9b08-4a6746eaf7e7,1702035122280477777
3c8dba83-4d7c-4177-a1e9-5db0ae0bab39,8ed95ff9-72ee-45af-9b08-4a6746eaf7e7,1702035122324411111
3c8dba83-4d7c-4177-a1e9-5db0ae0bab39,8ed95ff9-72ee-45af-9b08-4a6746eaf7e7,1702035122354222222
3c8dba83-4d7c-4177-a1e9-5db0ae0bab39,8ed95ff9-72ee-45af-9b08-4a6746eaf7e7,1702035122385388888
3c8dba83-4d7c-4177-a1e9-5db0ae0bab39,8ed95ff9-72ee-45af-9b08-4a6746eaf7e7,1702035122423700000
3c8dba83-4d7c-4177-a1e9-5db0ae0bab39,8ed95ff9-72ee-45af-9b08-4a6746eaf7e7,1702035122453677777
3c8dba83-4d7c-4177-a1e9-5db0ae0bab39,8ed95ff9-72ee-45af-9b08-4a6746eaf7e7,1702035122490033333
3c8dba83-4d7c-4177-a1e9-5db0ae0bab39,8ed95ff9-72ee-45af-9b08-4a6746eaf7e7,1702035122525388888
3c8dba83-4d7c-4177-a1e9-5db0ae0bab39,8ed95ff9-72ee-45af-9b08-4a6746eaf7e7,1702035122553322222
3c8dba83-4d7c-4177-a1e9-5db0ae0bab39,8ed95ff9-72ee-45af-9b08-4a6746eaf7e7,1702035122578866666
3c8dba83-4d7c-4177-a1e9-5db0ae0bab39,8ed95ff9-72ee-45af-9b08-4a6746eaf7e7,1702035122615122222
3c8dba83-4d7c-4177-a1e9-5db0ae0bab39,8ed95ff9-72ee-45af-9b08-4a6746eaf7e7,1702035122648188888
3c8dba83-4d7c-4177-a1e9-5db0ae0bab39,8ed95ff9-72ee-45af-9b08-4a6746eaf7e7,1702035122679488888
3c8dba83-4d7c-4177-a1e9-5db0ae0bab39,8ed95ff9-72ee-45af-9b08-4a6746eaf7e7,1702035122716922222
3c8dba83-4d7c-4177-a1e9-5db0ae0bab39,8ed95ff9-72ee-45af-9b08-4a6746eaf7e7,1702035122748211111
3c8dba83-4d7c-4177-a1e9-5db0ae0bab39,8ed95ff9-72ee-45af-9b08-4a6746eaf7e7,1702035122780011111
3c8dba83-4d7c-4177-a1e9-5db0ae0bab39,8ed95ff9-72ee-45af-9b08-4a6746eaf7e7,1702035122814166666
3c8dba83-4d7c-4177-a1e9-5db0ae0bab39,8ed95ff9-72ee-45af-9b08-4a6746eaf7e7,1702035122846666666
3c8dba83-4d7c-4177-a1e9-5db0ae0bab39,8ed95ff9-72ee-45af-9b08-4a6746eaf7e7,1702035122880000000
3c8dba83-4d7c-4177-a1e9-5db0ae0bab39,8ed95ff9-72ee-45af-9b08-4a6746eaf7e7,1702035122917222222
3c8dba83-4d7c-4177-a1e9-5db0ae0bab39,8ed95ff9-72ee-45af-9b08-4a6746eaf7e7,1702035122949111111
3c8dba83-4d7c-4177-a1e9-5db0ae0bab39,8ed95ff9-72ee-45af-9b08-4a6746eaf7e7,1702035122983577777
3c8dba83-4d7c-4177-a1e9-5db0ae0bab39,8ed95ff9-72ee-45af-9b08-4a6746eaf7e7,1702035123016255555
3c8dba83-4d7c-4177-a1e9-5db0ae0bab39,8ed95ff9-72ee-45af-9b08-4a6746eaf7e7,1702035123047033333
3c8dba83-4d7c-4177-a1e9-5db0ae0bab39,8ed95ff9-72ee-45af-9b08-4a6746eaf7e7,1702035123081777777
3c8dba83-4d7c-4177-a1e9-5db0ae0bab39,8ed95ff9-72ee-45af-9b08-4a6746eaf7e7,1702035123114900000
3c8dba83-4d7c-4177-a1e9-5db0ae0bab39,8ed95ff9-72ee-45af-9b08-4a6746eaf7e7,1702035123148433333
3c8dba83-4d7c-4177-a1e9-5db0ae0bab39,8ed95ff9-72ee-45af-9b08-4a6746eaf7e7,1702035123179900000
3c8dba83-4d7c-4177-a1e9-5db0ae0bab39,8ed95ff9-72ee-45af-9b08-4a6746eaf7e7,1702035123216077777
3c8dba83-4d7c-4177-a1e9-5db0ae0bab39,8ed95ff9-72ee-45af-9b08-4a6746eaf7e7,1702035123248288888
3c8dba83-4d7c-4177-a1e9-5db0ae0bab39,8ed95ff9-72ee-45af-9b08-4a6746eaf7e7,1702035123280866666
3c8dba83-4d7c-4177-a1e9-5db0ae0bab39,8ed95ff9-72ee-45af-9b08-4a6746eaf7e7,1702035123318822222
3c8dba83-4d7c-4177-a1e9-5db0ae0bab39,8ed95ff9-72ee-45af-9b08-4a6746eaf7e7,1702035123347266666
3c8dba83-4d7c-4177-a1e9-5db0ae0bab39,8ed95ff9-72ee-45af-9b08-4a6746eaf7e7,1702035123380711111
3c8dba83-4d7c-4177-a1e9-5db0ae0bab39,8ed95ff9-72ee-45af-9b08-4a6746eaf7e7,1702035123417822222
3c8dba83-4d7c-4177-a1e9-5db0ae0bab39,8ed95ff9-72ee-45af-9b08-4a6746eaf7e7,1702035123447933333
3c8dba83-4d7c-4177-a1e9-5db0ae0bab39,8ed95ff9-72ee-45af-9b08-4a6746eaf7e7,1702035123480477777
3c8dba83-4d7c-4177-a1e9-5db0ae0bab39,8ed95ff9-72ee-45af-9b08-4a6746eaf7e7,1702035123517488888
3c8dba83-4d7c-4177-a1e9-5db0ae0bab39,8ed95ff9-72ee-45af-9b08-4a6746eaf7e7,1702035123548833333
3c8dba83-4d7c-4177-a1e9-5db0ae0bab39,8ed95ff9-72ee-45af-9b08-4a6746eaf7e7,1702035123581788888
3c8dba83-4d7c-4177-a1e9-5db0ae0bab39,8ed95ff9-72ee-45af-9b08-4a6746eaf7e7,1702035123617988888
3c8dba83-4d7c-4177-a1e9-5db0ae0bab39,8ed95ff9-72ee-45af-9b08-4a6746eaf7e7,1702035123649711111
3c8dba83-4d7c-4177-a1e9-5db0ae0bab39,8ed95ff9-72ee-45af-9b08-4a6746eaf7e7,1702035123681300000
3c8dba83-4d7c-4177-a1e9-5db0ae0bab39,8ed95ff9-72ee-45af-9b08-4a6746eaf7e7,1702035123719411111
3c8dba83-4d7c-4177-a1e9-5db0ae0bab39,8ed95ff9-72ee-45af-9b08-4a6746eaf7e7,1702035123746388888
3c8dba83-4d7c-4177-a1e9-5db0ae0bab39,8ed95ff9-72ee-45af-9b08-4a6746eaf7e7,1702035123779922222
3c8dba83-4d7c-4177-a1e9-5db0ae0bab39,8ed95ff9-72ee-45af-9b08-4a6746eaf7e7,1702035123815444444
3c8dba83-4d7c-4177-a1e9-5db0ae0bab39,8ed95ff9-72ee-45af-9b08-4a6746eaf7e7,1702035123848200000
3c8dba83-4d7c-4177-a1e9-5db0ae0bab39,8ed95ff9-72ee-45af-9b08-4a6746eaf7e7,1702035123879344444
3c8dba83-4d7c-4177-a1e9-5db0ae0bab39,8ed95ff9-72ee-45af-9b08-4a6746eaf7e7,1702035123916433333
3c8dba83-4d7c-4177-a1e9-5db0ae0bab39,8ed95ff9-72ee-45af-9b08-4a6746eaf7e7,1702035123947400000
3c8dba83-4d7c-4177-a1e9-5db0ae0bab39,8ed95ff9-72ee-45af-9b08-4a6746eaf7e7,1702035123980766666
3c8dba83-4d7c-4177-a1e9-5db0ae0bab39,8ed95ff9-72ee-45af-9b08-4a6746eaf7e7,1702035124016455555
3c8dba83-4d7c-4177-a1e9-5db0ae0bab39,8ed95ff9-72ee-45af-9b08-4a6746eaf7e7,1702035124048066666
3c8dba83-4d7c-4177-a1e9-5db0ae0bab39,8ed95ff9-72ee-45af-9b08-4a6746eaf7e7,1702035124079922222
3c8dba83-4d7c-4177-a1e9-5db0ae0bab39,8ed95ff9-72ee-45af-9b08-4a6746eaf7e7,1702035124116055555
3c8dba83-4d7c-4177-a1e9-5db0ae0bab39,8ed95ff9-72ee-45af-9b08-4a6746eaf7e7,1702035124148855555
3c8dba83-4d7c-4177-a1e9-5db0ae0bab39,8ed95ff9-72ee-45af-9b08-4a6746eaf7e7,1702035124181577777
3c8dba83-4d7c-4177-a1e9-5db0ae0bab39,8ed95ff9-72ee-45af-9b08-4a6746eaf7e7,1702035124218588888
3c8dba83-4d7c-4177-a1e9-5db0ae0bab39,8ed95ff9-72ee-45af-9b08-4a6746eaf7e7,1702035124249966666
3c8dba83-4d7c-4177-a1e9-5db0ae0bab39,8ed95ff9-72ee-45af-9b08-4a6746eaf7e7,1702035124282011111
3c8dba83-4d7c-4177-a1e9-5db0ae0bab39,8ed95ff9-72ee-45af-9b08-4a6746eaf7e7,1702035124313000000
3c8dba83-4d7c-4177-a1e9-5db0ae0bab39,8ed95ff9-72ee-45af-9b08-4a6746eaf7e7,1702035124347766666
3c8dba83-4d7c-4177-a1e9-5db0ae0bab39,8ed95ff9-72ee-45af-9b08-4a6746eaf7e7,1702035124378966666
3c8dba83-4d7c-4177-a1e9-5db0ae0bab39,8ed95ff9-72ee-45af-9b08-4a6746eaf7e7,1702035124413366666
3c8dba83-4d7c-4177-a1e9-5db0ae0bab39,8ed95ff9-72ee-45af-9b08-4a6746eaf7e7,1702035124448766666
3c8dba83-4d7c-4177-a1e9-5db0ae0bab39,8ed95ff9-72ee-45af-9b08-4a6746eaf7e7,1702035124481077777
3c8dba83-4d7c-4177-a1e9-5db0ae0bab39,8ed95ff9-72ee-45af-9b08-4a6746eaf7e7,1702035124514977777
3c8dba83-4d7c-4177-a1e9-5db0ae0bab39,8ed95ff9-72ee-45af-9b08-4a6746eaf7e7,1702035124546311111
3c8dba83-4d7c-4177-a1e9-5db0ae0bab39,8ed95ff9-72ee-45af-9b08-4a6746eaf7e7,1702035124579688888
3c8dba83-4d7c-4177-a1e9-5db0ae0bab39,8ed95ff9-72ee-45af-9b08-4a6746eaf7e7,1702035124610200000
3c8dba83-4d7c-4177-a1e9-5db0ae0bab39,8ed95ff9-72ee-45af-9b08-4a6746eaf7e7,1702035124650622222
3c8dba83-4d7c-4177-a1e9-5db0ae0bab39,8ed95ff9-72ee-45af-9b08-4a6746eaf7e7,1702035124681744444
3c8dba83-4d7c-4177-a1e9-5db0ae0bab39,8ed95ff9-72ee-45af-9b08-4a6746eaf7e7,1702035124714122222
3c8dba83-4d7c-4177-a1e9-5db0ae0bab39,8ed95ff9-72ee-45af-9b08-4a6746eaf7e7,1702035124750655555
3c8dba83-4d7c-4177-a1e9-5db0ae0bab39,8ed95ff9-72ee-45af-9b08-4a6746eaf7e7,1702035124782255555
3c8dba83-4d7c-4177-a1e9-5db0ae0bab39,8ed95ff9-72ee-45af-9b08-4a6746eaf7e7,1702035124814744444
3c8dba83-4d7c-4177-a1e9-5db0ae0bab39,8ed95ff9-72ee-45af-9b08-4a6746eaf7e7,1702035124849588888
3c8dba83-4d7c-4177-a1e9-5db0ae0bab39,8ed95ff9-72ee-45af-9b08-4a6746eaf7e7,1702035124883688888
3c8dba83-4d7c-4177-a1e9-5db0ae0bab39,8ed95ff9-72ee-45af-9b08-4a6746eaf7e7,1702035124911322222
3c8dba83-4d7c-4177-a1e9-5db0ae0bab39,8ed95ff9-72ee-45af-9b08-4a6746eaf7e7,1702035124948022222
3c8dba83-4d7c-4177-a1e9-5db0ae0bab39,8ed95ff9-72ee-45af-9b08-4a6746eaf7e7,1702035124979544444
3c8dba83-4d7c-4177-a1e9-5db0ae0bab39,8ed95ff9-72ee-45af-9b08-4a6746eaf7e7,1702035125015511111
3c8dba83-4d7c-4177-a1e9-5db0ae0bab39,8ed95ff9-72ee-45af-9b08-4a6746eaf7e7,1702035125049133333
3c8dba83-4d7c-4177-a1e9-5db0ae0bab39,8ed95ff9-72ee-45af-9b08-4a6746eaf7e7,1702035125079366666
3c8dba83-4d7c-4177-a1e9-5db0ae0bab39,8ed95ff9-72ee-45af-9b08-4a6746eaf7e7,1702035125112533333
3c8dba83-4d7c-4177-a1e9-5db0ae0bab39,8ed95ff9-72ee-45af-9b08-4a6746eaf7e7,1702035125146755555
3c8dba83-4d7c-4177-a1e9-5db0ae0bab39,8ed95ff9-72ee-45af-9b08-4a6746eaf7e7,1702035125180177777
3c8dba83-4d7c-4177-a1e9-5db0ae0bab39,8ed95ff9-72ee-45af-9b08-4a6746eaf7e7,1702035125212988888
3c8dba83-4d7c-4177-a1e9-5db0ae0bab39,8ed95ff9-72ee-45af-9b08-4a6746eaf7e7,1702035125248544444
3c8dba83-4d7c-4177-a1e9-5db0ae0bab39,8ed95ff9-72ee-45af-9b08-4a6746eaf7e7,1702035125280133333
3c8dba83-4d7c-4177-a1e9-5db0ae0bab39,8ed95ff9-72ee-45af-9b08-4a6746eaf7e7,1702035125311711111
3c8dba83-4d7c-4177-a1e9-5db0ae0bab39,8ed95ff9-72ee-45af-9b08-4a6746eaf7e7,1702035125348200000
3c8dba83-4d7c-4177-a1e9-5db0ae0bab39,8ed95ff9-72ee-45af-9b08-4a6746eaf7e7,1702035125381211111
3c8dba83-4d7c-4177-a1e9-5db0ae0bab39,8ed95ff9-72ee-45af-9b08-4a6746eaf7e7,1702035125415477777
3c8dba83-4d7c-4177-a1e9-5db0ae0bab39,8ed95ff9-72ee-45af-9b08-4a6746eaf7e7,1702035125447622222
3c8dba83-4d7c-4177-a1e9-5db0ae0bab39,8ed95ff9-72ee-45af-9b08-4a6746eaf7e7,1702035125480244444
3c8dba83-4d7c-4177-a1e9-5db0ae0bab39,8ed95ff9-72ee-45af-9b08-4a6746eaf7e7,1702035125510733333
3c8dba83-4d7c-4177-a1e9-5db0ae0bab39,8ed95ff9-72ee-45af-9b08-4a6746eaf7e7,1702035125546422222
3c8dba83-4d7c-4177-a1e9-5db0ae0bab39,8ed95ff9-72ee-45af-9b08-4a6746eaf7e7,1702035125578433333
3c8dba83-4d7c-4177-a1e9-5db0ae0bab39,8ed95ff9-72ee-45af-9b08-4a6746eaf7e7,1702035125614011111
3c8dba83-4d7c-4177-a1e9-5db0ae0bab39,8ed95ff9-72ee-45af-9b08-4a6746eaf7e7,1702035125649722222
3c8dba83-4d7c-4177-a1e9-5db0ae0bab39,8ed95ff9-72ee-45af-9b08-4a6746eaf7e7,1702035125681555555
3c8dba83-4d7c-4177-a1e9-5db0ae0bab39,8ed95ff9-72ee-45af-9b08-4a6746eaf7e7,1702035125715622222
3c8dba83-4d7c-4177-a1e9-5db0ae0bab39,8ed95ff9-72ee-45af-9b08-4a6746eaf7e7,1702035125747644444
3c8dba83-4d7c-4177-a1e9-5db0ae0bab39,8ed95ff9-72ee-45af-9b08-4a6746eaf7e7,1702035125779344444
3c8dba83-4d7c-4177-a1e9-5db0ae0bab39,8ed95ff9-72ee-45af-9b08-4a6746eaf7e7,1702035125810733333
3c8dba83-4d7c-4177-a1e9-5db0ae0bab39,8ed95ff9-72ee-45af-9b08-4a6746eaf7e7,1702035125850000000
3c8dba83-4d7c-4177-a1e9-5db0ae0bab39,8ed95ff9-72ee-45af-9b08-4a6746eaf7e7,1702035125883444444
3c8dba83-4d7c-4177-a1e9-5db0ae0bab39,8ed95ff9-72ee-45af-9b08-4a6746eaf7e7,1702035125913700000
3c8dba83-4d7c-4177-a1e9-5db0ae0bab39,8ed95ff9-72ee-45af-9b08-4a6746eaf7e7,1702035125950622222
3c8dba83-4d7c-4177-a1e9-5db0ae0bab39,8ed95ff9-72ee-45af-9b08-4a6746eaf7e7,1702035125980888888
3c8dba83-4d7c-4177-a1e9-5db0ae0bab39,8ed95ff9-72ee-45af-9b08-4a6746eaf7e7,1702035126014355555
3c8dba83-4d7c-4177-a1e9-5db0ae0bab39,8ed95ff9-72ee-45af-9b08-4a6746eaf7e7,1702035126049611111
3c8dba83-4d7c-4177-a1e9-5db0ae0bab39,8ed95ff9-72ee-45af-9b08-4a6746eaf7e7,1702035126082100000
3c8dba83-4d7c-4177-a1e9-5db0ae0bab39,8ed95ff9-72ee-45af-9b08-4a6746eaf7e7,1702035126111488888
3c8dba83-4d7c-4177-a1e9-5db0ae0bab39,8ed95ff9-72ee-45af-9b08-4a6746eaf7e7,1702035126147900000
3c8dba83-4d7c-4177-a1e9-5db0ae0bab39,8ed95ff9-72ee-45af-9b08-4a6746eaf7e7,1702035126182033333
3c8dba83-4d7c-4177-a1e9-5db0ae0bab39,8ed95ff9-72ee-45af-9b08-4a6746eaf7e7,1702035126215833333
3c8dba83-4d7c-4177-a1e9-5db0ae0bab39,8ed95ff9-72ee-45af-9b08-4a6746eaf7e7,1702035126248122222
3c8dba83-4d7c-4177-a1e9-5db0ae0bab39,8ed95ff9-72ee-45af-9b08-4a6746eaf7e7,1702035126280011111
3c8dba83-4d7c-4177-a1e9-5db0ae0bab39,8ed95ff9-72ee-45af-9b08-4a6746eaf7e7,1702035126311300000
3c8dba83-4d7c-4177-a1e9-5db0ae0bab39,8ed95ff9-72ee-45af-9b08-4a6746eaf7e7,1702035126346955555
3c8dba83-4d7c-4177-a1e9-5db0ae0bab39,8ed95ff9-72ee-45af-9b08-4a6746eaf7e7,1702035126379788888
3c8dba83-4d7c-4177-a1e9-5db0ae0bab39,8ed95ff9-72ee-45af-9b08-4a6746eaf7e7,1702035126413977777
3c8dba83-4d7c-4177-a1e9-5db0ae0bab39,8ed95ff9-72ee-45af-9b08-4a6746eaf7e7,1702035126449322222
3c8dba83-4d7c-4177-a1e9-5db0ae0bab39,8ed95ff9-72ee-45af-9b08-4a6746eaf7e7,1702035126483077777
3c8dba83-4d7c-4177-a1e9-5db0ae0bab39,8ed95ff9-72ee-45af-9b08-4a6746eaf7e7,1702035126513200000
3c8dba83-4d7c-4177-a1e9-5db0ae0bab39,8ed95ff9-72ee-45af-9b08-4a6746eaf7e7,1702035126554422222
3c8dba83-4d7c-4177-a1e9-5db0ae0bab39,8ed95ff9-72ee-45af-9b08-4a6746eaf7e7,1702035126583322222
3c8dba83-4d7c-4177-a1e9-5db0ae0bab39,8ed95ff9-72ee-45af-9b08-4a6746eaf7e7,1702035126613877777
3c8dba83-4d7c-4177-a1e9-5db0ae0bab39,8ed95ff9-72ee-45af-9b08-4a6746eaf7e7,1702035126651500000
3c8dba83-4d7c-4177-a1e9-5db0ae0bab39,8ed95ff9-72ee-45af-9b08-4a6746eaf7e7,1702035126678800000
3c8dba83-4d7c-4177-a1e9-5db0ae0bab39,8ed95ff9-72ee-45af-9b08-4a6746eaf7e7,1702035126710922222
3c8dba83-4d7c-4177-a1e9-5db0ae0bab39,8ed95ff9-72ee-45af-9b08-4a6746eaf7e7,1702035126748122222
3c8dba83-4d7c-4177-a1e9-5db0ae0bab39,8ed95ff9-72ee-45af-9b08-4a6746eaf7e7,1702035126779688888
3c8dba83-4d7c-4177-a1e9-5db0ae0bab39,8ed95ff9-72ee-45af-9b08-4a6746eaf7e7,1702035126818122222
3c8dba83-4d7c-4177-a1e9-5db0ae0bab39,8ed95ff9-72ee-45af-9b08-4a6746eaf7e7,1702035126850677777
3c8dba83-4d7c-4177-a1e9-5db0ae0bab39,8ed95ff9-72ee-45af-9b08-4a6746eaf7e7,1702035126884044444
3c8dba83-4d7c-4177-a1e9-5db0ae0bab39,8ed95ff9-72ee-45af-9b08-4a6746eaf7e7,1702035126910211111
3c8dba83-4d7c-4177-a1e9-5db0ae0bab39,8ed95ff9-72ee-45af-9b08-4a6746eaf7e7,1702035126947133333
3c8dba83-4d7c-4177-a1e9-5db0ae0bab39,8ed95ff9-72ee-45af-9b08-4a6746eaf7e7,1702035126980288888
3c8dba83-4d7c-4177-a1e9-5db0ae0bab39,8ed95ff9-72ee-45af-9b08-4a6746eaf7e7,1702035127013988888
3c8dba83-4d7c-4177-a1e9-5db0ae0bab39,8ed95ff9-72ee-45af-9b08-4a6746eaf7e7,1702035127049055555
3c8dba83-4d7c-4177-a1e9-5db0ae0bab39,8ed95ff9-72ee-45af-9b08-4a6746eaf7e7,1702035127084944444
3c8dba83-4d7c-4177-a1e9-5db0ae0bab39,8ed95ff9-72ee-45af-9b08-4a6746eaf7e7,1702035127111866666
3c8dba83-4d7c-4177-a1e9-5db0ae0bab39,8ed95ff9-72ee-45af-9b08-4a6746eaf7e7,1702035127148366666
3c8dba83-4d7c-4177-a1e9-5db0ae0bab39,8ed95ff9-72ee-45af-9b08-4a6746eaf7e7,1702035127184055555
3c8dba83-4d7c-4177-a1e9-5db0ae0bab39,8ed95ff9-72ee-45af-9b08-4a6746eaf7e7,1702035127215366666
3c8dba83-4d7c-4177-a1e9-5db0ae0bab39,8ed95ff9-72ee-45af-9b08-4a6746eaf7e7,1702035127246211111
3c8dba83-4d7c-4177-a1e9-5db0ae0bab39,8ed95ff9-72ee-45af-9b08-4a6746eaf7e7,1702035127278555555
3c8dba83-4d7c-4177-a1e9-5db0ae0bab39,8ed95ff9-72ee-45af-9b08-4a6746eaf7e7,1702035127310244444
3c8dba83-4d7c-4177-a1e9-5db0ae0bab39,8ed95ff9-72ee-45af-9b08-4a6746eaf7e7,1702035127343177777
3c8dba83-4d7c-4177-a1e9-5db0ae0bab39,8ed95ff9-72ee-45af-9b08-4a6746eaf7e7,1702035127380600000
3c8dba83-4d7c-4177-a1e9-5db0ae0bab39,8ed95ff9-72ee-45af-9b08-4a6746eaf7e7,1702035127418722222
3c8dba83-4d7c-4177-a1e9-5db0ae0bab39,8ed95ff9-72ee-45af-9b08-4a6746eaf7e7,1702035127448033333
3c8dba83-4d7c-4177-a1e9-5db0ae0bab39,8ed95ff9-72ee-45af-9b08-4a6746eaf7e7,1702035127479177777
3c8dba83-4d7c-4177-a1e9-5db0ae0bab39,8ed95ff9-72ee-45af-9b08-4a6746eaf7e7,1702035127510666666
3c8dba83-4d7c-4177-a1e9-5db0ae0bab39,8ed95ff9-72ee-45af-9b08-4a6746eaf7e7,1702035127542422222
3c8dba83-4d7c-4177-a1e9-5db0ae0bab39,8ed95ff9-72ee-45af-9b08-4a6746eaf7e7,1702035127582200000
3c8dba83-4d7c-4177-a1e9-5db0ae0bab39,8ed95ff9-72ee-45af-9b08-4a6746eaf7e7,1702035127615122222
3c8dba83-4d7c-4177-a1e9-5db0ae0bab39,8ed95ff9-72ee-45af-9b08-4a6746eaf7e7,1702035127647188888
3c8dba83-4d7c-4177-a1e9-5db0ae0bab39,8ed95ff9-72ee-45af-9b08-4a6746eaf7e7,1702035127681666666
3c8dba83-4d7c-4177-a1e9-5db0ae0bab39,8ed95ff9-72ee-45af-9b08-4a6746eaf7e7,1702035127713511111
3c8dba83-4d7c-4177-a1e9-5db0ae0bab39,8ed95ff9-72ee-45af-9b08-4a6746eaf7e7,1702035127746155555
3c8dba83-4d7c-4177-a1e9-5db0ae0bab39,8ed95ff9-72ee-45af-9b08-4a6746eaf7e7,1702035127782555555
3c8dba83-4d7c-4177-a1e9-5db0ae0bab39,8ed95ff9-72ee-45af-9b08-4a6746eaf7e7,1702035127817666666
3c8dba83-4d7c-4177-a1e9-5db0ae0bab39,8ed95ff9-72ee-45af-9b08-4a6746eaf7e7,1702035127842677777
3c8dba83-4d7c-4177-a1e9-5db0ae0bab39,8ed95ff9-72ee-45af-9b08-4a6746eaf7e7,1702035127878888888
3c8dba83-4d7c-4177-a1e9-5db0ae0bab39,8ed95ff9-72ee-45af-9b08-4a6746eaf7e7,1702035127912177777
3c8dba83-4d7c-4177-a1e9-5db0ae0bab39,8ed95ff9-72ee-45af-9b08-4a6746eaf7e7,1702035127942577777
3c8dba83-4d7c-4177-a1e9-5db0ae0bab39,8ed95ff9-72ee-45af-9b08-4a6746eaf7e7,1702035127980777777
3c8dba83-4d7c-4177-a1e9-5db0ae0bab39,8ed95ff9-72ee-45af-9b08-4a6746eaf7e7,1702035128016433333
3c8dba83-4d7c-4177-a1e9-5db0ae0bab39,8ed95ff9-72ee-45af-9b08-4a6746eaf7e7,1702035128046333333
3c8dba83-4d7c-4177-a1e9-5db0ae0bab39,8ed95ff9-72ee-45af-9b08-4a6746eaf7e7,1702035128078677777
3c8dba83-4d7c-4177-a1e9-5db0ae0bab39,8ed95ff9-72ee-45af-9b08-4a6746eaf7e7,1702035128111188888
3c8dba83-4d7c-4177-a1e9-5db0ae0bab39,8ed95ff9-72ee-45af-9b08-4a6746eaf7e7,1702035128143100000
3c8dba83-4d7c-4177-a1e9-5db0ae0bab39,8ed95ff9-72ee-45af-9b08-4a6746eaf7e7,1702035128180433333
3c8dba83-4d7c-4177-a1e9-5db0ae0bab39,8ed95ff9-72ee-45af-9b08-4a6746eaf7e7,1702035128213411111
3c8dba83-4d7c-4177-a1e9-5db0ae0bab39,8ed95ff9-72ee-45af-9b08-4a6746eaf7e7,1702035128246755555
3c8dba83-4d7c-4177-a1e9-5db0ae0bab39,8ed95ff9-72ee-45af-9b08-4a6746eaf7e7,1702035128279955555
3c8dba83-4d7c-4177-a1e9-5db0ae0bab39,8ed95ff9-72ee-45af-9b08-4a6746eaf7e7,1702035128313055555
3c8dba83-4d7c-4177-a1e9-5db0ae0bab39,8ed95ff9-72ee-45af-9b08-4a6746eaf7e7,1702035128343822222
3c8dba83-4d7c-4177-a1e9-5db0ae0bab39,8ed95ff9-72ee-45af-9b08-4a6746eaf7e7,1702035128380222222
3c8dba83-4d7c-4177-a1e9-5db0ae0bab39,8ed95ff9-72ee-45af-9b08-4a6746eaf7e7,1702035128410144444
3c8dba83-4d7c-4177-a1e9-5db0ae0bab39,8ed95ff9-72ee-45af-9b08-4a6746eaf7e7,1702035128443755555
3c8dba83-4d7c-4177-a1e9-5db0ae0bab39,8ed95ff9-72ee-45af-9b08-4a6746eaf7e7,1702035128477933333
3c8dba83-4d7c-4177-a1e9-5db0ae0bab39,8ed95ff9-72ee-45af-9b08-4a6746eaf7e7,1702035128511811111
3c8dba83-4d7c-4177-a1e9-5db0ae0bab39,8ed95ff9-72ee-45af-9b08-4a6746eaf7e7,1702035128543622222
3c8dba83-4d7c-4177-a1e9-5db0ae0bab39,8ed95ff9-72ee-45af-9b08-4a6746eaf7e7,1702035128580211111
3c8dba83-4d7c-4177-a1e9-5db0ae0bab39,8ed95ff9-72ee-45af-9b08-4a6746eaf7e7,1702035128614222222
3c8dba83-4d7c-4177-a1e9-5db0ae0bab39,8ed95ff9-72ee-45af-9b08-4a6746eaf7e7,1702035128644955555
3c8dba83-4d7c-4177-a1e9-5db0ae0bab39,8ed95ff9-72ee-45af-9b08-4a6746eaf7e7,1702035128679722222
3c8dba83-4d7c-4177-a1e9-5db0ae0bab39,8ed95ff9-72ee-45af-9b08-4a6746eaf7e7,1702035128710622222
3c8dba83-4d7c-4177-a1e9-5db0ae0bab39,8ed95ff9-72ee-45af-9b08-4a6746eaf7e7,1702035128742466666
3c8dba83-4d7c-4177-a1e9-5db0ae0bab39,8ed95ff9-72ee-45af-9b08-4a6746eaf7e7,1702035128780644444
3c8dba83-4d7c-4177-a1e9-5db0ae0bab39,8ed95ff9-72ee-45af-9b08-4a6746eaf7e7,1702035128813922222
3c8dba83-4d7c-4177-a1e9-5db0ae0bab39,8ed95ff9-72ee-45af-9b08-4a6746eaf7e7,1702035128847066666
3c8dba83-4d7c-4177-a1e9-5db0ae0bab39,8ed95ff9-72ee-45af-9b08-4a6746eaf7e7,1702035128884111111
3c8dba83-4d7c-4177-a1e9-5db0ae0bab39,8ed95ff9-72ee-45af-9b08-4a6746eaf7e7,1702035128914766666
3c8dba83-4d7c-4177-a1e9-5db0ae0bab39,8ed95ff9-72ee-45af-9b08-4a6746eaf7e7,1702035128948255555
3c8dba83-4d7c-4177-a1e9-5db0ae0bab39,8ed95ff9-72ee-45af-9b08-4a6746eaf7e7,1702035128978855555
3c8dba83-4d7c-4177-a1e9-5db0ae0bab39,8ed95ff9-72ee-45af-9b08-4a6746eaf7e7,1702035129012788888
3c8dba83-4d7c-4177-a1e9-5db0ae0bab39,8ed95ff9-72ee-45af-9b08-4a6746eaf7e7,1702035129042822222
3c8dba83-4d7c-4177-a1e9-5db0ae0bab39,8ed95ff9-72ee-45af-9b08-4a6746eaf7e7,1702035129083044444
3c8dba83-4d7c-4177-a1e9-5db0ae0bab39,8ed95ff9-72ee-45af-9b08-4a6746eaf7e7,1702035129116655555
3c8dba83-4d7c-4177-a1e9-5db0ae0bab39,8ed95ff9-72ee-45af-9b08-4a6746eaf7e7,1702035129146577777
3c8dba83-4d7c-4177-a1e9-5db0ae0bab39,8ed95ff9-72ee-45af-9b08-4a6746eaf7e7,1702035129182233333
3c8dba83-4d7c-4177-a1e9-5db0ae0bab39,8ed95ff9-72ee-45af-9b08-4a6746eaf7e7,1702035129210333333
3c8dba83-4d7c-4177-a1e9-5db0ae0bab39,8ed95ff9-72ee-45af-9b08-4a6746eaf7e7,1702035129242688888
3c8dba83-4d7c-4177-a1e9-5db0ae0bab39,8ed95ff9-72ee-45af-9b08-4a6746eaf7e7,1702035129281755555
3c8dba83-4d7c-4177-a1e9-5db0ae0bab39,8ed95ff9-72ee-45af-9b08-4a6746eaf7e7,1702035129318333333
3c8dba83-4d7c-4177-a1e9-5db0ae0bab39,8ed95ff9-72ee-45af-9b08-4a6746eaf7e7,1702035129344933333
3c8dba83-4d7c-4177-a1e9-5db0ae0bab39,8ed95ff9-72ee-45af-9b08-4a6746eaf7e7,1702035129381455555
3c8dba83-4d7c-4177-a1e9-5db0ae0bab39,8ed95ff9-72ee-45af-9b08-4a6746eaf7e7,1702035129415155555
3c8dba83-4d7c-4177-a1e9-5db0ae0bab39,8ed95ff9-72ee-45af-9b08-4a6746eaf7e7,1702035129449811111
3c8dba83-4d7c-4177-a1e9-5db0ae0bab39,8ed95ff9-72ee-45af-9b08-4a6746eaf7e7,1702035129482522222
3c8dba83-4d7c-4177-a1e9-5db0ae0bab39,8ed95ff9-72ee-45af-9b08-4a6746eaf7e7,1702035129514555555
3c8dba83-4d7c-4177-a1e9-5db0ae0bab39,8ed95ff9-72ee-45af-9b08-4a6746eaf7e7,1702035129546011111
3c8dba83-4d7c-4177-a1e9-5db0ae0bab39,8ed95ff9-72ee-45af-9b08-4a6746eaf7e7,1702035129578888888
3c8dba83-4d7c-4177-a1e9-5db0ae0bab39,8ed95ff9-72ee-45af-9b08-4a6746eaf7e7,1702035129612611111
3c8dba83-4d7c-4177-a1e9-5db0ae0bab39,8ed95ff9-72ee-45af-9b08-4a6746eaf7e7,1702035129642055555
3c8dba83-4d7c-4177-a1e9-5db0ae0bab39,8ed95ff9-72ee-45af-9b08-4a6746eaf7e7,1702035129684088888
3c8dba83-4d7c-4177-a1e9-5db0ae0bab39,8ed95ff9-72ee-45af-9b08-4a6746eaf7e7,1702035129711166666
3c8dba83-4d7c-4177-a1e9-5db0ae0bab39,8ed95ff9-72ee-45af-9b08-4a6746eaf7e7,1702035129743211111
3c8dba83-4d7c-4177-a1e9-5db0ae0bab39,8ed95ff9-72ee-45af-9b08-4a6746eaf7e7,1702035129779066666
3c8dba83-4d7c-4177-a1e9-5db0ae0bab39,8ed95ff9-72ee-45af-9b08-4a6746eaf7e7,1702035129810544444
3c8dba83-4d7c-4177-a1e9-5db0ae0bab39,8ed95ff9-72ee-45af-9b08-4a6746eaf7e7,1702035129843744444
3c8dba83-4d7c-4177-a1e9-5db0ae0bab39,8ed95ff9-72ee-45af-9b08-4a6746eaf7e7,1702035129882188888
3c8dba83-4d7c-4177-a1e9-5db0ae0bab39,8ed95ff9-72ee-45af-9b08-4a6746eaf7e7,1702035129913633333
3c8dba83-4d7c-4177-a1e9-5db0ae0bab39,8ed95ff9-72ee-45af-9b08-4a6746eaf7e7,1702035129945666666
3c8dba83-4d7c-4177-a1e9-5db0ae0bab39,8ed95ff9-72ee-45af-9b08-4a6746eaf7e7,1702035129983566666
3c8dba83-4d7c-4177-a1e9-5db0ae0bab39,8ed95ff9-72ee-45af-9b08-4a6746eaf7e7,1702035130013388888
3c8dba83-4d7c-4177-a1e9-5db0ae0bab39,8ed95ff9-72ee-45af-9b08-4a6746eaf7e7,1702035130049511111
3c8dba83-4d7c-4177-a1e9-5db0ae0bab39,8ed95ff9-72ee-45af-9b08-4a6746eaf7e7,1702035130083322222
3c8dba83-4d7c-4177-a1e9-5db0ae0bab39,8ed95ff9-72ee-45af-9b08-4a6746eaf7e7,1702035130118855555
3c8dba83-4d7c-4177-a1e9-5db0ae0bab39,8ed95ff9-72ee-45af-9b08-4a6746eaf7e7,1702035130148511111
3c8dba83-4d7c-4177-a1e9-5db0ae0bab39,8ed95ff9-72ee-45af-9b08-4a6746eaf7e7,1702035130180388888
3c8dba83-4d7c-4177-a1e9-5db0ae0bab39,8ed95ff9-72ee-45af-9b08-4a6746eaf7e7,1702035130211200000
3c8dba83-4d7c-4177-a1e9-5db0ae0bab39,8ed95ff9-72ee-45af-9b08-4a6746eaf7e7,1702035130284566666
3c8dba83-4d7c-4177-a1e9-5db0ae0bab39,8ed95ff9-72ee-45af-9b08-4a6746eaf7e7,1702035130301088888
3c8dba83-4d7c-4177-a1e9-5db0ae0bab39,8ed95ff9-72ee-45af-9b08-4a6746eaf7e7,1702035130318422222
3c8dba83-4d7c-4177-a1e9-5db0ae0bab39,8ed95ff9-72ee-45af-9b08-4a6746eaf7e7,1702035130346855555
3c8dba83-4d7c-4177-a1e9-5db0ae0bab39,8ed95ff9-72ee-45af-9b08-4a6746eaf7e7,1702035130375533333
3c8dba83-4d7c-4177-a1e9-5db0ae0bab39,8ed95ff9-72ee-45af-9b08-4a6746eaf7e7,1702035130412900000
3c8dba83-4d7c-4177-a1e9-5db0ae0bab39,8ed95ff9-72ee-45af-9b08-4a6746eaf7e7,1702035130443233333
3c8dba83-4d7c-4177-a1e9-5db0ae0bab39,8ed95ff9-72ee-45af-9b08-4a6746eaf7e7,1702035130478088888
3c8dba83-4d7c-4177-a1e9-5db0ae0bab39,8ed95ff9-72ee-45af-9b08-4a6746eaf7e7,1702035130513588888
3c8dba83-4d7c-4177-a1e9-5db0ae0bab39,8ed95ff9-72ee-45af-9b08-4a6746eaf7e7,1702035130553844444
3c8dba83-4d7c-4177-a1e9-5db0ae0bab39,8ed95ff9-72ee-45af-9b08-4a6746eaf7e7,1702035130581555555
3c8dba83-4d7c-4177-a1e9-5db0ae0bab39,8ed95ff9-72ee-45af-9b08-4a6746eaf7e7,1702035130618177777
3c8dba83-4d7c-4177-a1e9-5db0ae0bab39,8ed95ff9-72ee-45af-9b08-4a6746eaf7e7,1702035130649266666
3c8dba83-4d7c-4177-a1e9-5db0ae0bab39,8ed95ff9-72ee-45af-9b08-4a6746eaf7e7,1702035130680977777
3c8dba83-4d7c-4177-a1e9-5db0ae0bab39,8ed95ff9-72ee-45af-9b08-4a6746eaf7e7,1702035130710788888
3c8dba83-4d7c-4177-a1e9-5db0ae0bab39,8ed95ff9-72ee-45af-9b08-4a6746eaf7e7,1702035130744666666
3c8dba83-4d7c-4177-a1e9-5db0ae0bab39,8ed95ff9-72ee-45af-9b08-4a6746eaf7e7,1702035130776944444
3c8dba83-4d7c-4177-a1e9-5db0ae0bab39,8ed95ff9-72ee-45af-9b08-4a6746eaf7e7,1702035130821100000
3c8dba83-4d7c-4177-a1e9-5db0ae0bab39,8ed95ff9-72ee-45af-9b08-4a6746eaf7e7,1702035130851033333
3c8dba83-4d7c-4177-a1e9-5db0ae0bab39,8ed95ff9-72ee-45af-9b08-4a6746eaf7e7,1702035130883377777
3c8dba83-4d7c-4177-a1e9-5db0ae0bab39,8ed95ff9-72ee-45af-9b08-4a6746eaf7e7,1702035130921900000
3c8dba83-4d7c-4177-a1e9-5db0ae0bab39,8ed95ff9-72ee-45af-9b08-4a6746eaf7e7,1702035130954255555
3c8dba83-4d7c-4177-a1e9-5db0ae0bab39,8ed95ff9-72ee-45af-9b08-4a6746eaf7e7,1702035130978222222
3c8dba83-4d7c-4177-a1e9-5db0ae0bab39,8ed95ff9-72ee-45af-9b08-4a6746eaf7e7,1702035131011255555
3c8dba83-4d7c-4177-a1e9-5db0ae0bab39,8ed95ff9-72ee-45af-9b08-4a6746eaf7e7,1702035131047533333
3c8dba83-4d7c-4177-a1e9-5db0ae0bab39,8ed95ff9-72ee-45af-9b08-4a6746eaf7e7,1702035131082355555
3c8dba83-4d7c-4177-a1e9-5db0ae0bab39,8ed95ff9-72ee-45af-9b08-4a6746eaf7e7,1702035131111955555
3c8dba83-4d7c-4177-a1e9-5db0ae0bab39,8ed95ff9-72ee-45af-9b08-4a6746eaf7e7,1702035131144422222
3c8dba83-4d7c-4177-a1e9-5db0ae0bab39,8ed95ff9-72ee-45af-9b08-4a6746eaf7e7,1702035131179044444
3c8dba83-4d7c-4177-a1e9-5db0ae0bab39,8ed95ff9-72ee-45af-9b08-4a6746eaf7e7,1702035131214977777
3c8dba83-4d7c-4177-a1e9-5db0ae0bab39,8ed95ff9-72ee-45af-9b08-4a6746eaf7e7,1702035131250311111
3c8dba83-4d7c-4177-a1e9-5db0ae0bab39,8ed95ff9-72ee-45af-9b08-4a6746eaf7e7,1702035131289055555
3c8dba83-4d7c-4177-a1e9-5db0ae0bab39,8ed95ff9-72ee-45af-9b08-4a6746eaf7e7,1702035131321977777
3c8dba83-4d7c-4177-a1e9-5db0ae0bab39,8ed95ff9-72ee-45af-9b08-4a6746eaf7e7,1702035131354266666
3c8dba83-4d7c-4177-a1e9-5db0ae0bab39,8ed95ff9-72ee-45af-9b08-4a6746eaf7e7,1702035131385522222
3c8dba83-4d7c-4177-a1e9-5db0ae0bab39,8ed95ff9-72ee-45af-9b08-4a6746eaf7e7,1702035131420911111
3c8dba83-4d7c-4177-a1e9-5db0ae0bab39,8ed95ff9-72ee-45af-9b08-4a6746eaf7e7,1702035131457211111
3c8dba83-4d7c-4177-a1e9-5db0ae0bab39,8ed95ff9-72ee-45af-9b08-4a6746eaf7e7,1702035131479644444
3c8dba83-4d7c-4177-a1e9-5db0ae0bab39,8ed95ff9-72ee-45af-9b08-4a6746eaf7e7,1702035131572811111
3c8dba83-4d7c-4177-a1e9-5db0ae0bab39,8ed95ff9-72ee-45af-9b08-4a6746eaf7e7,1702035131602255555
3c8dba83-4d7c-4177-a1e9-5db0ae0bab39,8ed95ff9-72ee-45af-9b08-4a6746eaf7e7,1702035131609622222
3c8dba83-4d7c-4177-a1e9-5db0ae0bab39,8ed95ff9-72ee-45af-9b08-4a6746eaf7e7,1702035131615722222
3c8dba83-4d7c-4177-a1e9-5db0ae0bab39,8ed95ff9-72ee-45af-9b08-4a6746eaf7e7,1702035131654766666
3c8dba83-4d7c-4177-a1e9-5db0ae0bab39,8ed95ff9-72ee-45af-9b08-4a6746eaf7e7,1702035131675344444
3c8dba83-4d7c-4177-a1e9-5db0ae0bab39,8ed95ff9-72ee-45af-9b08-4a6746eaf7e7,1702035131712688888
3c8dba83-4d7c-4177-a1e9-5db0ae0bab39,8ed95ff9-72ee-45af-9b08-4a6746eaf7e7,1702035131743611111
3c8dba83-4d7c-4177-a1e9-5db0ae0bab39,8ed95ff9-72ee-45af-9b08-4a6746eaf7e7,1702035131787566666
3c8dba83-4d7c-4177-a1e9-5db0ae0bab39,8ed95ff9-72ee-45af-9b08-4a6746eaf7e7,1702035131811766666
3c8dba83-4d7c-4177-a1e9-5db0ae0bab39,8ed95ff9-72ee-45af-9b08-4a6746eaf7e7,1702035131847000000
3c8dba83-4d7c-4177-a1e9-5db0ae0bab39,8ed95ff9-72ee-45af-9b08-4a6746eaf7e7,1702035131878644444
3c8dba83-4d7c-4177-a1e9-5db0ae0bab39,8ed95ff9-72ee-45af-9b08-4a6746eaf7e7,1702035131913588888
3c8dba83-4d7c-4177-a1e9-5db0ae0bab39,8ed95ff9-72ee-45af-9b08-4a6746eaf7e7,1702035131945900000
3c8dba83-4d7c-4177-a1e9-5db0ae0bab39,8ed95ff9-72ee-45af-9b08-4a6746eaf7e7,1702035131977666666
3c8dba83-4d7c-4177-a1e9-5db0ae0bab39,8ed95ff9-72ee-45af-9b08-4a6746eaf7e7,1702035132010900000
3c8dba83-4d7c-4177-a1e9-5db0ae0bab39,8ed95ff9-72ee-45af-9b08-4a6746eaf7e7,1702035132043111111
3c8dba83-4d7c-4177-a1e9-5db0ae0bab39,8ed95ff9-72ee-45af-9b08-4a6746eaf7e7,1702035132076533333
3c8dba83-4d7c-4177-a1e9-5db0ae0bab39,8ed95ff9-72ee-45af-9b08-4a6746eaf7e7,1702035132113166666
3c8dba83-4d7c-4177-a1e9-5db0ae0bab39,8ed95ff9-72ee-45af-9b08-4a6746eaf7e7,1702035132145200000
3c8dba83-4d7c-4177-a1e9-5db0ae0bab39,8ed95ff9-72ee-45af-9b08-4a6746eaf7e7,1702035132177811111
3c8dba83-4d7c-4177-a1e9-5db0ae0bab39,8ed95ff9-72ee-45af-9b08-4a6746eaf7e7,1702035132213655555
3c8dba83-4d7c-4177-a1e9-5db0ae0bab39,8ed95ff9-72ee-45af-9b08-4a6746eaf7e7,1702035132244100000
3c8dba83-4d7c-4177-a1e9-5db0ae0bab39,8ed95ff9-72ee-45af-9b08-4a6746eaf7e7,1702035132275922222
3c8dba83-4d7c-4177-a1e9-5db0ae0bab39,8ed95ff9-72ee-45af-9b08-4a6746eaf7e7,1702035132313377777
3c8dba83-4d7c-4177-a1e9-5db0ae0bab39,8ed95ff9-72ee-45af-9b08-4a6746eaf7e7,1702035132343522222
3c8dba83-4d7c-4177-a1e9-5db0ae0bab39,8ed95ff9-72ee-45af-9b08-4a6746eaf7e7,1702035132376722222
