section id,recording id,timestamp [ns]
deecc3dd-a5aa-4b2d-bfb4-cd1e28f34652,626d1dbc-2d1d-46f8-8fcd-de914a5cc5c8,1702286184437000000
deecc3dd-a5aa-4b2d-bfb4-cd1e28f34652,626d1dbc-2d1d-46f8-8fcd-de914a5cc5c8,1702286184487000000
deecc3dd-a5aa-4b2d-bfb4-cd1e28f34652,626d1dbc-2d1d-46f8-8fcd-de914a5cc5c8,1702286184537000000
deecc3dd-a5aa-4b2d-bfb4-cd1e28f34652,626d1dbc-2d1d-46f8-8fcd-de914a5cc5c8,1702286184587000000
deecc3dd-a5aa-4b2d-bfb4-cd1e28f34652,626d1dbc-2d1d-46f8-8fcd-de914a5cc5c8,1702286184637000000
deecc3dd-a5aa-4b2d-bfb4-cd1e28f34652,626d1dbc-2d1d-46f8-8fcd-de914a5cc5c8,1702286184687000000
deecc3dd-a5aa-4b2d-bfb4-cd1e28f34652,626d1dbc-2d1d-46f8-8fcd-de914a5cc5c8,1702286184737000000
deecc3dd-a5aa-4b2d-bfb4-cd1e28f34652,626d1dbc-2d1d-46f8-8fcd-de914a5cc5c8,1702286184787000000
deecc3dd-a5aa-4b2d-bfb4-cd1e28f34652,626d1dbc-2d1d-46f8-8fcd-de914a5cc5c8,1702286184837000000
deecc3dd-a5aa-4b2d-bfb4-cd1e28f34652,626d1dbc-2d1d-46f8-8fcd-de914a5cc5c8,1702286184887000000
deecc3dd-a5aa-4b2d-bfb4-cd1e28f34652,626d1dbc-2d1d-46f8-8fcd-de914a5cc5c8,1702286184937000000
deecc3dd-a5aa-4b2d-bfb4-cd1e28f34652,626d1dbc-2d1d-46f8-8fcd-de914a5cc5c8,1702286184987000000
deecc3dd-a5aa-4b2d-bfb4-cd1e28f34652,626d1dbc-2d1d-46f8-8fcd-de914a5cc5c8,1702286185037000000
deecc3dd-a5aa-4b2d-bfb4-cd1e28f34652,626d1dbc-2d1d-46f8-8fcd-de914a5cc5c8,1702286185087000000
deecc3dd-a5aa-4b2d-bfb4-cd1e28f34652,626d1dbc-2d1d-46f8-8fcd-de914a5cc5c8,1702286185137000000
deecc3dd-a5aa-4b2d-bfb4-cd1e28f34652,626d1dbc-2d1d-46f8-8fcd-de914a5cc5c8,1702286185187000000
deecc3dd-a5aa-4b2d-bfb4-cd1e28f34652,626d1dbc-2d1d-46f8-8fcd-de914a5cc5c8,1702286185237000000
deecc3dd-a5aa-4b2d-bfb4-cd1e28f34652,626d1dbc-2d1d-46f8-8fcd-de914a5cc5c8,1702286185287000000
deecc3dd-a5aa-4b2d-bfb4-cd1e28f34652,626d1dbc-2d1d-46f8-8fcd-de914a5cc5c8,1702286185337000000
deecc3dd-a5aa-4b2d-bfb4-cd1e28f34652,626d1dbc-2d1d-46f8-8fcd-de914a5cc5c8,1702286185387000000
deecc3dd-a5aa-4b2d-bfb4-cd1e28f34652,626d1dbc-2d1d-46f8-8fcd-de914a5cc5c8,1702286185437000000
deecc3dd-a5aa-4b2d-bfb4-cd1e28f34652,626d1dbc-2d1d-46f8-8fcd-de914a5cc5c8,1702286185487000000
deecc3dd-a5aa-4b2d-bfb4-cd1e28f34652,626d1dbc-2d1d-46f8-8fcd-de914a5cc5c8,1702286185537000000
deecc3dd-a5aa-4b2d-bfb4-cd1e28f34652,626d1dbc-2d1d-46f8-8fcd-de914a5cc5c8,1702286185559377777
deecc3dd-a5aa-4b2d-bfb4-cd1e28f34652,626d1dbc-2d1d-46f8-8fcd-de914a5cc5c8,1702286186444400000
deecc3dd-a5aa-4b2d-bfb4-cd1e28f34652,626d1dbc-2d1d-46f8-8fcd-de914a5cc5c8,1702286186473077777
deecc3dd-a5aa-4b2d-bfb4-cd1e28f34652,626d1dbc-2d1d-46f8-8fcd-de914a5cc5c8,1702286186503655555
deecc3dd-a5aa-4b2d-bfb4-cd1e28f34652,626d1dbc-2d1d-46f8-8fcd-de914a5cc5c8,1702286186538788888
deecc3dd-a5aa-4b2d-bfb4-cd1e28f34652,626d1dbc-2d1d-46f8-8fcd-de914a5cc5c8,1702286186576122222
deecc3dd-a5aa-4b2d-bfb4-cd1e28f34652,626d1dbc-2d1d-46f8-8fcd-de914a5cc5c8,1702286186605633333
deecc3dd-a5aa-4b2d-bfb4-cd1e28f34652,626d1dbc-2d1d-46f8-8fcd-de914a5cc5c8,1702286186637388888
deecc3dd-a5aa-4b2d-bfb4-cd1e28f34652,626d1dbc-2d1d-46f8-8fcd-de914a5cc5c8,1702286186675400000
deecc3dd-a5aa-4b2d-bfb4-cd1e28f34652,626d1dbc-2d1d-46f8-8fcd-de914a5cc5c8,1702286186710033333
deecc3dd-a5aa-4b2d-bfb4-cd1e28f34652,626d1dbc-2d1d-46f8-8fcd-de914a5cc5c8,1702286186745166666
deecc3dd-a5aa-4b2d-bfb4-cd1e28f34652,626d1dbc-2d1d-46f8-8fcd-de914a5cc5c8,1702286186776588888
deecc3dd-a5aa-4b2d-bfb4-cd1e28f34652,626d1dbc-2d1d-46f8-8fcd-de914a5cc5c8,1702286186808155555
deecc3dd-a5aa-4b2d-bfb4-cd1e28f34652,626d1dbc-2d1d-46f8-8fcd-de914a5cc5c8,1702286186838877777
deecc3dd-a5aa-4b2d-bfb4-cd1e28f34652,626d1dbc-2d1d-46f8-8fcd-de914a5cc5c8,1702286186876011111
deecc3dd-a5aa-4b2d-bfb4-cd1e28f34652,626d1dbc-2d1d-46f8-8fcd-de914a5cc5c8,1702286186906311111
deecc3dd-a5aa-4b2d-bfb4-cd1e28f34652,626d1dbc-2d1d-46f8-8fcd-de914a5cc5c8,1702286186941688888
deecc3dd-a5aa-4b2d-bfb4-cd1e28f34652,626d1dbc-2d1d-46f8-8fcd-de914a5cc5c8,1702286186975444444
deecc3dd-a5aa-4b2d-bfb4-cd1e28f34652,626d1dbc-2d1d-46f8-8fcd-de914a5cc5c8,1702286187009544444
deecc3dd-a5aa-4b2d-bfb4-cd1e28f34652,626d1dbc-2d1d-46f8-8fcd-de914a5cc5c8,1702286187040666666
deecc3dd-a5aa-4b2d-bfb4-cd1e28f34652,626d1dbc-2d1d-46f8-8fcd-de914a5cc5c8,1702286187076177777
deecc3dd-a5aa-4b2d-bfb4-cd1e28f34652,626d1dbc-2d1d-46f8-8fcd-de914a5cc5c8,1702286187107400000
deecc3dd-a5aa-4b2d-bfb4-cd1e28f34652,626d1dbc-2d1d-46f8-8fcd-de914a5cc5c8,1702286187141755555
deecc3dd-a5aa-4b2d-bfb4-cd1e28f34652,626d1dbc-2d1d-46f8-8fcd-de914a5cc5c8,1702286187174977777
deecc3dd-a5aa-4b2d-bfb4-cd1e28f34652,626d1dbc-2d1d-46f8-8fcd-de914a5cc5c8,1702286187210411111
deecc3dd-a5aa-4b2d-bfb4-cd1e28f34652,626d1dbc-2d1d-46f8-8fcd-de914a5cc5c8,1702286187239355555
deecc3dd-a5aa-4b2d-bfb4-cd1e28f34652,626d1dbc-2d1d-46f8-8fcd-de914a5cc5c8,1702286187275700000
deecc3dd-a5aa-4b2d-bfb4-cd1e28f34652,626d1dbc-2d1d-46f8-8fcd-de914a5cc5c8,1702286187309733333
deecc3dd-a5aa-4b2d-bfb4-cd1e28f34652,626d1dbc-2d1d-46f8-8fcd-de914a5cc5c8,1702286187341177777
deecc3dd-a5aa-4b2d-bfb4-cd1e28f34652,626d1dbc-2d1d-46f8-8fcd-de914a5cc5c8,1702286187374611111
deecc3dd-a5aa-4b2d-bfb4-cd1e28f34652,626d1dbc-2d1d-46f8-8fcd-de914a5cc5c8,1702286187410066666
deecc3dd-a5aa-4b2d-bfb4-cd1e28f34652,626d1dbc-2d1d-46f8-8fcd-de914a5cc5c8,1702286187440555555
deecc3dd-a5aa-4b2d-bfb4-cd1e28f34652,626d1dbc-2d1d-46f8-8fcd-de914a5cc5c8,1702286187476344444
deecc3dd-a5aa-4b2d-bfb4-cd1e28f34652,626d1dbc-2d1d-46f8-8fcd-de914a5cc5c8,1702286187508211111
deecc3dd-a5aa-4b2d-bfb4-cd1e28f34652,626d1dbc-2d1d-46f8-8fcd-de914a5cc5c8,1702286187543055555
deecc3dd-a5aa-4b2d-bfb4-cd1e28f34652,626d1dbc-2d1d-46f8-8fcd-de914a5cc5c8,1702286187578133333
deecc3dd-a5aa-4b2d-bfb4-cd1e28f34652,626d1dbc-2d1d-46f8-8fcd-de914a5cc5c8,1702286187608477777
deecc3dd-a5aa-4b2d-bfb4-cd1e28f34652,626d1dbc-2d1d-46f8-8fcd-de914a5cc5c8,1702286187641233333
deecc3dd-a5aa-4b2d-bfb4-cd1e28f34652,626d1dbc-2d1d-46f8-8fcd-de914a5cc5c8,1702286187677155555
deecc3dd-a5aa-4b2d-bfb4-cd1e28f34652,626d1dbc-2d1d-46f8-8fcd-de914a5cc5c8,1702286187707477777
deecc3dd-a5aa-4b2d-bfb4-cd1e28f34652,626d1dbc-2d1d-46f8-8fcd-de914a5cc5c8,1702286187742200000
deecc3dd-a5aa-4b2d-bfb4-cd1e28f34652,626d1dbc-2d1d-46f8-8fcd-de914a5cc5c8,1702286187774455555
deecc3dd-a5aa-4b2d-bfb4-cd1e28f34652,626d1dbc-2d1d-46f8-8fcd-de914a5cc5c8,1702286187810488888
deecc3dd-a5aa-4b2d-bfb4-cd1e28f34652,626d1dbc-2d1d-46f8-8fcd-de914a5cc5c8,1702286187840355555
deecc3dd-a5aa-4b2d-bfb4-cd1e28f34652,626d1dbc-2d1d-46f8-8fcd-de914a5cc5c8,1702286187880344444
deecc3dd-a5aa-4b2d-bfb4-cd1e28f34652,626d1dbc-2d1d-46f8-8fcd-de914a5cc5c8,1702286187908744444
deecc3dd-a5aa-4b2d-bfb4-cd1e28f34652,626d1dbc-2d1d-46f8-8fcd-de914a5cc5c8,1702286187938855555
deecc3dd-a5aa-4b2d-bfb4-cd1e28f34652,626d1dbc-2d1d-46f8-8fcd-de914a5cc5c8,1702286187974222222
deecc3dd-a5aa-4b2d-bfb4-cd1e28f34652,626d1dbc-2d1d-46f8-8fcd-de914a5cc5c8,1702286188008411111
deecc3dd-a5aa-4b2d-bfb4-cd1e28f34652,626d1dbc-2d1d-46f8-8fcd-de914a5cc5c8,1702286188042566666
deecc3dd-a5aa-4b2d-bfb4-cd1e28f34652,626d1dbc-2d1d-46f8-8fcd-de914a5cc5c8,1702286188075988888
deecc3dd-a5aa-4b2d-bfb4-cd1e28f34652,626d1dbc-2d1d-46f8-8fcd-de914a5cc5c8,1702286188109411111
deecc3dd-a5aa-4b2d-bfb4-cd1e28f34652,626d1dbc-2d1d-46f8-8fcd-de914a5cc5c8,1702286188142122222
deecc3dd-a5aa-4b2d-bfb4-cd1e28f34652,626d1dbc-2d1d-46f8-8fcd-de914a5cc5c8,1702286188178333333
deecc3dd-a5aa-4b2d-bfb4-cd1e28f34652,626d1dbc-2d1d-46f8-8fcd-de914a5cc5c8,1702286188208488888
deecc3dd-a5aa-4b2d-bfb4-cd1e28f34652,626d1dbc-2d1d-46f8-8fcd-de914a5cc5c8,1702286188239733333
deecc3dd-a5aa-4b2d-bfb4-cd1e28f34652,626d1dbc-2d1d-46f8-8fcd-de914a5cc5c8,1702286188274811111
deecc3dd-a5aa-4b2d-bfb4-cd1e28f34652,626d1dbc-2d1d-46f8-8fcd-de914a5cc5c8,1702286188307788888
deecc3dd-a5aa-4b2d-bfb4-cd1e28f34652,626d1dbc-2d1d-46f8-8fcd-de914a5cc5c8,1702286188340222222
deecc3dd-a5aa-4b2d-bfb4-cd1e28f34652,626d1dbc-2d1d-46f8-8fcd-de914a5cc5c8,1702286188374277777
deecc3dd-a5aa-4b2d-bfb4-cd1e28f34652,626d1dbc-2d1d-46f8-8fcd-de914a5cc5c8,1702286188410577777
deecc3dd-a5aa-4b2d-bfb4-cd1e28f34652,626d1dbc-2d1d-46f8-8fcd-de914a5cc5c8,1702286188443333333
deecc3dd-a5aa-4b2d-bfb4-cd1e28f34652,626d1dbc-2d1d-46f8-8fcd-de914a5cc5c8,1702286188476177777
deecc3dd-a5aa-4b2d-bfb4-cd1e28f34652,626d1dbc-2d1d-46f8-8fcd-de914a5cc5c8,1702286188509488888
deecc3dd-a5aa-4b2d-bfb4-cd1e28f34652,626d1dbc-2d1d-46f8-8fcd-de914a5cc5c8,1702286188541266666
deecc3dd-a5aa-4b2d-bfb4-cd1e28f34652,626d1dbc-2d1d-46f8-8fcd-de914a5cc5c8,1702286188575099999
deecc3dd-a5aa-4b2d-bfb4-cd1e28f34652,626d1dbc-2d1d-46f8-8fcd-de914a5cc5c8,1702286188609122222
deecc3dd-a5aa-4b2d-bfb4-cd1e28f34652,626d1dbc-2d1d-46f8-8fcd-de914a5cc5c8,1702286188644533333
deecc3dd-a5aa-4b2d-bfb4-cd1e28f34652,626d1dbc-2d1d-46f8-8fcd-de914a5cc5c8,1702286188672633333
deecc3dd-a5aa-4b2d-bfb4-cd1e28f34652,626d1dbc-2d1d-46f8-8fcd-de914a5cc5c8,1702286188708677777
deecc3dd-a5aa-4b2d-bfb4-cd1e28f34652,626d1dbc-2d1d-46f8-8fcd-de914a5cc5c8,1702286188742411111
deecc3dd-a5aa-4b2d-bfb4-cd1e28f34652,626d1dbc-2d1d-46f8-8fcd-de914a5cc5c8,1702286188775088888
deecc3dd-a5aa-4b2d-bfb4-cd1e28f34652,626d1dbc-2d1d-46f8-8fcd-de914a5cc5c8,1702286188807033333
deecc3dd-a5aa-4b2d-bfb4-cd1e28f34652,626d1dbc-2d1d-46f8-8fcd-de914a5cc5c8,1702286188842922222
deecc3dd-a5aa-4b2d-bfb4-cd1e28f34652,626d1dbc-2d1d-46f8-8fcd-de914a5cc5c8,1702286188872355555
deecc3dd-a5aa-4b2d-bfb4-cd1e28f34652,626d1dbc-2d1d-46f8-8fcd-de914a5cc5c8,1702286188908344444
deecc3dd-a5aa-4b2d-bfb4-cd1e28f34652,626d1dbc-2d1d-46f8-8fcd-de914a5cc5c8,1702286188941900000
deecc3dd-a5aa-4b2d-bfb4-cd1e28f34652,626d1dbc-2d1d-46f8-8fcd-de914a5cc5c8,1702286188973966666
deecc3dd-a5aa-4b2d-bfb4-cd1e28f34652,626d1dbc-2d1d-46f8-8fcd-de914a5cc5c8,1702286189005888888
deecc3dd-a5aa-4b2d-bfb4-cd1e28f34652,626d1dbc-2d1d-46f8-8fcd-de914a5cc5c8,1702286189038022222
deecc3dd-a5aa-4b2d-bfb4-cd1e28f34652,626d1dbc-2d1d-46f8-8fcd-de914a5cc5c8,1702286189069700000
deecc3dd-a5aa-4b2d-bfb4-cd1e28f34652,626d1dbc-2d1d-46f8-8fcd-de914a5cc5c8,1702286189107166666
deecc3dd-a5aa-4b2d-bfb4-cd1e28f34652,626d1dbc-2d1d-46f8-8fcd-de914a5cc5c8,1702286189142655555
deecc3dd-a5aa-4b2d-bfb4-cd1e28f34652,626d1dbc-2d1d-46f8-8fcd-de914a5cc5c8,1702286189171022222
deecc3dd-a5aa-4b2d-bfb4-cd1e28f34652,626d1dbc-2d1d-46f8-8fcd-de914a5cc5c8,1702286189206522222
deecc3dd-a5aa-4b2d-bfb4-cd1e28f34652,626d1dbc-2d1d-46f8-8fcd-de914a5cc5c8,1702286189237911111
deecc3dd-a5aa-4b2d-bfb4-cd1e28f34652,626d1dbc-2d1d-46f8-8fcd-de914a5cc5c8,1702286189269800000
deecc3dd-a5aa-4b2d-bfb4-cd1e28f34652,626d1dbc-2d1d-46f8-8fcd-de914a5cc5c8,1702286189307500000
deecc3dd-a5aa-4b2d-bfb4-cd1e28f34652,626d1dbc-2d1d-46f8-8fcd-de914a5cc5c8,1702286189344155555
deecc3dd-a5aa-4b2d-bfb4-cd1e28f34652,626d1dbc-2d1d-46f8-8fcd-de914a5cc5c8,1702286189370855555
deecc3dd-a5aa-4b2d-bfb4-cd1e28f34652,626d1dbc-2d1d-46f8-8fcd-de914a5cc5c8,1702286189406677777
deecc3dd-a5aa-4b2d-bfb4-cd1e28f34652,626d1dbc-2d1d-46f8-8fcd-de914a5cc5c8,1702286189442388888
deecc3dd-a5aa-4b2d-bfb4-cd1e28f34652,626d1dbc-2d1d-46f8-8fcd-de914a5cc5c8,1702286189472788888
deecc3dd-a5aa-4b2d-bfb4-cd1e28f34652,626d1dbc-2d1d-46f8-8fcd-de914a5cc5c8,1702286189509511111
deecc3dd-a5aa-4b2d-bfb4-cd1e28f34652,626d1dbc-2d1d-46f8-8fcd-de914a5cc5c8,1702286189539477777
deecc3dd-a5aa-4b2d-bfb4-cd1e28f34652,626d1dbc-2d1d-46f8-8fcd-de914a5cc5c8,1702286189575488888
deecc3dd-a5aa-4b2d-bfb4-cd1e28f34652,626d1dbc-2d1d-46f8-8fcd-de914a5cc5c8,1702286189606477777
deecc3dd-a5aa-4b2d-bfb4-cd1e28f34652,626d1dbc-2d1d-46f8-8fcd-de914a5cc5c8,1702286189641855555
deecc3dd-a5aa-4b2d-bfb4-cd1e28f34652,626d1dbc-2d1d-46f8-8fcd-de914a5cc5c8,1702286189673177777
deecc3dd-a5aa-4b2d-bfb4-cd1e28f34652,626d1dbc-2d1d-46f8-8fcd-de914a5cc5c8,1702286189707366666
deecc3dd-a5aa-4b2d-bfb4-cd1e28f34652,626d1dbc-2d1d-46f8-8fcd-de914a5cc5c8,1702286189739288888
deecc3dd-a5aa-4b2d-bfb4-cd1e28f34652,626d1dbc-2d1d-46f8-8fcd-de914a5cc5c8,1702286189772888888
deecc3dd-a5aa-4b2d-bfb4-cd1e28f34652,626d1dbc-2d1d-46f8-8fcd-de914a5cc5c8,1702286189807166666
deecc3dd-a5aa-4b2d-bfb4-cd1e28f34652,626d1dbc-2d1d-46f8-8fcd-de914a5cc5c8,1702286189842077777
deecc3dd-a5aa-4b2d-bfb4-cd1e28f34652,626d1dbc-2d1d-46f8-8fcd-de914a5cc5c8,1702286189869033333
deecc3dd-a5aa-4b2d-bfb4-cd1e28f34652,626d1dbc-2d1d-46f8-8fcd-de914a5cc5c8,1702286189906988888
deecc3dd-a5aa-4b2d-bfb4-cd1e28f34652,626d1dbc-2d1d-46f8-8fcd-de914a5cc5c8,1702286189936188888
deecc3dd-a5aa-4b2d-bfb4-cd1e28f34652,626d1dbc-2d1d-46f8-8fcd-de914a5cc5c8,1702286189968122222
deecc3dd-a5aa-4b2d-bfb4-cd1e28f34652,626d1dbc-2d1d-46f8-8fcd-de914a5cc5c8,1702286190004011111
deecc3dd-a5aa-4b2d-bfb4-cd1e28f34652,626d1dbc-2d1d-46f8-8fcd-de914a5cc5c8,1702286190038788888
deecc3dd-a5aa-4b2d-bfb4-cd1e28f34652,626d1dbc-2d1d-46f8-8fcd-de914a5cc5c8,1702286190068277777
deecc3dd-a5aa-4b2d-bfb4-cd1e28f34652,626d1dbc-2d1d-46f8-8fcd-de914a5cc5c8,1702286190104555555
deecc3dd-a5aa-4b2d-bfb4-cd1e28f34652,626d1dbc-2d1d-46f8-8fcd-de914a5cc5c8,1702286190136266666
deecc3dd-a5aa-4b2d-bfb4-cd1e28f34652,626d1dbc-2d1d-46f8-8fcd-de914a5cc5c8,1702286190169611111
deecc3dd-a5aa-4b2d-bfb4-cd1e28f34652,626d1dbc-2d1d-46f8-8fcd-de914a5cc5c8,1702286190203855555
deecc3dd-a5aa-4b2d-bfb4-cd1e28f34652,626d1dbc-2d1d-46f8-8fcd-de914a5cc5c8,1702286190236988888
deecc3dd-a5aa-4b2d-bfb4-cd1e28f34652,626d1dbc-2d1d-46f8-8fcd-de914a5cc5c8,1702286190268111111
deecc3dd-a5aa-4b2d-bfb4-cd1e28f34652,626d1dbc-2d1d-46f8-8fcd-de914a5cc5c8,1702286190306422222
deecc3dd-a5aa-4b2d-bfb4-cd1e28f34652,626d1dbc-2d1d-46f8-8fcd-de914a5cc5c8,1702286190337033333
deecc3dd-a5aa-4b2d-bfb4-cd1e28f34652,626d1dbc-2d1d-46f8-8fcd-de914a5cc5c8,1702286190369655555
deecc3dd-a5aa-4b2d-bfb4-cd1e28f34652,626d1dbc-2d1d-46f8-8fcd-de914a5cc5c8,1702286190404600000
deecc3dd-a5aa-4b2d-bfb4-cd1e28f34652,626d1dbc-2d1d-46f8-8fcd-de914a5cc5c8,1702286190435700000
deecc3dd-a5aa-4b2d-bfb4-cd1e28f34652,626d1dbc-2d1d-46f8-8fcd-de914a5cc5c8,1702286190468222222
deecc3dd-a5aa-4b2d-bfb4-cd1e28f34652,626d1dbc-2d1d-46f8-8fcd-de914a5cc5c8,1702286190505200000
deecc3dd-a5aa-4b2d-bfb4-cd1e28f34652,626d1dbc-2d1d-46f8-8fcd-de914a5cc5c8,1702286190536044444
deecc3dd-a5aa-4b2d-bfb4-cd1e28f34652,626d1dbc-2d1d-46f8-8fcd-de914a5cc5c8,1702286190568255555
deecc3dd-a5aa-4b2d-bfb4-cd1e28f34652,626d1dbc-2d1d-46f8-8fcd-de914a5cc5c8,1702286190603811111
deecc3dd-a5aa-4b2d-bfb4-cd1e28f34652,626d1dbc-2d1d-46f8-8fcd-de914a5cc5c8,1702286190636077777
deecc3dd-a5aa-4b2d-bfb4-cd1e28f34652,626d1dbc-2d1d-46f8-8fcd-de914a5cc5c8,1702286190669522222
deecc3dd-a5aa-4b2d-bfb4-cd1e28f34652,626d1dbc-2d1d-46f8-8fcd-de914a5cc5c8,1702286190704066666
deecc3dd-a5aa-4b2d-bfb4-cd1e28f34652,626d1dbc-2d1d-46f8-8fcd-de914a5cc5c8,1702286190735955555
deecc3dd-a5aa-4b2d-bfb4-cd1e28f34652,626d1dbc-2d1d-46f8-8fcd-de914a5cc5c8,1702286190768766666
deecc3dd-a5aa-4b2d-bfb4-cd1e28f34652,626d1dbc-2d1d-46f8-8fcd-de914a5cc5c8,1702286190804055555
deecc3dd-a5aa-4b2d-bfb4-cd1e28f34652,626d1dbc-2d1d-46f8-8fcd-de914a5cc5c8,1702286190835877777
deecc3dd-a5aa-4b2d-bfb4-cd1e28f34652,626d1dbc-2d1d-46f8-8fcd-de914a5cc5c8,1702286190867844444
deecc3dd-a5aa-4b2d-bfb4-cd1e28f34652,626d1dbc-2d1d-46f8-8fcd-de914a5cc5c8,1702286190904866666
deecc3dd-a5aa-4b2d-bfb4-cd1e28f34652,626d1dbc-2d1d-46f8-8fcd-de914a5cc5c8,1702286190936122222
deecc3dd-a5aa-4b2d-bfb4-cd1e28f34652,626d1dbc-2d1d-46f8-8fcd-de914a5cc5c8,1702286190967866666
deecc3dd-a5aa-4b2d-bfb4-cd1e28f34652,626d1dbc-2d1d-46f8-8fcd-de914a5cc5c8,1702286191004511111
deecc3dd-a5aa-4b2d-bfb4-cd1e28f34652,626d1dbc-2d1d-46f8-8fcd-de914a5cc5c8,1702286191036633333
deecc3dd-a5aa-4b2d-bfb4-cd1e28f34652,626d1dbc-2d1d-46f8-8fcd-de914a5cc5c8,1702286191068744444
deecc3dd-a5aa-4b2d-bfb4-cd1e28f34652,626d1dbc-2d1d-46f8-8fcd-de914a5cc5c8,1702286191104388888
deecc3dd-a5aa-4b2d-bfb4-cd1e28f34652,626d1dbc-2d1d-46f8-8fcd-de914a5cc5c8,1702286191136377777
deecc3dd-a5aa-4b2d-bfb4-cd1e28f34652,626d1dbc-2d1d-46f8-8fcd-de914a5cc5c8,1702286191169555555
deecc3dd-a5aa-4b2d-bfb4-cd1e28f34652,626d1dbc-2d1d-46f8-8fcd-de914a5cc5c8,1702286191204100000
deecc3dd-a5aa-4b2d-bfb4-cd1e28f34652,626d1dbc-2d1d-46f8-8fcd-de914a5cc5c8,1702286191235911111
deecc3dd-a5aa-4b2d-bfb4-cd1e28f34652,626d1dbc-2d1d-46f8-8fcd-de914a5cc5c8,1702286191268977777
deecc3dd-a5aa-4b2d-bfb4-cd1e28f34652,626d1dbc-2d1d-46f8-8fcd-de914a5cc5c8,1702286191305411111
deecc3dd-a5aa-4b2d-bfb4-cd1e28f34652,626d1dbc-2d1d-46f8-8fcd-de914a5cc5c8,1702286191336266666
deecc3dd-a5aa-4b2d-bfb4-cd1e28f34652,626d1dbc-2d1d-46f8-8fcd-de914a5cc5c8,1702286191369088888
deecc3dd-a5aa-4b2d-bfb4-cd1e28f34652,626d1dbc-2d1d-46f8-8fcd-de914a5cc5c8,1702286191410044444
deecc3dd-a5aa-4b2d-bfb4-cd1e28f34652,626d1dbc-2d1d-46f8-8fcd-de914a5cc5c8,1702286191439311111
deecc3dd-a5aa-4b2d-bfb4-cd1e28f34652,626d1dbc-2d1d-46f8-8fcd-de914a5cc5c8,1702286191468000000
deecc3dd-a5aa-4b2d-bfb4-cd1e28f34652,626d1dbc-2d1d-46f8-8fcd-de914a5cc5c8,1702286191504822222
deecc3dd-a5aa-4b2d-bfb4-cd1e28f34652,626d1dbc-2d1d-46f8-8fcd-de914a5cc5c8,1702286191539666666
deecc3dd-a5aa-4b2d-bfb4-cd1e28f34652,626d1dbc-2d1d-46f8-8fcd-de914a5cc5c8,1702286191570588888
deecc3dd-a5aa-4b2d-bfb4-cd1e28f34652,626d1dbc-2d1d-46f8-8fcd-de914a5cc5c8,1702286191607500000
deecc3dd-a5aa-4b2d-bfb4-cd1e28f34652,626d1dbc-2d1d-46f8-8fcd-de914a5cc5c8,1702286191639188888
deecc3dd-a5aa-4b2d-bfb4-cd1e28f34652,626d1dbc-2d1d-46f8-8fcd-de914a5cc5c8,1702286191675033333
deecc3dd-a5aa-4b2d-bfb4-cd1e28f34652,626d1dbc-2d1d-46f8-8fcd-de914a5cc5c8,1702286191706633333
deecc3dd-a5aa-4b2d-bfb4-cd1e28f34652,626d1dbc-2d1d-46f8-8fcd-de914a5cc5c8,1702286191742122222
deecc3dd-a5aa-4b2d-bfb4-cd1e28f34652,626d1dbc-2d1d-46f8-8fcd-de914a5cc5c8,1702286191771555555
deecc3dd-a5aa-4b2d-bfb4-cd1e28f34652,626d1dbc-2d1d-46f8-8fcd-de914a5cc5c8,1702286191806988888
deecc3dd-a5aa-4b2d-bfb4-cd1e28f34652,626d1dbc-2d1d-46f8-8fcd-de914a5cc5c8,1702286191840844444
deecc3dd-a5aa-4b2d-bfb4-cd1e28f34652,626d1dbc-2d1d-46f8-8fcd-de914a5cc5c8,1702286191871155555
deecc3dd-a5aa-4b2d-bfb4-cd1e28f34652,626d1dbc-2d1d-46f8-8fcd-de914a5cc5c8,1702286191904866666
deecc3dd-a5aa-4b2d-bfb4-cd1e28f34652,626d1dbc-2d1d-46f8-8fcd-de914a5cc5c8,1702286191936900000
deecc3dd-a5aa-4b2d-bfb4-cd1e28f34652,626d1dbc-2d1d-46f8-8fcd-de914a5cc5c8,1702286191973777777
deecc3dd-a5aa-4b2d-bfb4-cd1e28f34652,626d1dbc-2d1d-46f8-8fcd-de914a5cc5c8,1702286192004133333
deecc3dd-a5aa-4b2d-bfb4-cd1e28f34652,626d1dbc-2d1d-46f8-8fcd-de914a5cc5c8,1702286192038722222
deecc3dd-a5aa-4b2d-bfb4-cd1e28f34652,626d1dbc-2d1d-46f8-8fcd-de914a5cc5c8,1702286192068022222
deecc3dd-a5aa-4b2d-bfb4-cd1e28f34652,626d1dbc-2d1d-46f8-8fcd-de914a5cc5c8,1702286192100133333
deecc3dd-a5aa-4b2d-bfb4-cd1e28f34652,626d1dbc-2d1d-46f8-8fcd-de914a5cc5c8,1702286192142222222
deecc3dd-a5aa-4b2d-bfb4-cd1e28f34652,626d1dbc-2d1d-46f8-8fcd-de914a5cc5c8,1702286192171700000
deecc3dd-a5aa-4b2d-bfb4-cd1e28f34652,626d1dbc-2d1d-46f8-8fcd-de914a5cc5c8,1702286192203377777
deecc3dd-a5aa-4b2d-bfb4-cd1e28f34652,626d1dbc-2d1d-46f8-8fcd-de914a5cc5c8,1702286192239911111
deecc3dd-a5aa-4b2d-bfb4-cd1e28f34652,626d1dbc-2d1d-46f8-8fcd-de914a5cc5c8,1702286192273755555
deecc3dd-a5aa-4b2d-bfb4-cd1e28f34652,626d1dbc-2d1d-46f8-8fcd-de914a5cc5c8,1702286192306611111
deecc3dd-a5aa-4b2d-bfb4-cd1e28f34652,626d1dbc-2d1d-46f8-8fcd-de914a5cc5c8,1702286192342555555
deecc3dd-a5aa-4b2d-bfb4-cd1e28f34652,626d1dbc-2d1d-46f8-8fcd-de914a5cc5c8,1702286192374011111
deecc3dd-a5aa-4b2d-bfb4-cd1e28f34652,626d1dbc-2d1d-46f8-8fcd-de914a5cc5c8,1702286192409800000
deecc3dd-a5aa-4b2d-bfb4-cd1e28f34652,626d1dbc-2d1d-46f8-8fcd-de914a5cc5c8,1702286192444099999
deecc3dd-a5aa-4b2d-bfb4-cd1e28f34652,626d1dbc-2d1d-46f8-8fcd-de914a5cc5c8,1702286192468544444
deecc3dd-a5aa-4b2d-bfb4-cd1e28f34652,626d1dbc-2d1d-46f8-8fcd-de914a5cc5c8,1702286192500755555
deecc3dd-a5aa-4b2d-bfb4-cd1e28f34652,626d1dbc-2d1d-46f8-8fcd-de914a5cc5c8,1702286192537444444
deecc3dd-a5aa-4b2d-bfb4-cd1e28f34652,626d1dbc-2d1d-46f8-8fcd-de914a5cc5c8,1702286192577744444
deecc3dd-a5aa-4b2d-bfb4-cd1e28f34652,626d1dbc-2d1d-46f8-8fcd-de914a5cc5c8,1702286192607355555
deecc3dd-a5aa-4b2d-bfb4-cd1e28f34652,626d1dbc-2d1d-46f8-8fcd-de914a5cc5c8,1702286192638311111
deecc3dd-a5aa-4b2d-bfb4-cd1e28f34652,626d1dbc-2d1d-46f8-8fcd-de914a5cc5c8,1702286192668244444
deecc3dd-a5aa-4b2d-bfb4-cd1e28f34652,626d1dbc-2d1d-46f8-8fcd-de914a5cc5c8,1702286192701377777
deecc3dd-a5aa-4b2d-bfb4-cd1e28f34652,626d1dbc-2d1d-46f8-8fcd-de914a5cc5c8,1702286192739688888
deecc3dd-a5aa-4b2d-bfb4-cd1e28f34652,626d1dbc-2d1d-46f8-8fcd-de914a5cc5c8,1702286192770755555
deecc3dd-a5aa-4b2d-bfb4-cd1e28f34652,626d1dbc-2d1d-46f8-8fcd-de914a5cc5c8,1702286192804033333
deecc3dd-a5aa-4b2d-bfb4-cd1e28f34652,626d1dbc-2d1d-46f8-8fcd-de914a5cc5c8,1702286192839122222
deecc3dd-a5aa-4b2d-bfb4-cd1e28f34652,626d1dbc-2d1d-46f8-8fcd-de914a5cc5c8,1702286192870377777
deecc3dd-a5aa-4b2d-bfb4-cd1e28f34652,626d1dbc-2d1d-46f8-8fcd-de914a5cc5c8,1702286192905533333
deecc3dd-a5aa-4b2d-bfb4-cd1e28f34652,626d1dbc-2d1d-46f8-8fcd-de914a5cc5c8,1702286192939922222
deecc3dd-a5aa-4b2d-bfb4-cd1e28f34652,626d1dbc-2d1d-46f8-8fcd-de914a5cc5c8,1702286192971577777
deecc3dd-a5aa-4b2d-bfb4-cd1e28f34652,626d1dbc-2d1d-46f8-8fcd-de914a5cc5c8,1702286193003599999
deecc3dd-a5aa-4b2d-bfb4-cd1e28f34652,626d1dbc-2d1d-46f8-8fcd-de914a5cc5c8,1702286193036677777
deecc3dd-a5aa-4b2d-bfb4-cd1e28f34652,626d1dbc-2d1d-46f8-8fcd-de914a5cc5c8,1702286193068022222
deecc3dd-a5aa-4b2d-bfb4-cd1e28f34652,626d1dbc-2d1d-46f8-8fcd-de914a5cc5c8,1702286193100322222
deecc3dd-a5aa-4b2d-bfb4-cd1e28f34652,626d1dbc-2d1d-46f8-8fcd-de914a5cc5c8,1702286193139211111
deecc3dd-a5aa-4b2d-bfb4-cd1e28f34652,626d1dbc-2d1d-46f8-8fcd-de914a5cc5c8,1702286193171344444
deecc3dd-a5aa-4b2d-bfb4-cd1e28f34652,626d1dbc-2d1d-46f8-8fcd-de914a5cc5c8,1702286193200422222
deecc3dd-a5aa-4b2d-bfb4-cd1e28f34652,626d1dbc-2d1d-46f8-8fcd-de914a5cc5c8,1702286193236066666
deecc3dd-a5aa-4b2d-bfb4-cd1e28f34652,626d1dbc-2d1d-46f8-8fcd-de914a5cc5c8,1702286193269066666
deecc3dd-a5aa-4b2d-bfb4-cd1e28f34652,626d1dbc-2d1d-46f8-8fcd-de914a5cc5c8,1702286193301533333
deecc3dd-a5aa-4b2d-bfb4-cd1e28f34652,626d1dbc-2d1d-46f8-8fcd-de914a5cc5c8,1702286193338266666
deecc3dd-a5aa-4b2d-bfb4-cd1e28f34652,626d1dbc-2d1d-46f8-8fcd-de914a5cc5c8,1702286193374055555
deecc3dd-a5aa-4b2d-bfb4-cd1e28f34652,626d1dbc-2d1d-46f8-8fcd-de914a5cc5c8,1702286193405300000
deecc3dd-a5aa-4b2d-bfb4-cd1e28f34652,626d1dbc-2d1d-46f8-8fcd-de914a5cc5c8,1702286193440022222
deecc3dd-a5aa-4b2d-bfb4-cd1e28f34652,626d1dbc-2d1d-46f8-8fcd-de914a5cc5c8,1702286193473788888
deecc3dd-a5aa-4b2d-bfb4-cd1e28f34652,626d1dbc-2d1d-46f8-8fcd-de914a5cc5c8,1702286193502377777
deecc3dd-a5aa-4b2d-bfb4-cd1e28f34652,626d1dbc-2d1d-46f8-8fcd-de914a5cc5c8,1702286193540533333
deecc3dd-a5aa-4b2d-bfb4-cd1e28f34652,626d1dbc-2d1d-46f8-8fcd-de914a5cc5c8,1702286193573588888
deecc3dd-a5aa-4b2d-bfb4-cd1e28f34652,626d1dbc-2d1d-46f8-8fcd-de914a5cc5c8,1702286193608822222
deecc3dd-a5aa-4b2d-bfb4-cd1e28f34652,626d1dbc-2d1d-46f8-8fcd-de914a5cc5c8,1702286193636877777
deecc3dd-a5aa-4b2d-bfb4-cd1e28f34652,626d1dbc-2d1d-46f8-8fcd-de914a5cc5c8,1702286193668422222
deecc3dd-a5aa-4b2d-bfb4-cd1e28f34652,626d1dbc-2d1d-46f8-8fcd-de914a5cc5c8,1702286193700411111
deecc3dd-a5aa-4b2d-bfb4-cd1e28f34652,626d1dbc-2d1d-46f8-8fcd-de914a5cc5c8,1702286193740055555
deecc3dd-a5aa-4b2d-bfb4-cd1e28f34652,626d1dbc-2d1d-46f8-8fcd-de914a5cc5c8,1702286193768555555
deecc3dd-a5aa-4b2d-bfb4-cd1e28f34652,626d1dbc-2d1d-46f8-8fcd-de914a5cc5c8,1702286193800444444
deecc3dd-a5aa-4b2d-bfb4-cd1e28f34652,626d1dbc-2d1d-46f8-8fcd-de914a5cc5c8,1702286193839244444
deecc3dd-a5aa-4b2d-bfb4-cd1e28f34652,626d1dbc-2d1d-46f8-8fcd-de914a5cc5c8,1702286193875955555
deecc3dd-a5aa-4b2d-bfb4-cd1e28f34652,626d1dbc-2d1d-46f8-8fcd-de914a5cc5c8,1702286193902888888
deecc3dd-a5aa-4b2d-bfb4-cd1e28f34652,626d1dbc-2d1d-46f8-8fcd-de914a5cc5c8,1702286193944033333
deecc3dd-a5aa-4b2d-bfb4-cd1e28f34652,626d1dbc-2d1d-46f8-8fcd-de914a5cc5c8,1702286193973211111
deecc3dd-a5aa-4b2d-bfb4-cd1e28f34652,626d1dbc-2d1d-46f8-8fcd-de914a5cc5c8,1702286194000944444
deecc3dd-a5aa-4b2d-bfb4-cd1e28f34652,626d1dbc-2d1d-46f8-8fcd-de914a5cc5c8,1702286194040588888
deecc3dd-a5aa-4b2d-bfb4-cd1e28f34652,626d1dbc-2d1d-46f8-8fcd-de914a5cc5c8,1702286194074422222
deecc3dd-a5aa-4b2d-bfb4-cd1e28f34652,626d1dbc-2d1d-46f8-8fcd-de914a5cc5c8,1702286194103866666
deecc3dd-a5aa-4b2d-bfb4-cd1e28f34652,626d1dbc-2d1d-46f8-8fcd-de914a5cc5c8,1702286194141866666
deecc3dd-a5aa-4b2d-bfb4-cd1e28f34652,626d1dbc-2d1d-46f8-8fcd-de914a5cc5c8,1702286194172144444
deecc3dd-a5aa-4b2d-bfb4-cd1e28f34652,626d1dbc-2d1d-46f8-8fcd-de914a5cc5c8,1702286194200333333
deecc3dd-a5aa-4b2d-bfb4-cd1e28f34652,626d1dbc-2d1d-46f8-8fcd-de914a5cc5c8,1702286194236922222
deecc3dd-a5aa-4b2d-bfb4-cd1e28f34652,626d1dbc-2d1d-46f8-8fcd-de914a5cc5c8,1702286194269655555
deecc3dd-a5aa-4b2d-bfb4-cd1e28f34652,626d1dbc-2d1d-46f8-8fcd-de914a5cc5c8,1702286194301488888
deecc3dd-a5aa-4b2d-bfb4-cd1e28f34652,626d1dbc-2d1d-46f8-8fcd-de914a5cc5c8,1702286194338666666
deecc3dd-a5aa-4b2d-bfb4-cd1e28f34652,626d1dbc-2d1d-46f8-8fcd-de914a5cc5c8,1702286194369233333
deecc3dd-a5aa-4b2d-bfb4-cd1e28f34652,626d1dbc-2d1d-46f8-8fcd-de914a5cc5c8,1702286194400733333
deecc3dd-a5aa-4b2d-bfb4-cd1e28f34652,626d1dbc-2d1d-46f8-8fcd-de914a5cc5c8,1702286194440722222
deecc3dd-a5aa-4b2d-bfb4-cd1e28f34652,626d1dbc-2d1d-46f8-8fcd-de914a5cc5c8,1702286194475011111
deecc3dd-a5aa-4b2d-bfb4-cd1e28f34652,626d1dbc-2d1d-46f8-8fcd-de914a5cc5c8,1702286194502866666
deecc3dd-a5aa-4b2d-bfb4-cd1e28f34652,626d1dbc-2d1d-46f8-8fcd-de914a5cc5c8,1702286194539966666
deecc3dd-a5aa-4b2d-bfb4-cd1e28f34652,626d1dbc-2d1d-46f8-8fcd-de914a5cc5c8,1702286194571166666
deecc3dd-a5aa-4b2d-bfb4-cd1e28f34652,626d1dbc-2d1d-46f8-8fcd-de914a5cc5c8,1702286194603755555
deecc3dd-a5aa-4b2d-bfb4-cd1e28f34652,626d1dbc-2d1d-46f8-8fcd-de914a5cc5c8,1702286194638600000
deecc3dd-a5aa-4b2d-bfb4-cd1e28f34652,626d1dbc-2d1d-46f8-8fcd-de914a5cc5c8,1702286194673888888
deecc3dd-a5aa-4b2d-bfb4-cd1e28f34652,626d1dbc-2d1d-46f8-8fcd-de914a5cc5c8,1702286194703511111
deecc3dd-a5aa-4b2d-bfb4-cd1e28f34652,626d1dbc-2d1d-46f8-8fcd-de914a5cc5c8,1702286194739744444
deecc3dd-a5aa-4b2d-bfb4-cd1e28f34652,626d1dbc-2d1d-46f8-8fcd-de914a5cc5c8,1702286194768055555
deecc3dd-a5aa-4b2d-bfb4-cd1e28f34652,626d1dbc-2d1d-46f8-8fcd-de914a5cc5c8,1702286194799855555
deecc3dd-a5aa-4b2d-bfb4-cd1e28f34652,626d1dbc-2d1d-46f8-8fcd-de914a5cc5c8,1702286194834577777
deecc3dd-a5aa-4b2d-bfb4-cd1e28f34652,626d1dbc-2d1d-46f8-8fcd-de914a5cc5c8,1702286194872011111
deecc3dd-a5aa-4b2d-bfb4-cd1e28f34652,626d1dbc-2d1d-46f8-8fcd-de914a5cc5c8,1702286194905377777
deecc3dd-a5aa-4b2d-bfb4-cd1e28f34652,626d1dbc-2d1d-46f8-8fcd-de914a5cc5c8,1702286194932233333
deecc3dd-a5aa-4b2d-bfb4-cd1e28f34652,626d1dbc-2d1d-46f8-8fcd-de914a5cc5c8,1702286194967700000
deecc3dd-a5aa-4b2d-bfb4-cd1e28f34652,626d1dbc-2d1d-46f8-8fcd-de914a5cc5c8,1702286195004566666
deecc3dd-a5aa-4b2d-bfb4-cd1e28f34652,626d1dbc-2d1d-46f8-8fcd-de914a5cc5c8,1702286195037622222
deecc3dd-a5aa-4b2d-bfb4-cd1e28f34652,626d1dbc-2d1d-46f8-8fcd-de914a5cc5c8,1702286195071955555
deecc3dd-a5aa-4b2d-bfb4-cd1e28f34652,626d1dbc-2d1d-46f8-8fcd-de914a5cc5c8,1702286195104466666
deecc3dd-a5aa-4b2d-bfb4-cd1e28f34652,626d1dbc-2d1d-46f8-8fcd-de914a5cc5c8,1702286195137122222
deecc3dd-a5aa-4b2d-bfb4-cd1e28f34652,626d1dbc-2d1d-46f8-8fcd-de914a5cc5c8,1702286195172044444
deecc3dd-a5aa-4b2d-bfb4-cd1e28f34652,626d1dbc-2d1d-46f8-8fcd-de914a5cc5c8,1702286195203144444
deecc3dd-a5aa-4b2d-bfb4-cd1e28f34652,626d1dbc-2d1d-46f8-8fcd-de914a5cc5c8,1702286195235366666
deecc3dd-a5aa-4b2d-bfb4-cd1e28f34652,626d1dbc-2d1d-46f8-8fcd-de914a5cc5c8,1702286195270833333
deecc3dd-a5aa-4b2d-bfb4-cd1e28f34652,626d1dbc-2d1d-46f8-8fcd-de914a5cc5c8,1702286195302822222
deecc3dd-a5aa-4b2d-bfb4-cd1e28f34652,626d1dbc-2d1d-46f8-8fcd-de914a5cc5c8,1702286195333722222
deecc3dd-a5aa-4b2d-bfb4-cd1e28f34652,626d1dbc-2d1d-46f8-8fcd-de914a5cc5c8,1702286195367700000
deecc3dd-a5aa-4b2d-bfb4-cd1e28f34652,626d1dbc-2d1d-46f8-8fcd-de914a5cc5c8,1702286195401922222
deecc3dd-a5aa-4b2d-bfb4-cd1e28f34652,626d1dbc-2d1d-46f8-8fcd-de914a5cc5c8,1702286195433155555
deecc3dd-a5aa-4b2d-bfb4-cd1e28f34652,626d1dbc-2d1d-46f8-8fcd-de914a5cc5c8,1702286195471600000
deecc3dd-a5aa-4b2d-bfb4-cd1e28f34652,626d1dbc-2d1d-46f8-8fcd-de914a5cc5c8,1702286195500888888
deecc3dd-a5aa-4b2d-bfb4-cd1e28f34652,626d1dbc-2d1d-46f8-8fcd-de914a5cc5c8,1702286195532066666
deecc3dd-a5aa-4b2d-bfb4-cd1e28f34652,626d1dbc-2d1d-46f8-8fcd-de914a5cc5c8,1702286195567822222
deecc3dd-a5aa-4b2d-bfb4-cd1e28f34652,626d1dbc-2d1d-46f8-8fcd-de914a5cc5c8,1702286195607088888
deecc3dd-a5aa-4b2d-bfb4-cd1e28f34652,626d1dbc-2d1d-46f8-8fcd-de914a5cc5c8,1702286195635922222
deecc3dd-a5aa-4b2d-bfb4-cd1e28f34652,626d1dbc-2d1d-46f8-8fcd-de914a5cc5c8,1702286195670211111
deecc3dd-a5aa-4b2d-bfb4-cd1e28f34652,626d1dbc-2d1d-46f8-8fcd-de914a5cc5c8,1702286195706677777
deecc3dd-a5aa-4b2d-bfb4-cd1e28f34652,626d1dbc-2d1d-46f8-8fcd-de914a5cc5c8,1702286195734388888
deecc3dd-a5aa-4b2d-bfb4-cd1e28f34652,626d1dbc-2d1d-46f8-8fcd-de914a5cc5c8,1702286195771477777
deecc3dd-a5aa-4b2d-bfb4-cd1e28f34652,626d1dbc-2d1d-46f8-8fcd-de914a5cc5c8,1702286195804700000
deecc3dd-a5aa-4b2d-bfb4-cd1e28f34652,626d1dbc-2d1d-46f8-8fcd-de914a5cc5c8,1702286195835288888
deecc3dd-a5aa-4b2d-bfb4-cd1e28f34652,626d1dbc-2d1d-46f8-8fcd-de914a5cc5c8,1702286195870577777
deecc3dd-a5aa-4b2d-bfb4-cd1e28f34652,626d1dbc-2d1d-46f8-8fcd-de914a5cc5c8,1702286195908422222
deecc3dd-a5aa-4b2d-bfb4-cd1e28f34652,626d1dbc-2d1d-46f8-8fcd-de914a5cc5c8,1702286195932511111
deecc3dd-a5aa-4b2d-bfb4-cd1e28f34652,626d1dbc-2d1d-46f8-8fcd-de914a5cc5c8,1702286195970266666
deecc3dd-a5aa-4b2d-bfb4-cd1e28f34652,626d1dbc-2d1d-46f8-8fcd-de914a5cc5c8,1702286196003200000
deecc3dd-a5aa-4b2d-bfb4-cd1e28f34652,626d1dbc-2d1d-46f8-8fcd-de914a5cc5c8,1702286196035144444
deecc3dd-a5aa-4b2d-bfb4-cd1e28f34652,626d1dbc-2d1d-46f8-8fcd-de914a5cc5c8,1702286196069933333
deecc3dd-a5aa-4b2d-bfb4-cd1e28f34652,626d1dbc-2d1d-46f8-8fcd-de914a5cc5c8,1702286196101200000
deecc3dd-a5aa-4b2d-bfb4-cd1e28f34652,626d1dbc-2d1d-46f8-8fcd-de914a5cc5c8,1702286196132633333
deecc3dd-a5aa-4b2d-bfb4-cd1e28f34652,626d1dbc-2d1d-46f8-8fcd-de914a5cc5c8,1702286196169433333
deecc3dd-a5aa-4b2d-bfb4-cd1e28f34652,626d1dbc-2d1d-46f8-8fcd-de914a5cc5c8,1702286196204044444
deecc3dd-a5aa-4b2d-bfb4-cd1e28f34652,626d1dbc-2d1d-46f8-8fcd-de914a5cc5c8,1702286196235111111
deecc3dd-a5aa-4b2d-bfb4-cd1e28f34652,626d1dbc-2d1d-46f8-8fcd-de914a5cc5c8,1702286196270600000
deecc3dd-a5aa-4b2d-bfb4-cd1e28f34652,626d1dbc-2d1d-46f8-8fcd-de914a5cc5c8,1702286196306711111
deecc3dd-a5aa-4b2d-bfb4-cd1e28f34652,626d1dbc-2d1d-46f8-8fcd-de914a5cc5c8,1702286196337577777
deecc3dd-a5aa-4b2d-bfb4-cd1e28f34652,626d1dbc-2d1d-46f8-8fcd-de914a5cc5c8,1702286196370900000
deecc3dd-a5aa-4b2d-bfb4-cd1e28f34652,626d1dbc-2d1d-46f8-8fcd-de914a5cc5c8,1702286196403844444
deecc3dd-a5aa-4b2d-bfb4-cd1e28f34652,626d1dbc-2d1d-46f8-8fcd-de914a5cc5c8,1702286196437211111
deecc3dd-a5aa-4b2d-bfb4-cd1e28f34652,626d1dbc-2d1d-46f8-8fcd-de914a5cc5c8,1702286196472555555
deecc3dd-a5aa-4b2d-bfb4-cd1e28f34652,626d1dbc-2d1d-46f8-8fcd-de914a5cc5c8,1702286196501633333
deecc3dd-a5aa-4b2d-bfb4-cd1e28f34652,626d1dbc-2d1d-46f8-8fcd-de914a5cc5c8,1702286196532144444
deecc3dd-a5aa-4b2d-bfb4-cd1e28f34652,626d1dbc-2d1d-46f8-8fcd-de914a5cc5c8,1702286196568688888
deecc3dd-a5aa-4b2d-bfb4-cd1e28f34652,626d1dbc-2d1d-46f8-8fcd-de914a5cc5c8,1702286196603888888
deecc3dd-a5aa-4b2d-bfb4-cd1e28f34652,626d1dbc-2d1d-46f8-8fcd-de914a5cc5c8,1702286196639011111
deecc3dd-a5aa-4b2d-bfb4-cd1e28f34652,626d1dbc-2d1d-46f8-8fcd-de914a5cc5c8,1702286196668144444
deecc3dd-a5aa-4b2d-bfb4-cd1e28f34652,626d1dbc-2d1d-46f8-8fcd-de914a5cc5c8,1702286196700511111
deecc3dd-a5aa-4b2d-bfb4-cd1e28f34652,626d1dbc-2d1d-46f8-8fcd-de914a5cc5c8,1702286196732144444
deecc3dd-a5aa-4b2d-bfb4-cd1e28f34652,626d1dbc-2d1d-46f8-8fcd-de914a5cc5c8,1702286196771655555
deecc3dd-a5aa-4b2d-bfb4-cd1e28f34652,626d1dbc-2d1d-46f8-8fcd-de914a5cc5c8,1702286196802577777
deecc3dd-a5aa-4b2d-bfb4-cd1e28f34652,626d1dbc-2d1d-46f8-8fcd-de914a5cc5c8,1702286196836500000
deecc3dd-a5aa-4b2d-bfb4-cd1e28f34652,626d1dbc-2d1d-46f8-8fcd-de914a5cc5c8,1702286196870688888
deecc3dd-a5aa-4b2d-bfb4-cd1e28f34652,626d1dbc-2d1d-46f8-8fcd-de914a5cc5c8,1702286196905177777
deecc3dd-a5aa-4b2d-bfb4-cd1e28f34652,626d1dbc-2d1d-46f8-8fcd-de914a5cc5c8,1702286196934811111
deecc3dd-a5aa-4b2d-bfb4-cd1e28f34652,626d1dbc-2d1d-46f8-8fcd-de914a5cc5c8,1702286196971833333
deecc3dd-a5aa-4b2d-bfb4-cd1e28f34652,626d1dbc-2d1d-46f8-8fcd-de914a5cc5c8,1702286197002711111
deecc3dd-a5aa-4b2d-bfb4-cd1e28f34652,626d1dbc-2d1d-46f8-8fcd-de914a5cc5c8,1702286197036200000
deecc3dd-a5aa-4b2d-bfb4-cd1e28f34652,626d1dbc-2d1d-46f8-8fcd-de914a5cc5c8,1702286197072411111
deecc3dd-a5aa-4b2d-bfb4-cd1e28f34652,626d1dbc-2d1d-46f8-8fcd-de914a5cc5c8,1702286197101755555
deecc3dd-a5aa-4b2d-bfb4-cd1e28f34652,626d1dbc-2d1d-46f8-8fcd-de914a5cc5c8,1702286197132066666
deecc3dd-a5aa-4b2d-bfb4-cd1e28f34652,626d1dbc-2d1d-46f8-8fcd-de914a5cc5c8,1702286197170277777
deecc3dd-a5aa-4b2d-bfb4-cd1e28f34652,626d1dbc-2d1d-46f8-8fcd-de914a5cc5c8,1702286197202488888
deecc3dd-a5aa-4b2d-bfb4-cd1e28f34652,626d1dbc-2d1d-46f8-8fcd-de914a5cc5c8,1702286197231966666
deecc3dd-a5aa-4b2d-bfb4-cd1e28f34652,626d1dbc-2d1d-46f8-8fcd-de914a5cc5c8,1702286197269255555
deecc3dd-a5aa-4b2d-bfb4-cd1e28f34652,626d1dbc-2d1d-46f8-8fcd-de914a5cc5c8,1702286197300333333
deecc3dd-a5aa-4b2d-bfb4-cd1e28f34652,626d1dbc-2d1d-46f8-8fcd-de914a5cc5c8,1702286197333455555
deecc3dd-a5aa-4b2d-bfb4-cd1e28f34652,626d1dbc-2d1d-46f8-8fcd-de914a5cc5c8,1702286197372311111
deecc3dd-a5aa-4b2d-bfb4-cd1e28f34652,626d1dbc-2d1d-46f8-8fcd-de914a5cc5c8,1702286197404500000
deecc3dd-a5aa-4b2d-bfb4-cd1e28f34652,626d1dbc-2d1d-46f8-8fcd-de914a5cc5c8,1702286197437033333
deecc3dd-a5aa-4b2d-bfb4-cd1e28f34652,626d1dbc-2d1d-46f8-8fcd-de914a5cc5c8,1702286197470766666
deecc3dd-a5aa-4b2d-bfb4-cd1e28f34652,626d1dbc-2d1d-46f8-8fcd-de914a5cc5c8,1702286197502800000
deecc3dd-a5aa-4b2d-bfb4-cd1e28f34652,626d1dbc-2d1d-46f8-8fcd-de914a5cc5c8,1702286197538088888
deecc3dd-a5aa-4b2d-bfb4-cd1e28f34652,626d1dbc-2d1d-46f8-8fcd-de914a5cc5c8,1702286197572288888
deecc3dd-a5aa-4b2d-bfb4-cd1e28f34652,626d1dbc-2d1d-46f8-8fcd-de914a5cc5c8,1702286197604688888
deecc3dd-a5aa-4b2d-bfb4-cd1e28f34652,626d1dbc-2d1d-46f8-8fcd-de914a5cc5c8,1702286197636755555
deecc3dd-a5aa-4b2d-bfb4-cd1e28f34652,626d1dbc-2d1d-46f8-8fcd-de914a5cc5c8,1702286197669155555
deecc3dd-a5aa-4b2d-bfb4-cd1e28f34652,626d1dbc-2d1d-46f8-8fcd-de914a5cc5c8,1702286197700066666
deecc3dd-a5aa-4b2d-bfb4-cd1e28f34652,626d1dbc-2d1d-46f8-8fcd-de914a5cc5c8,1702286197732677777
deecc3dd-a5aa-4b2d-bfb4-cd1e28f34652,626d1dbc-2d1d-46f8-8fcd-de914a5cc5c8,1702286197771233333
deecc3dd-a5aa-4b2d-bfb4-cd1e28f34652,626d1dbc-2d1d-46f8-8fcd-de914a5cc5c8,1702286197804466666
deecc3dd-a5aa-4b2d-bfb4-cd1e28f34652,626d1dbc-2d1d-46f8-8fcd-de914a5cc5c8,1702286197834711111
deecc3dd-a5aa-4b2d-bfb4-cd1e28f34652,626d1dbc-2d1d-46f8-8fcd-de914a5cc5c8,1702286197865933333
deecc3dd-a5aa-4b2d-bfb4-cd1e28f34652,626d1dbc-2d1d-46f8-8fcd-de914a5cc5c8,1702286197902455555
deecc3dd-a5aa-4b2d-bfb4-cd1e28f34652,626d1dbc-2d1d-46f8-8fcd-de914a5cc5c8,1702286197938633333
deecc3dd-a5aa-4b2d-bfb4-cd1e28f34652,626d1dbc-2d1d-46f8-8fcd-de914a5cc5c8,1702286197969844444
deecc3dd-a5aa-4b2d-bfb4-cd1e28f34652,626d1dbc-2d1d-46f8-8fcd-de914a5cc5c8,1702286198003611111
deecc3dd-a5aa-4b2d-bfb4-cd1e28f34652,626d1dbc-2d1d-46f8-8fcd-de914a5cc5c8,1702286198038277777
deecc3dd-a5aa-4b2d-bfb4-cd1e28f34652,626d1dbc-2d1d-46f8-8fcd-de914a5cc5c8,1702286198068033333
deecc3dd-a5aa-4b2d-bfb4-cd1e28f34652,626d1dbc-2d1d-46f8-8fcd-de914a5cc5c8,1702286198103600000
deecc3dd-a5aa-4b2d-bfb4-cd1e28f34652,626d1dbc-2d1d-46f8-8fcd-de914a5cc5c8,1702286198136844444
deecc3dd-a5aa-4b2d-bfb4-cd1e28f34652,626d1dbc-2d1d-46f8-8fcd-de914a5cc5c8,1702286198166600000
deecc3dd-a5aa-4b2d-bfb4-cd1e28f34652,626d1dbc-2d1d-46f8-8fcd-de914a5cc5c8,1702286198206844444
deecc3dd-a5aa-4b2d-bfb4-cd1e28f34652,626d1dbc-2d1d-46f8-8fcd-de914a5cc5c8,1702286198237933333
deecc3dd-a5aa-4b2d-bfb4-cd1e28f34652,626d1dbc-2d1d-46f8-8fcd-de914a5cc5c8,1702286198263611111
deecc3dd-a5aa-4b2d-bfb4-cd1e28f34652,626d1dbc-2d1d-46f8-8fcd-de914a5cc5c8,1702286198301566666
deecc3dd-a5aa-4b2d-bfb4-cd1e28f34652,626d1dbc-2d1d-46f8-8fcd-de914a5cc5c8,1702286198332077777
deecc3dd-a5aa-4b2d-bfb4-cd1e28f34652,626d1dbc-2d1d-46f8-8fcd-de914a5cc5c8,1702286198365922222
deecc3dd-a5aa-4b2d-bfb4-cd1e28f34652,626d1dbc-2d1d-46f8-8fcd-de914a5cc5c8,1702286198400500000
deecc3dd-a5aa-4b2d-bfb4-cd1e28f34652,626d1dbc-2d1d-46f8-8fcd-de914a5cc5c8,1702286198432200000
deecc3dd-a5aa-4b2d-bfb4-cd1e28f34652,626d1dbc-2d1d-46f8-8fcd-de914a5cc5c8,1702286198463988888
deecc3dd-a5aa-4b2d-bfb4-cd1e28f34652,626d1dbc-2d1d-46f8-8fcd-de914a5cc5c8,1702286198504733333
deecc3dd-a5aa-4b2d-bfb4-cd1e28f34652,626d1dbc-2d1d-46f8-8fcd-de914a5cc5c8,1702286198536877777
deecc3dd-a5aa-4b2d-bfb4-cd1e28f34652,626d1dbc-2d1d-46f8-8fcd-de914a5cc5c8,1702286198568600000
deecc3dd-a5aa-4b2d-bfb4-cd1e28f34652,626d1dbc-2d1d-46f8-8fcd-de914a5cc5c8,1702286198603966666
deecc3dd-a5aa-4b2d-bfb4-cd1e28f34652,626d1dbc-2d1d-46f8-8fcd-de914a5cc5c8,1702286198633533333
deecc3dd-a5aa-4b2d-bfb4-cd1e28f34652,626d1dbc-2d1d-46f8-8fcd-de914a5cc5c8,1702286198671533333
deecc3dd-a5aa-4b2d-bfb4-cd1e28f34652,626d1dbc-2d1d-46f8-8fcd-de914a5cc5c8,1702286198703466666
deecc3dd-a5aa-4b2d-bfb4-cd1e28f34652,626d1dbc-2d1d-46f8-8fcd-de914a5cc5c8,1702286198735011111
deecc3dd-a5aa-4b2d-bfb4-cd1e28f34652,626d1dbc-2d1d-46f8-8fcd-de914a5cc5c8,1702286198769666666
deecc3dd-a5aa-4b2d-bfb4-cd1e28f34652,626d1dbc-2d1d-46f8-8fcd-de914a5cc5c8,1702286198807055555
deecc3dd-a5aa-4b2d-bfb4-cd1e28f34652,626d1dbc-2d1d-46f8-8fcd-de914a5cc5c8,1702286198833388888
deecc3dd-a5aa-4b2d-bfb4-cd1e28f34652,626d1dbc-2d1d-46f8-8fcd-de914a5cc5c8,1702286198864700000
deecc3dd-a5aa-4b2d-bfb4-cd1e28f34652,626d1dbc-2d1d-46f8-8fcd-de914a5cc5c8,1702286198904577777
deecc3dd-a5aa-4b2d-bfb4-cd1e28f34652,626d1dbc-2d1d-46f8-8fcd-de914a5cc5c8,1702286198938788888
deecc3dd-a5aa-4b2d-bfb4-cd1e28f34652,626d1dbc-2d1d-46f8-8fcd-de914a5cc5c8,1702286198970433333
deecc3dd-a5aa-4b2d-bfb4-cd1e28f34652,626d1dbc-2d1d-46f8-8fcd-de914a5cc5c8,1702286199000533333
deecc3dd-a5aa-4b2d-bfb4-cd1e28f34652,626d1dbc-2d1d-46f8-8fcd-de914a5cc5c8,1702286199032655555
deecc3dd-a5aa-4b2d-bfb4-cd1e28f34652,626d1dbc-2d1d-46f8-8fcd-de914a5cc5c8,1702286199068944444
deecc3dd-a5aa-4b2d-bfb4-cd1e28f34652,626d1dbc-2d1d-46f8-8fcd-de914a5cc5c8,1702286199105000000
deecc3dd-a5aa-4b2d-bfb4-cd1e28f34652,626d1dbc-2d1d-46f8-8fcd-de914a5cc5c8,1702286199134955555
deecc3dd-a5aa-4b2d-bfb4-cd1e28f34652,626d1dbc-2d1d-46f8-8fcd-de914a5cc5c8,1702286199170255555
deecc3dd-a5aa-4b2d-bfb4-cd1e28f34652,626d1dbc-2d1d-46f8-8fcd-de914a5cc5c8,1702286199206955555
deecc3dd-a5aa-4b2d-bfb4-cd1e28f34652,626d1dbc-2d1d-46f8-8fcd-de914a5cc5c8,1702286199234822222
deecc3dd-a5aa-4b2d-bfb4-cd1e28f34652,626d1dbc-2d1d-46f8-8fcd-de914a5cc5c8,1702286199269122222
deecc3dd-a5aa-4b2d-bfb4-cd1e28f34652,626d1dbc-2d1d-46f8-8fcd-de914a5cc5c8,1702286199303611111
deecc3dd-a5aa-4b2d-bfb4-cd1e28f34652,626d1dbc-2d1d-46f8-8fcd-de914a5cc5c8,1702286199335966666
deecc3dd-a5aa-4b2d-bfb4-cd1e28f34652,626d1dbc-2d1d-46f8-8fcd-de914a5cc5c8,1702286199369800000
deecc3dd-a5aa-4b2d-bfb4-cd1e28f34652,626d1dbc-2d1d-46f8-8fcd-de914a5cc5c8,1702286199400377777
deecc3dd-a5aa-4b2d-bfb4-cd1e28f34652,626d1dbc-2d1d-46f8-8fcd-de914a5cc5c8,1702286199433900000
deecc3dd-a5aa-4b2d-bfb4-cd1e28f34652,626d1dbc-2d1d-46f8-8fcd-de914a5cc5c8,1702286199464222222
deecc3dd-a5aa-4b2d-bfb4-cd1e28f34652,626d1dbc-2d1d-46f8-8fcd-de914a5cc5c8,1702286199505288888
deecc3dd-a5aa-4b2d-bfb4-cd1e28f34652,626d1dbc-2d1d-46f8-8fcd-de914a5cc5c8,1702286199538144444
deecc3dd-a5aa-4b2d-bfb4-cd1e28f34652,626d1dbc-2d1d-46f8-8fcd-de914a5cc5c8,1702286199564800000
deecc3dd-a5aa-4b2d-bfb4-cd1e28f34652,626d1dbc-2d1d-46f8-8fcd-de914a5cc5c8,1702286199600288888
deecc3dd-a5aa-4b2d-bfb4-cd1e28f34652,626d1dbc-2d1d-46f8-8fcd-de914a5cc5c8,1702286199632677777
deecc3dd-a5aa-4b2d-bfb4-cd1e28f34652,626d1dbc-2d1d-46f8-8fcd-de914a5cc5c8,1702286199667211111
deecc3dd-a5aa-4b2d-bfb4-cd1e28f34652,626d1dbc-2d1d-46f8-8fcd-de914a5cc5c8,1702286199701622222
deecc3dd-a5aa-4b2d-bfb4-cd1e28f34652,626d1dbc-2d1d-46f8-8fcd-de914a5cc5c8,1702286199733377777
deecc3dd-a5aa-4b2d-bfb4-cd1e28f34652,626d1dbc-2d1d-46f8-8fcd-de914a5cc5c8,1702286199766300000
deecc3dd-a5aa-4b2d-bfb4-cd1e28f34652,626d1dbc-2d1d-46f8-8fcd-de914a5cc5c8,1702286199802622222
deecc3dd-a5aa-4b2d-bfb4-cd1e28f34652,626d1dbc-2d1d-46f8-8fcd-de914a5cc5c8,1702286199837911111
deecc3dd-a5aa-4b2d-bfb4-cd1e28f34652,626d1dbc-2d1d-46f8-8fcd-de914a5cc5c8,1702286199867333333
deecc3dd-a5aa-4b2d-bfb4-cd1e28f34652,626d1dbc-2d1d-46f8-8fcd-de914a5cc5c8,1702286199903622222
deecc3dd-a5aa-4b2d-bfb4-cd1e28f34652,626d1dbc-2d1d-46f8-8fcd-de914a5cc5c8,1702286199933966666
deecc3dd-a5aa-4b2d-bfb4-cd1e28f34652,626d1dbc-2d1d-46f8-8fcd-de914a5cc5c8,1702286199967311111
deecc3dd-a5aa-4b2d-bfb4-cd1e28f34652,626d1dbc-2d1d-46f8-8fcd-de914a5cc5c8,1702286200000111111
deecc3dd-a5aa-4b2d-bfb4-cd1e28f34652,626d1dbc-2d1d-46f8-8fcd-de914a5cc5c8,1702286200032133333
deecc3dd-a5aa-4b2d-bfb4-cd1e28f34652,626d1dbc-2d1d-46f8-8fcd-de914a5cc5c8,1702286200068488888
deecc3dd-a5aa-4b2d-bfb4-cd1e28f34652,626d1dbc-2d1d-46f8-8fcd-de914a5cc5c8,1702286200101988888
deecc3dd-a5aa-4b2d-bfb4-cd1e28f34652,626d1dbc-2d1d-46f8-8fcd-de914a5cc5c8,1702286200133600000
deecc3dd-a5aa-4b2d-bfb4-cd1e28f34652,626d1dbc-2d1d-46f8-8fcd-de914a5cc5c8,1702286200164355555
deecc3dd-a5aa-4b2d-bfb4-cd1e28f34652,626d1dbc-2d1d-46f8-8fcd-de914a5cc5c8,1702286200201211111
deecc3dd-a5aa-4b2d-bfb4-cd1e28f34652,626d1dbc-2d1d-46f8-8fcd-de914a5cc5c8,1702286200235888888
deecc3dd-a5aa-4b2d-bfb4-cd1e28f34652,626d1dbc-2d1d-46f8-8fcd-de914a5cc5c8,1702286200268200000
deecc3dd-a5aa-4b2d-bfb4-cd1e28f34652,626d1dbc-2d1d-46f8-8fcd-de914a5cc5c8,1702286200301966666
deecc3dd-a5aa-4b2d-bfb4-cd1e28f34652,626d1dbc-2d1d-46f8-8fcd-de914a5cc5c8,1702286200332911111
deecc3dd-a5aa-4b2d-bfb4-cd1e28f34652,626d1dbc-2d1d-46f8-8fcd-de914a5cc5c8,1702286200364566666
deecc3dd-a5aa-4b2d-bfb4-cd1e28f34652,626d1dbc-2d1d-46f8-8fcd-de914a5cc5c8,1702286200402044444
deecc3dd-a5aa-4b2d-bfb4-cd1e28f34652,626d1dbc-2d1d-46f8-8fcd-de914a5cc5c8,1702286200440622222
deecc3dd-a5aa-4b2d-bfb4-cd1e28f34652,626d1dbc-2d1d-46f8-8fcd-de914a5cc5c8,1702286200466900000
deecc3dd-a5aa-4b2d-bfb4-cd1e28f34652,626d1dbc-2d1d-46f8-8fcd-de914a5cc5c8,1702286200504333333
deecc3dd-a5aa-4b2d-bfb4-cd1e28f34652,626d1dbc-2d1d-46f8-8fcd-de914a5cc5c8,1702286200535833333
deecc3dd-a5aa-4b2d-bfb4-cd1e28f34652,626d1dbc-2d1d-46f8-8fcd-de914a5cc5c8,1702286200565422222
deecc3dd-a5aa-4b2d-bfb4-cd1e28f34652,626d1dbc-2d1d-46f8-8fcd-de914a5cc5c8,1702286200601111111
deecc3dd-a5aa-4b2d-bfb4-cd1e28f34652,626d1dbc-2d1d-46f8-8fcd-de914a5cc5c8,1702286200632333333
deecc3dd-a5aa-4b2d-bfb4-cd1e28f34652,626d1dbc-2d1d-46f8-8fcd-de914a5cc5c8,1702286200668233333
deecc3dd-a5aa-4b2d-bfb4-cd1e28f34652,626d1dbc-2d1d-46f8-8fcd-de914a5cc5c8,1702286200701677777
deecc3dd-a5aa-4b2d-bfb4-cd1e28f34652,626d1dbc-2d1d-46f8-8fcd-de914a5cc5c8,1702286200732211111
deecc3dd-a5aa-4b2d-bfb4-cd1e28f34652,626d1dbc-2d1d-46f8-8fcd-de914a5cc5c8,1702286200763911111
deecc3dd-a5aa-4b2d-bfb4-cd1e28f34652,626d1dbc-2d1d-46f8-8fcd-de914a5cc5c8,1702286200800766666
deecc3dd-a5aa-4b2d-bfb4-cd1e28f34652,626d1dbc-2d1d-46f8-8fcd-de914a5cc5c8,1702286200839277777
deecc3dd-a5aa-4b2d-bfb4-cd1e28f34652,626d1dbc-2d1d-46f8-8fcd-de914a5cc5c8,1702286200867800000
deecc3dd-a5aa-4b2d-bfb4-cd1e28f34652,626d1dbc-2d1d-46f8-8fcd-de914a5cc5c8,1702286200903000000
deecc3dd-a5aa-4b2d-bfb4-cd1e28f34652,626d1dbc-2d1d-46f8-8fcd-de914a5cc5c8,1702286200938400000
deecc3dd-a5aa-4b2d-bfb4-cd1e28f34652,626d1dbc-2d1d-46f8-8fcd-de914a5cc5c8,1702286200967533333
deecc3dd-a5aa-4b2d-bfb4-cd1e28f34652,626d1dbc-2d1d-46f8-8fcd-de914a5cc5c8,1702286201002911111
deecc3dd-a5aa-4b2d-bfb4-cd1e28f34652,626d1dbc-2d1d-46f8-8fcd-de914a5cc5c8,1702286201035877777
deecc3dd-a5aa-4b2d-bfb4-cd1e28f34652,626d1dbc-2d1d-46f8-8fcd-de914a5cc5c8,1702286201066700000
deecc3dd-a5aa-4b2d-bfb4-cd1e28f34652,626d1dbc-2d1d-46f8-8fcd-de914a5cc5c8,1702286201100111111
deecc3dd-a5aa-4b2d-bfb4-cd1e28f34652,626d1dbc-2d1d-46f8-8fcd-de914a5cc5c8,1702286201135200000
deecc3dd-a5aa-4b2d-bfb4-cd1e28f34652,626d1dbc-2d1d-46f8-8fcd-de914a5cc5c8,1702286201164655555
deecc3dd-a5aa-4b2d-bfb4-cd1e28f34652,626d1dbc-2d1d-46f8-8fcd-de914a5cc5c8,1702286201196133333
deecc3dd-a5aa-4b2d-bfb4-cd1e28f34652,626d1dbc-2d1d-46f8-8fcd-de914a5cc5c8,1702286201232800000
deecc3dd-a5aa-4b2d-bfb4-cd1e28f34652,626d1dbc-2d1d-46f8-8fcd-de914a5cc5c8,1702286201270533333
deecc3dd-a5aa-4b2d-bfb4-cd1e28f34652,626d1dbc-2d1d-46f8-8fcd-de914a5cc5c8,1702286201296611111
deecc3dd-a5aa-4b2d-bfb4-cd1e28f34652,626d1dbc-2d1d-46f8-8fcd-de914a5cc5c8,1702286201332033333
deecc3dd-a5aa-4b2d-bfb4-cd1e28f34652,626d1dbc-2d1d-46f8-8fcd-de914a5cc5c8,1702286201364044444
deecc3dd-a5aa-4b2d-bfb4-cd1e28f34652,626d1dbc-2d1d-46f8-8fcd-de914a5cc5c8,1702286201397211111
deecc3dd-a5aa-4b2d-bfb4-cd1e28f34652,626d1dbc-2d1d-46f8-8fcd-de914a5cc5c8,1702286201435244444
deecc3dd-a5aa-4b2d-bfb4-cd1e28f34652,626d1dbc-2d1d-46f8-8fcd-de914a5cc5c8,1702286201467377777
deecc3dd-a5aa-4b2d-bfb4-cd1e28f34652,626d1dbc-2d1d-46f8-8fcd-de914a5cc5c8,1702286201501711111
deecc3dd-a5aa-4b2d-bfb4-cd1e28f34652,626d1dbc-2d1d-46f8-8fcd-de914a5cc5c8,1702286201534966666
deecc3dd-a5aa-4b2d-bfb4-cd1e28f34652,626d1dbc-2d1d-46f8-8fcd-de914a5cc5c8,1702286201567444444
deecc3dd-a5aa-4b2d-bfb4-cd1e28f34652,626d1dbc-2d1d-46f8-8fcd-de914a5cc5c8,1702286201601155555
deecc3dd-a5aa-4b2d-bfb4-cd1e28f34652,626d1dbc-2d1d-46f8-8fcd-de914a5cc5c8,1702286201638088888
deecc3dd-a5aa-4b2d-bfb4-cd1e28f34652,626d1dbc-2d1d-46f8-8fcd-de914a5cc5c8,1702286201670300000
deecc3dd-a5aa-4b2d-bfb4-cd1e28f34652,626d1dbc-2d1d-46f8-8fcd-de914a5cc5c8,1702286201700355555
deecc3dd-a5aa-4b2d-bfb4-cd1e28f34652,626d1dbc-2d1d-46f8-8fcd-de914a5cc5c8,1702286201734688888
deecc3dd-a5aa-4b2d-bfb4-cd1e28f34652,626d1dbc-2d1d-46f8-8fcd-de914a5cc5c8,1702286201764433333
deecc3dd-a5aa-4b2d-bfb4-cd1e28f34652,626d1dbc-2d1d-46f8-8fcd-de914a5cc5c8,1702286201796422222
deecc3dd-a5aa-4b2d-bfb4-cd1e28f34652,626d1dbc-2d1d-46f8-8fcd-de914a5cc5c8,1702286201835400000
deecc3dd-a5aa-4b2d-bfb4-cd1e28f34652,626d1dbc-2d1d-46f8-8fcd-de914a5cc5c8,1702286201866755555
deecc3dd-a5aa-4b2d-bfb4-cd1e28f34652,626d1dbc-2d1d-46f8-8fcd-de914a5cc5c8,1702286201897400000
deecc3dd-a5aa-4b2d-bfb4-cd1e28f34652,626d1dbc-2d1d-46f8-8fcd-de914a5cc5c8,1702286201932055555
deecc3dd-a5aa-4b2d-bfb4-cd1e28f34652,626d1dbc-2d1d-46f8-8fcd-de914a5cc5c8,1702286201965177777
deecc3dd-a5aa-4b2d-bfb4-cd1e28f34652,626d1dbc-2d1d-46f8-8fcd-de914a5cc5c8,1702286201997544444
deecc3dd-a5aa-4b2d-bfb4-cd1e28f34652,626d1dbc-2d1d-46f8-8fcd-de914a5cc5c8,1702286202035922222
deecc3dd-a5aa-4b2d-bfb4-cd1e28f34652,626d1dbc-2d1d-46f8-8fcd-de914a5cc5c8,1702286202066733333
deecc3dd-a5aa-4b2d-bfb4-cd1e28f34652,626d1dbc-2d1d-46f8-8fcd-de914a5cc5c8,1702286202098922222
deecc3dd-a5aa-4b2d-bfb4-cd1e28f34652,626d1dbc-2d1d-46f8-8fcd-de914a5cc5c8,1702286202136133333
deecc3dd-a5aa-4b2d-bfb4-cd1e28f34652,626d1dbc-2d1d-46f8-8fcd-de914a5cc5c8,1702286202170066666
deecc3dd-a5aa-4b2d-bfb4-cd1e28f34652,626d1dbc-2d1d-46f8-8fcd-de914a5cc5c8,1702286202198777777
deecc3dd-a5aa-4b2d-bfb4-cd1e28f34652,626d1dbc-2d1d-46f8-8fcd-de914a5cc5c8,1702286202235055555
deecc3dd-a5aa-4b2d-bfb4-cd1e28f34652,626d1dbc-2d1d-46f8-8fcd-de914a5cc5c8,1702286202269533333
deecc3dd-a5aa-4b2d-bfb4-cd1e28f34652,626d1dbc-2d1d-46f8-8fcd-de914a5cc5c8,1702286202298433333
deecc3dd-a5aa-4b2d-bfb4-cd1e28f34652,626d1dbc-2d1d-46f8-8fcd-de914a5cc5c8,1702286202332555555
deecc3dd-a5aa-4b2d-bfb4-cd1e28f34652,626d1dbc-2d1d-46f8-8fcd-de914a5cc5c8,1702286202364500000
deecc3dd-a5aa-4b2d-bfb4-cd1e28f34652,626d1dbc-2d1d-46f8-8fcd-de914a5cc5c8,1702286202397544444
deecc3dd-a5aa-4b2d-bfb4-cd1e28f34652,626d1dbc-2d1d-46f8-8fcd-de914a5cc5c8,1702286202434066666
deecc3dd-a5aa-4b2d-bfb4-cd1e28f34652,626d1dbc-2d1d-46f8-8fcd-de914a5cc5c8,1702286202464766666
deecc3dd-a5aa-4b2d-bfb4-cd1e28f34652,626d1dbc-2d1d-46f8-8fcd-de914a5cc5c8,1702286202497355555
deecc3dd-a5aa-4b2d-bfb4-cd1e28f34652,626d1dbc-2d1d-46f8-8fcd-de914a5cc5c8,1702286202535222222
deecc3dd-a5aa-4b2d-bfb4-cd1e28f34652,626d1dbc-2d1d-46f8-8fcd-de914a5cc5c8,1702286202570000000
deecc3dd-a5aa-4b2d-bfb4-cd1e28f34652,626d1dbc-2d1d-46f8-8fcd-de914a5cc5c8,1702286202599400000
deecc3dd-a5aa-4b2d-bfb4-cd1e28f34652,626d1dbc-2d1d-46f8-8fcd-de914a5cc5c8,1702286202635877777
deecc3dd-a5aa-4b2d-bfb4-cd1e28f34652,626d1dbc-2d1d-46f8-8fcd-de914a5cc5c8,1702286202669522222
deecc3dd-a5aa-4b2d-bfb4-cd1e28f34652,626d1dbc-2d1d-46f8-8fcd-de914a5cc5c8,1702286202699666666
deecc3dd-a5aa-4b2d-bfb4-cd1e28f34652,626d1dbc-2d1d-46f8-8fcd-de914a5cc5c8,1702286202735522222
deecc3dd-a5aa-4b2d-bfb4-cd1e28f34652,626d1dbc-2d1d-46f8-8fcd-de914a5cc5c8,1702286202770877777
deecc3dd-a5aa-4b2d-bfb4-cd1e28f34652,626d1dbc-2d1d-46f8-8fcd-de914a5cc5c8,1702286202799500000
deecc3dd-a5aa-4b2d-bfb4-cd1e28f34652,626d1dbc-2d1d-46f8-8fcd-de914a5cc5c8,1702286202836011111
deecc3dd-a5aa-4b2d-bfb4-cd1e28f34652,626d1dbc-2d1d-46f8-8fcd-de914a5cc5c8,1702286202866588888
deecc3dd-a5aa-4b2d-bfb4-cd1e28f34652,626d1dbc-2d1d-46f8-8fcd-de914a5cc5c8,1702286202896144444
deecc3dd-a5aa-4b2d-bfb4-cd1e28f34652,626d1dbc-2d1d-46f8-8fcd-de914a5cc5c8,1702286202931777777
deecc3dd-a5aa-4b2d-bfb4-cd1e28f34652,626d1dbc-2d1d-46f8-8fcd-de914a5cc5c8,1702286202965011111
deecc3dd-a5aa-4b2d-bfb4-cd1e28f34652,626d1dbc-2d1d-46f8-8fcd-de914a5cc5c8,1702286202998066666
deecc3dd-a5aa-4b2d-bfb4-cd1e28f34652,626d1dbc-2d1d-46f8-8fcd-de914a5cc5c8,1702286203032111111
deecc3dd-a5aa-4b2d-bfb4-cd1e28f34652,626d1dbc-2d1d-46f8-8fcd-de914a5cc5c8,1702286203064677777
deecc3dd-a5aa-4b2d-bfb4-cd1e28f34652,626d1dbc-2d1d-46f8-8fcd-de914a5cc5c8,1702286203096877777
deecc3dd-a5aa-4b2d-bfb4-cd1e28f34652,626d1dbc-2d1d-46f8-8fcd-de914a5cc5c8,1702286203135788888
deecc3dd-a5aa-4b2d-bfb4-cd1e28f34652,626d1dbc-2d1d-46f8-8fcd-de914a5cc5c8,1702286203169988888
deecc3dd-a5aa-4b2d-bfb4-cd1e28f34652,626d1dbc-2d1d-46f8-8fcd-de914a5cc5c8,1702286203202733333
deecc3dd-a5aa-4b2d-bfb4-cd1e28f34652,626d1dbc-2d1d-46f8-8fcd-de914a5cc5c8,1702286203235733333
deecc3dd-a5aa-4b2d-bfb4-cd1e28f34652,626d1dbc-2d1d-46f8-8fcd-de914a5cc5c8,1702286203266888888
deecc3dd-a5aa-4b2d-bfb4-cd1e28f34652,626d1dbc-2d1d-46f8-8fcd-de914a5cc5c8,1702286203295977777
deecc3dd-a5aa-4b2d-bfb4-cd1e28f34652,626d1dbc-2d1d-46f8-8fcd-de914a5cc5c8,1702286203336433333
deecc3dd-a5aa-4b2d-bfb4-cd1e28f34652,626d1dbc-2d1d-46f8-8fcd-de914a5cc5c8,1702286203368133333
deecc3dd-a5aa-4b2d-bfb4-cd1e28f34652,626d1dbc-2d1d-46f8-8fcd-de914a5cc5c8,1702286203404022222
deecc3dd-a5aa-4b2d-bfb4-cd1e28f34652,626d1dbc-2d1d-46f8-8fcd-de914a5cc5c8,1702286203434677777
deecc3dd-a5aa-4b2d-bfb4-cd1e28f34652,626d1dbc-2d1d-46f8-8fcd-de914a5cc5c8,1702286203464577777
deecc3dd-a5aa-4b2d-bfb4-cd1e28f34652,626d1dbc-2d1d-46f8-8fcd-de914a5cc5c8,1702286203496455555
deecc3dd-a5aa-4b2d-bfb4-cd1e28f34652,626d1dbc-2d1d-46f8-8fcd-de914a5cc5c8,1702286203536288888
deecc3dd-a5aa-4b2d-bfb4-cd1e28f34652,626d1dbc-2d1d-46f8-8fcd-de914a5cc5c8,1702286203568944444
deecc3dd-a5aa-4b2d-bfb4-cd1e28f34652,626d1dbc-2d1d-46f8-8fcd-de914a5cc5c8,1702286203596022222
deecc3dd-a5aa-4b2d-bfb4-cd1e28f34652,626d1dbc-2d1d-46f8-8fcd-de914a5cc5c8,1702286203634122222
deecc3dd-a5aa-4b2d-bfb4-cd1e28f34652,626d1dbc-2d1d-46f8-8fcd-de914a5cc5c8,1702286203665611111
deecc3dd-a5aa-4b2d-bfb4-cd1e28f34652,626d1dbc-2d1d-46f8-8fcd-de914a5cc5c8,1702286203700611111
deecc3dd-a5aa-4b2d-bfb4-cd1e28f34652,626d1dbc-2d1d-46f8-8fcd-de914a5cc5c8,1702286203735322222
deecc3dd-a5aa-4b2d-bfb4-cd1e28f34652,626d1dbc-2d1d-46f8-8fcd-de914a5cc5c8,1702286203769300000
deecc3dd-a5aa-4b2d-bfb4-cd1e28f34652,626d1dbc-2d1d-46f8-8fcd-de914a5cc5c8,1702286203801633333
deecc3dd-a5aa-4b2d-bfb4-cd1e28f34652,626d1dbc-2d1d-46f8-8fcd-de914a5cc5c8,1702286203836455555
deecc3dd-a5aa-4b2d-bfb4-cd1e28f34652,626d1dbc-2d1d-46f8-8fcd-de914a5cc5c8,1702286203868033333
deecc3dd-a5aa-4b2d-bfb4-cd1e28f34652,626d1dbc-2d1d-46f8-8fcd-de914a5cc5c8,1702286203899477777
deecc3dd-a5aa-4b2d-bfb4-cd1e28f34652,626d1dbc-2d1d-46f8-8fcd-de914a5cc5c8,1702286203932722222
deecc3dd-a5aa-4b2d-bfb4-cd1e28f34652,626d1dbc-2d1d-46f8-8fcd-de914a5cc5c8,1702286203966955555
deecc3dd-a5aa-4b2d-bfb4-cd1e28f34652,626d1dbc-2d1d-46f8-8fcd-de914a5cc5c8,1702286204002988888
deecc3dd-a5aa-4b2d-bfb4-cd1e28f34652,626d1dbc-2d1d-46f8-8fcd-de914a5cc5c8,1702286204029455555
deecc3dd-a5aa-4b2d-bfb4-cd1e28f34652,626d1dbc-2d1d-46f8-8fcd-de914a5cc5c8,1702286204066066666
deecc3dd-a5aa-4b2d-bfb4-cd1e28f34652,626d1dbc-2d1d-46f8-8fcd-de914a5cc5c8,1702286204100300000
deecc3dd-a5aa-4b2d-bfb4-cd1e28f34652,626d1dbc-2d1d-46f8-8fcd-de914a5cc5c8,1702286204131366666
deecc3dd-a5aa-4b2d-bfb4-cd1e28f34652,626d1dbc-2d1d-46f8-8fcd-de914a5cc5c8,1702286204168500000
deecc3dd-a5aa-4b2d-bfb4-cd1e28f34652,626d1dbc-2d1d-46f8-8fcd-de914a5cc5c8,1702286204197066666
deecc3dd-a5aa-4b2d-bfb4-cd1e28f34652,626d1dbc-2d1d-46f8-8fcd-de914a5cc5c8,1702286204228777777
deecc3dd-a5aa-4b2d-bfb4-cd1e28f34652,626d1dbc-2d1d-46f8-8fcd-de914a5cc5c8,1702286204265888888
deecc3dd-a5aa-4b2d-bfb4-cd1e28f34652,626d1dbc-2d1d-46f8-8fcd-de914a5cc5c8,1702286204299288888
deecc3dd-a5aa-4b2d-bfb4-cd1e28f34652,626d1dbc-2d1d-46f8-8fcd-de914a5cc5c8,1702286204331544444
deecc3dd-a5aa-4b2d-bfb4-cd1e28f34652,626d1dbc-2d1d-46f8-8fcd-de914a5cc5c8,1702286204366266666
deecc3dd-a5aa-4b2d-bfb4-cd1e28f34652,626d1dbc-2d1d-46f8-8fcd-de914a5cc5c8,1702286204402633333
deecc3dd-a5aa-4b2d-bfb4-cd1e28f34652,626d1dbc-2d1d-46f8-8fcd-de914a5cc5c8,1702286204429722222
deecc3dd-a5aa-4b2d-bfb4-cd1e28f34652,626d1dbc-2d1d-46f8-8fcd-de914a5cc5c8,1702286204466911111
deecc3dd-a5aa-4b2d-bfb4-cd1e28f34652,626d1dbc-2d1d-46f8-8fcd-de914a5cc5c8,1702286204502477777
deecc3dd-a5aa-4b2d-bfb4-cd1e28f34652,626d1dbc-2d1d-46f8-8fcd-de914a5cc5c8,1702286204535300000
deecc3dd-a5aa-4b2d-bfb4-cd1e28f34652,626d1dbc-2d1d-46f8-8fcd-de914a5cc5c8,1702286204567477777
deecc3dd-a5aa-4b2d-bfb4-cd1e28f34652,626d1dbc-2d1d-46f8-8fcd-de914a5cc5c8,1702286204596666666
deecc3dd-a5aa-4b2d-bfb4-cd1e28f34652,626d1dbc-2d1d-46f8-8fcd-de914a5cc5c8,1702286204628400000
deecc3dd-a5aa-4b2d-bfb4-cd1e28f34652,626d1dbc-2d1d-46f8-8fcd-de914a5cc5c8,1702286204665266666
deecc3dd-a5aa-4b2d-bfb4-cd1e28f34652,626d1dbc-2d1d-46f8-8fcd-de914a5cc5c8,1702286204701266666
deecc3dd-a5aa-4b2d-bfb4-cd1e28f34652,626d1dbc-2d1d-46f8-8fcd-de914a5cc5c8,1702286204731844444
deecc3dd-a5aa-4b2d-bfb4-cd1e28f34652,626d1dbc-2d1d-46f8-8fcd-de914a5cc5c8,1702286204764033333
deecc3dd-a5aa-4b2d-bfb4-cd1e28f34652,626d1dbc-2d1d-46f8-8fcd-de914a5cc5c8,1702286204796422222
deecc3dd-a5aa-4b2d-bfb4-cd1e28f34652,626d1dbc-2d1d-46f8-8fcd-de914a5cc5c8,1702286204829122222
deecc3dd-a5aa-4b2d-bfb4-cd1e28f34652,626d1dbc-2d1d-46f8-8fcd-de914a5cc5c8,1702286204866588888
deecc3dd-a5aa-4b2d-bfb4-cd1e28f34652,626d1dbc-2d1d-46f8-8fcd-de914a5cc5c8,1702286204900033333
deecc3dd-a5aa-4b2d-bfb4-cd1e28f34652,626d1dbc-2d1d-46f8-8fcd-de914a5cc5c8,1702286204933766666
deecc3dd-a5aa-4b2d-bfb4-cd1e28f34652,626d1dbc-2d1d-46f8-8fcd-de914a5cc5c8,1702286204967166666
deecc3dd-a5aa-4b2d-bfb4-cd1e28f34652,626d1dbc-2d1d-46f8-8fcd-de914a5cc5c8,1702286204999844444
deecc3dd-a5aa-4b2d-bfb4-cd1e28f34652,626d1dbc-2d1d-46f8-8fcd-de914a5cc5c8,1702286205032322222
deecc3dd-a5aa-4b2d-bfb4-cd1e28f34652,626d1dbc-2d1d-46f8-8fcd-de914a5cc5c8,1702286205069922222
deecc3dd-a5aa-4b2d-bfb4-cd1e28f34652,626d1dbc-2d1d-46f8-8fcd-de914a5cc5c8,1702286205100933333
deecc3dd-a5aa-4b2d-bfb4-cd1e28f34652,626d1dbc-2d1d-46f8-8fcd-de914a5cc5c8,1702286205132077777
deecc3dd-a5aa-4b2d-bfb4-cd1e28f34652,626d1dbc-2d1d-46f8-8fcd-de914a5cc5c8,1702286205168744444
deecc3dd-a5aa-4b2d-bfb4-cd1e28f34652,626d1dbc-2d1d-46f8-8fcd-de914a5cc5c8,1702286205196044444
deecc3dd-a5aa-4b2d-bfb4-cd1e28f34652,626d1dbc-2d1d-46f8-8fcd-de914a5cc5c8,1702286205227733333
deecc3dd-a5aa-4b2d-bfb4-cd1e28f34652,626d1dbc-2d1d-46f8-8fcd-de914a5cc5c8,1702286205266722222
deecc3dd-a5aa-4b2d-bfb4-cd1e28f34652,626d1dbc-2d1d-46f8-8fcd-de914a5cc5c8,1702286205298888888
deecc3dd-a5aa-4b2d-bfb4-cd1e28f34652,626d1dbc-2d1d-46f8-8fcd-de914a5cc5c8,1702286205328355555
deecc3dd-a5aa-4b2d-bfb4-cd1e28f34652,626d1dbc-2d1d-46f8-8fcd-de914a5cc5c8,1702286205365055555
deecc3dd-a5aa-4b2d-bfb4-cd1e28f34652,626d1dbc-2d1d-46f8-8fcd-de914a5cc5c8,1702286205398344444
deecc3dd-a5aa-4b2d-bfb4-cd1e28f34652,626d1dbc-2d1d-46f8-8fcd-de914a5cc5c8,1702286205431211111
deecc3dd-a5aa-4b2d-bfb4-cd1e28f34652,626d1dbc-2d1d-46f8-8fcd-de914a5cc5c8,1702286205467744444
deecc3dd-a5aa-4b2d-bfb4-cd1e28f34652,626d1dbc-2d1d-46f8-8fcd-de914a5cc5c8,1702286205497677777
deecc3dd-a5aa-4b2d-bfb4-cd1e28f34652,626d1dbc-2d1d-46f8-8fcd-de914a5cc5c8,1702286205534500000
deecc3dd-a5aa-4b2d-bfb4-cd1e28f34652,626d1dbc-2d1d-46f8-8fcd-de914a5cc5c8,1702286205567933333
deecc3dd-a5aa-4b2d-bfb4-cd1e28f34652,626d1dbc-2d1d-46f8-8fcd-de914a5cc5c8,1702286205598855555
deecc3dd-a5aa-4b2d-bfb4-cd1e28f34652,626d1dbc-2d1d-46f8-8fcd-de914a5cc5c8,1702286205632233333
deecc3dd-a5aa-4b2d-bfb4-cd1e28f34652,626d1dbc-2d1d-46f8-8fcd-de914a5cc5c8,1702286205669388888
deecc3dd-a5aa-4b2d-bfb4-cd1e28f34652,626d1dbc-2d1d-46f8-8fcd-de914a5cc5c8,1702286205700400000
deecc3dd-a5aa-4b2d-bfb4-cd1e28f34652,626d1dbc-2d1d-46f8-8fcd-de914a5cc5c8,1702286205736722222
deecc3dd-a5aa-4b2d-bfb4-cd1e28f34652,626d1dbc-2d1d-46f8-8fcd-de914a5cc5c8,1702286205764533333
deecc3dd-a5aa-4b2d-bfb4-cd1e28f34652,626d1dbc-2d1d-46f8-8fcd-de914a5cc5c8,1702286205796411111
deecc3dd-a5aa-4b2d-bfb4-cd1e28f34652,626d1dbc-2d1d-46f8-8fcd-de914a5cc5c8,1702286205828922222
deecc3dd-a5aa-4b2d-bfb4-cd1e28f34652,626d1dbc-2d1d-46f8-8fcd-de914a5cc5c8,1702286205867611111
deecc3dd-a5aa-4b2d-bfb4-cd1e28f34652,626d1dbc-2d1d-46f8-8fcd-de914a5cc5c8,1702286205901822222
deecc3dd-a5aa-4b2d-bfb4-cd1e28f34652,626d1dbc-2d1d-46f8-8fcd-de914a5cc5c8,1702286205927877777
deecc3dd-a5aa-4b2d-bfb4-cd1e28f34652,626d1dbc-2d1d-46f8-8fcd-de914a5cc5c8,1702286205964355555
deecc3dd-a5aa-4b2d-bfb4-cd1e28f34652,626d1dbc-2d1d-46f8-8fcd-de914a5cc5c8,1702286205996633333
deecc3dd-a5aa-4b2d-bfb4-cd1e28f34652,626d1dbc-2d1d-46f8-8fcd-de914a5cc5c8,1702286206029355555
deecc3dd-a5aa-4b2d-bfb4-cd1e28f34652,626d1dbc-2d1d-46f8-8fcd-de914a5cc5c8,1702286206067144444
deecc3dd-a5aa-4b2d-bfb4-cd1e28f34652,626d1dbc-2d1d-46f8-8fcd-de914a5cc5c8,1702286206100455555
deecc3dd-a5aa-4b2d-bfb4-cd1e28f34652,626d1dbc-2d1d-46f8-8fcd-de914a5cc5c8,1702286206132088888
deecc3dd-a5aa-4b2d-bfb4-cd1e28f34652,626d1dbc-2d1d-46f8-8fcd-de914a5cc5c8,1702286206167177777
deecc3dd-a5aa-4b2d-bfb4-cd1e28f34652,626d1dbc-2d1d-46f8-8fcd-de914a5cc5c8,1702286206199466666
deecc3dd-a5aa-4b2d-bfb4-cd1e28f34652,626d1dbc-2d1d-46f8-8fcd-de914a5cc5c8,1702286206231655555
deecc3dd-a5aa-4b2d-bfb4-cd1e28f34652,626d1dbc-2d1d-46f8-8fcd-de914a5cc5c8,1702286206269277777
deecc3dd-a5aa-4b2d-bfb4-cd1e28f34652,626d1dbc-2d1d-46f8-8fcd-de914a5cc5c8,1702286206302877777
deecc3dd-a5aa-4b2d-bfb4-cd1e28f34652,626d1dbc-2d1d-46f8-8fcd-de914a5cc5c8,1702286206329277777
deecc3dd-a5aa-4b2d-bfb4-cd1e28f34652,626d1dbc-2d1d-46f8-8fcd-de914a5cc5c8,1702286206365000000
deecc3dd-a5aa-4b2d-bfb4-cd1e28f34652,626d1dbc-2d1d-46f8-8fcd-de914a5cc5c8,1702286206400466666
deecc3dd-a5aa-4b2d-bfb4-cd1e28f34652,626d1dbc-2d1d-46f8-8fcd-de914a5cc5c8,1702286206431166666
deecc3dd-a5aa-4b2d-bfb4-cd1e28f34652,626d1dbc-2d1d-46f8-8fcd-de914a5cc5c8,1702286206470377777
deecc3dd-a5aa-4b2d-bfb4-cd1e28f34652,626d1dbc-2d1d-46f8-8fcd-de914a5cc5c8,1702286206496300000
deecc3dd-a5aa-4b2d-bfb4-cd1e28f34652,626d1dbc-2d1d-46f8-8fcd-de914a5cc5c8,1702286206528433333
deecc3dd-a5aa-4b2d-bfb4-cd1e28f34652,626d1dbc-2d1d-46f8-8fcd-de914a5cc5c8,1702286206568188888
deecc3dd-a5aa-4b2d-bfb4-cd1e28f34652,626d1dbc-2d1d-46f8-8fcd-de914a5cc5c8,1702286206599388888
deecc3dd-a5aa-4b2d-bfb4-cd1e28f34652,626d1dbc-2d1d-46f8-8fcd-de914a5cc5c8,1702286206632455555
deecc3dd-a5aa-4b2d-bfb4-cd1e28f34652,626d1dbc-2d1d-46f8-8fcd-de914a5cc5c8,1702286206668822222
deecc3dd-a5aa-4b2d-bfb4-cd1e28f34652,626d1dbc-2d1d-46f8-8fcd-de914a5cc5c8,1702286206700533333
deecc3dd-a5aa-4b2d-bfb4-cd1e28f34652,626d1dbc-2d1d-46f8-8fcd-de914a5cc5c8,1702286206738355555
deecc3dd-a5aa-4b2d-bfb4-cd1e28f34652,626d1dbc-2d1d-46f8-8fcd-de914a5cc5c8,1702286206770066666
deecc3dd-a5aa-4b2d-bfb4-cd1e28f34652,626d1dbc-2d1d-46f8-8fcd-de914a5cc5c8,1702286206798422222
deecc3dd-a5aa-4b2d-bfb4-cd1e28f34652,626d1dbc-2d1d-46f8-8fcd-de914a5cc5c8,1702286206833877777
deecc3dd-a5aa-4b2d-bfb4-cd1e28f34652,626d1dbc-2d1d-46f8-8fcd-de914a5cc5c8,1702286206867044444
deecc3dd-a5aa-4b2d-bfb4-cd1e28f34652,626d1dbc-2d1d-46f8-8fcd-de914a5cc5c8,1702286206896644444
deecc3dd-a5aa-4b2d-bfb4-cd1e28f34652,626d1dbc-2d1d-46f8-8fcd-de914a5cc5c8,1702286206929288888
deecc3dd-a5aa-4b2d-bfb4-cd1e28f34652,626d1dbc-2d1d-46f8-8fcd-de914a5cc5c8,1702286206964244444
deecc3dd-a5aa-4b2d-bfb4-cd1e28f34652,626d1dbc-2d1d-46f8-8fcd-de914a5cc5c8,1702286206996744444
deecc3dd-a5aa-4b2d-bfb4-cd1e28f34652,626d1dbc-2d1d-46f8-8fcd-de914a5cc5c8,1702286207029622222
deecc3dd-a5aa-4b2d-bfb4-cd1e28f34652,626d1dbc-2d1d-46f8-8fcd-de914a5cc5c8,1702286207061900000
deecc3dd-a5aa-4b2d-bfb4-cd1e28f34652,626d1dbc-2d1d-46f8-8fcd-de914a5cc5c8,1702286207097755555
deecc3dd-a5aa-4b2d-bfb4-cd1e28f34652,626d1dbc-2d1d-46f8-8fcd-de914a5cc5c8,1702286207128933333
deecc3dd-a5aa-4b2d-bfb4-cd1e28f34652,626d1dbc-2d1d-46f8-8fcd-de914a5cc5c8,1702286207163922222
deecc3dd-a5aa-4b2d-bfb4-cd1e28f34652,626d1dbc-2d1d-46f8-8fcd-de914a5cc5c8,1702286207197222222
deecc3dd-a5aa-4b2d-bfb4-cd1e28f34652,626d1dbc-2d1d-46f8-8fcd-de914a5cc5c8,1702286207230022222
deecc3dd-a5aa-4b2d-bfb4-cd1e28f34652,626d1dbc-2d1d-46f8-8fcd-de914a5cc5c8,1702286207264266666
deecc3dd-a5aa-4b2d-bfb4-cd1e28f34652,626d1dbc-2d1d-46f8-8fcd-de914a5cc5c8,1702286207300522222
deecc3dd-a5aa-4b2d-bfb4-cd1e28f34652,626d1dbc-2d1d-46f8-8fcd-de914a5cc5c8,1702286207331188888
deecc3dd-a5aa-4b2d-bfb4-cd1e28f34652,626d1dbc-2d1d-46f8-8fcd-de914a5cc5c8,1702286207364433333
deecc3dd-a5aa-4b2d-bfb4-cd1e28f34652,626d1dbc-2d1d-46f8-8fcd-de914a5cc5c8,1702286207398700000
deecc3dd-a5aa-4b2d-bfb4-cd1e28f34652,626d1dbc-2d1d-46f8-8fcd-de914a5cc5c8,1702286207430266666
deecc3dd-a5aa-4b2d-bfb4-cd1e28f34652,626d1dbc-2d1d-46f8-8fcd-de914a5cc5c8,1702286207466255555
deecc3dd-a5aa-4b2d-bfb4-cd1e28f34652,626d1dbc-2d1d-46f8-8fcd-de914a5cc5c8,1702286207497066666
deecc3dd-a5aa-4b2d-bfb4-cd1e28f34652,626d1dbc-2d1d-46f8-8fcd-de914a5cc5c8,1702286207528344444
deecc3dd-a5aa-4b2d-bfb4-cd1e28f34652,626d1dbc-2d1d-46f8-8fcd-de914a5cc5c8,1702286207564155555
deecc3dd-a5aa-4b2d-bfb4-cd1e28f34652,626d1dbc-2d1d-46f8-8fcd-de914a5cc5c8,1702286207598688888
deecc3dd-a5aa-4b2d-bfb4-cd1e28f34652,626d1dbc-2d1d-46f8-8fcd-de914a5cc5c8,1702286207631711111
deecc3dd-a5aa-4b2d-bfb4-cd1e28f34652,626d1dbc-2d1d-46f8-8fcd-de914a5cc5c8,1702286207665077777
deecc3dd-a5aa-4b2d-bfb4-cd1e28f34652,626d1dbc-2d1d-46f8-8fcd-de914a5cc5c8,1702286207696044444
deecc3dd-a5aa-4b2d-bfb4-cd1e28f34652,626d1dbc-2d1d-46f8-8fcd-de914a5cc5c8,1702286207728433333
deecc3dd-a5aa-4b2d-bfb4-cd1e28f34652,626d1dbc-2d1d-46f8-8fcd-de914a5cc5c8,1702286207765366666
deecc3dd-a5aa-4b2d-bfb4-cd1e28f34652,626d1dbc-2d1d-46f8-8fcd-de914a5cc5c8,1702286207798966666
deecc3dd-a5aa-4b2d-bfb4-cd1e28f34652,626d1dbc-2d1d-46f8-8fcd-de914a5cc5c8,1702286207830388888
deecc3dd-a5aa-4b2d-bfb4-cd1e28f34652,626d1dbc-2d1d-46f8-8fcd-de914a5cc5c8,1702286207863866666
deecc3dd-a5aa-4b2d-bfb4-cd1e28f34652,626d1dbc-2d1d-46f8-8fcd-de914a5cc5c8,1702286207898788888
deecc3dd-a5aa-4b2d-bfb4-cd1e28f34652,626d1dbc-2d1d-46f8-8fcd-de914a5cc5c8,1702286207929900000
deecc3dd-a5aa-4b2d-bfb4-cd1e28f34652,626d1dbc-2d1d-46f8-8fcd-de914a5cc5c8,1702286207963033333
deecc3dd-a5aa-4b2d-bfb4-cd1e28f34652,626d1dbc-2d1d-46f8-8fcd-de914a5cc5c8,1702286207999955555
deecc3dd-a5aa-4b2d-bfb4-cd1e28f34652,626d1dbc-2d1d-46f8-8fcd-de914a5cc5c8,1702286208029588888
deecc3dd-a5aa-4b2d-bfb4-cd1e28f34652,626d1dbc-2d1d-46f8-8fcd-de914a5cc5c8,1702286208061233333
deecc3dd-a5aa-4b2d-bfb4-cd1e28f34652,626d1dbc-2d1d-46f8-8fcd-de914a5cc5c8,1702286208097200000
deecc3dd-a5aa-4b2d-bfb4-cd1e28f34652,626d1dbc-2d1d-46f8-8fcd-de914a5cc5c8,1702286208128122222
deecc3dd-a5aa-4b2d-bfb4-cd1e28f34652,626d1dbc-2d1d-46f8-8fcd-de914a5cc5c8,1702286208165866666
deecc3dd-a5aa-4b2d-bfb4-cd1e28f34652,626d1dbc-2d1d-46f8-8fcd-de914a5cc5c8,1702286208197511111
deecc3dd-a5aa-4b2d-bfb4-cd1e28f34652,626d1dbc-2d1d-46f8-8fcd-de914a5cc5c8,1702286208230488888
deecc3dd-a5aa-4b2d-bfb4-cd1e28f34652,626d1dbc-2d1d-46f8-8fcd-de914a5cc5c8,1702286208260700000
deecc3dd-a5aa-4b2d-bfb4-cd1e28f34652,626d1dbc-2d1d-46f8-8fcd-de914a5cc5c8,1702286208296088888
deecc3dd-a5aa-4b2d-bfb4-cd1e28f34652,626d1dbc-2d1d-46f8-8fcd-de914a5cc5c8,1702286208328066666
deecc3dd-a5aa-4b2d-bfb4-cd1e28f34652,626d1dbc-2d1d-46f8-8fcd-de914a5cc5c8,1702286208364111111
deecc3dd-a5aa-4b2d-bfb4-cd1e28f34652,626d1dbc-2d1d-46f8-8fcd-de914a5cc5c8,1702286208398244444
deecc3dd-a5aa-4b2d-bfb4-cd1e28f34652,626d1dbc-2d1d-46f8-8fcd-de914a5cc5c8,1702286208429033333
deecc3dd-a5aa-4b2d-bfb4-cd1e28f34652,626d1dbc-2d1d-46f8-8fcd-de914a5cc5c8,1702286208460955555
deecc3dd-a5aa-4b2d-bfb4-cd1e28f34652,626d1dbc-2d1d-46f8-8fcd-de914a5cc5c8,1702286208499055555
deecc3dd-a5aa-4b2d-bfb4-cd1e28f34652,626d1dbc-2d1d-46f8-8fcd-de914a5cc5c8,1702286208531244444
deecc3dd-a5aa-4b2d-bfb4-cd1e28f34652,626d1dbc-2d1d-46f8-8fcd-de914a5cc5c8,1702286208563977777
deecc3dd-a5aa-4b2d-bfb4-cd1e28f34652,626d1dbc-2d1d-46f8-8fcd-de914a5cc5c8,1702286208598411111
deecc3dd-a5aa-4b2d-bfb4-cd1e28f34652,626d1dbc-2d1d-46f8-8fcd-de914a5cc5c8,1702286208630622222
deecc3dd-a5aa-4b2d-bfb4-cd1e28f34652,626d1dbc-2d1d-46f8-8fcd-de914a5cc5c8,1702286208660888888
deecc3dd-a5aa-4b2d-bfb4-cd1e28f34652,626d1dbc-2d1d-46f8-8fcd-de914a5cc5c8,1702286208696555555
deecc3dd-a5aa-4b2d-bfb4-cd1e28f34652,626d1dbc-2d1d-46f8-8fcd-de914a5cc5c8,1702286208730200000
deecc3dd-a5aa-4b2d-bfb4-cd1e28f34652,626d1dbc-2d1d-46f8-8fcd-de914a5cc5c8,1702286208761755555
deecc3dd-a5aa-4b2d-bfb4-cd1e28f34652,626d1dbc-2d1d-46f8-8fcd-de914a5cc5c8,1702286208799866666
deecc3dd-a5aa-4b2d-bfb4-cd1e28f34652,626d1dbc-2d1d-46f8-8fcd-de914a5cc5c8,1702286208830788888
deecc3dd-a5aa-4b2d-bfb4-cd1e28f34652,626d1dbc-2d1d-46f8-8fcd-de914a5cc5c8,1702286208860566666
deecc3dd-a5aa-4b2d-bfb4-cd1e28f34652,626d1dbc-2d1d-46f8-8fcd-de914a5cc5c8,1702286208897866666
deecc3dd-a5aa-4b2d-bfb4-cd1e28f34652,626d1dbc-2d1d-46f8-8fcd-de914a5cc5c8,1702286208929400000
deecc3dd-a5aa-4b2d-bfb4-cd1e28f34652,626d1dbc-2d1d-46f8-8fcd-de914a5cc5c8,1702286208966922222
deecc3dd-a5aa-4b2d-bfb4-cd1e28f34652,626d1dbc-2d1d-46f8-8fcd-de914a5cc5c8,1702286209001633333
deecc3dd-a5aa-4b2d-bfb4-cd1e28f34652,626d1dbc-2d1d-46f8-8fcd-de914a5cc5c8,1702286209031366666
deecc3dd-a5aa-4b2d-bfb4-cd1e28f34652,626d1dbc-2d1d-46f8-8fcd-de914a5cc5c8,1702286209063233333
deecc3dd-a5aa-4b2d-bfb4-cd1e28f34652,626d1dbc-2d1d-46f8-8fcd-de914a5cc5c8,1702286209098833333
deecc3dd-a5aa-4b2d-bfb4-cd1e28f34652,626d1dbc-2d1d-46f8-8fcd-de914a5cc5c8,1702286209129555555
deecc3dd-a5aa-4b2d-bfb4-cd1e28f34652,626d1dbc-2d1d-46f8-8fcd-de914a5cc5c8,1702286209164366666
deecc3dd-a5aa-4b2d-bfb4-cd1e28f34652,626d1dbc-2d1d-46f8-8fcd-de914a5cc5c8,1702286209199077777
deecc3dd-a5aa-4b2d-bfb4-cd1e28f34652,626d1dbc-2d1d-46f8-8fcd-de914a5cc5c8,1702286209229766666
deecc3dd-a5aa-4b2d-bfb4-cd1e28f34652,626d1dbc-2d1d-46f8-8fcd-de914a5cc5c8,1702286209261522222
deecc3dd-a5aa-4b2d-bfb4-cd1e28f34652,626d1dbc-2d1d-46f8-8fcd-de914a5cc5c8,1702286209296822222
deecc3dd-a5aa-4b2d-bfb4-cd1e28f34652,626d1dbc-2d1d-46f8-8fcd-de914a5cc5c8,1702286209328388888
deecc3dd-a5aa-4b2d-bfb4-cd1e28f34652,626d1dbc-2d1d-46f8-8fcd-de914a5cc5c8,1702286209363522222
deecc3dd-a5aa-4b2d-bfb4-cd1e28f34652,626d1dbc-2d1d-46f8-8fcd-de914a5cc5c8,1702286209397677777
deecc3dd-a5aa-4b2d-bfb4-cd1e28f34652,626d1dbc-2d1d-46f8-8fcd-de914a5cc5c8,1702286209430966666
deecc3dd-a5aa-4b2d-bfb4-cd1e28f34652,626d1dbc-2d1d-46f8-8fcd-de914a5cc5c8,1702286209461133333
deecc3dd-a5aa-4b2d-bfb4-cd1e28f34652,626d1dbc-2d1d-46f8-8fcd-de914a5cc5c8,1702286209496366666
deecc3dd-a5aa-4b2d-bfb4-cd1e28f34652,626d1dbc-2d1d-46f8-8fcd-de914a5cc5c8,1702286209527633333
deecc3dd-a5aa-4b2d-bfb4-cd1e28f34652,626d1dbc-2d1d-46f8-8fcd-de914a5cc5c8,1702286209560933333
deecc3dd-a5aa-4b2d-bfb4-cd1e28f34652,626d1dbc-2d1d-46f8-8fcd-de914a5cc5c8,1702286209597500000
deecc3dd-a5aa-4b2d-bfb4-cd1e28f34652,626d1dbc-2d1d-46f8-8fcd-de914a5cc5c8,1702286209629000000
deecc3dd-a5aa-4b2d-bfb4-cd1e28f34652,626d1dbc-2d1d-46f8-8fcd-de914a5cc5c8,1702286209661144444
deecc3dd-a5aa-4b2d-bfb4-cd1e28f34652,626d1dbc-2d1d-46f8-8fcd-de914a5cc5c8,1702286209697422222
deecc3dd-a5aa-4b2d-bfb4-cd1e28f34652,626d1dbc-2d1d-46f8-8fcd-de914a5cc5c8,1702286209729944444
deecc3dd-a5aa-4b2d-bfb4-cd1e28f34652,626d1dbc-2d1d-46f8-8fcd-de914a5cc5c8,1702286209762488888
deecc3dd-a5aa-4b2d-bfb4-cd1e28f34652,626d1dbc-2d1d-46f8-8fcd-de914a5cc5c8,1702286209797644444
deecc3dd-a5aa-4b2d-bfb4-cd1e28f34652,626d1dbc-2d1d-46f8-8fcd-de914a5cc5c8,1702286209828433333
deecc3dd-a5aa-4b2d-bfb4-cd1e28f34652,626d1dbc-2d1d-46f8-8fcd-de914a5cc5c8,1702286209859844444
deecc3dd-a5aa-4b2d-bfb4-cd1e28f34652,626d1dbc-2d1d-46f8-8fcd-de914a5cc5c8,1702286209897233333
deecc3dd-a5aa-4b2d-bfb4-cd1e28f34652,626d1dbc-2d1d-46f8-8fcd-de914a5cc5c8,1702286209929900000
deecc3dd-a5aa-4b2d-bfb4-cd1e28f34652,626d1dbc-2d1d-46f8-8fcd-de914a5cc5c8,1702286209960600000
deecc3dd-a5aa-4b2d-bfb4-cd1e28f34652,626d1dbc-2d1d-46f8-8fcd-de914a5cc5c8,1702286209999911111
deecc3dd-a5aa-4b2d-bfb4-cd1e28f34652,626d1dbc-2d1d-46f8-8fcd-de914a5cc5c8,1702286210032300000
deecc3dd-a5aa-4b2d-bfb4-cd1e28f34652,626d1dbc-2d1d-46f8-8fcd-de914a5cc5c8,1702286210062355555
deecc3dd-a5aa-4b2d-bfb4-cd1e28f34652,626d1dbc-2d1d-46f8-8fcd-de914a5cc5c8,1702286210091911111
deecc3dd-a5aa-4b2d-bfb4-cd1e28f34652,626d1dbc-2d1d-46f8-8fcd-de914a5cc5c8,1702286210128677777
deecc3dd-a5aa-4b2d-bfb4-cd1e28f34652,626d1dbc-2d1d-46f8-8fcd-de914a5cc5c8,1702286210167277777
deecc3dd-a5aa-4b2d-bfb4-cd1e28f34652,626d1dbc-2d1d-46f8-8fcd-de914a5cc5c8,1702286210193633333
deecc3dd-a5aa-4b2d-bfb4-cd1e28f34652,626d1dbc-2d1d-46f8-8fcd-de914a5cc5c8,1702286210232255555
deecc3dd-a5aa-4b2d-bfb4-cd1e28f34652,626d1dbc-2d1d-46f8-8fcd-de914a5cc5c8,1702286210263144444
deecc3dd-a5aa-4b2d-bfb4-cd1e28f34652,626d1dbc-2d1d-46f8-8fcd-de914a5cc5c8,1702286210294255555
deecc3dd-a5aa-4b2d-bfb4-cd1e28f34652,626d1dbc-2d1d-46f8-8fcd-de914a5cc5c8,1702286210331722222
deecc3dd-a5aa-4b2d-bfb4-cd1e28f34652,626d1dbc-2d1d-46f8-8fcd-de914a5cc5c8,1702286210362244444
deecc3dd-a5aa-4b2d-bfb4-cd1e28f34652,626d1dbc-2d1d-46f8-8fcd-de914a5cc5c8,1702286210396144444
deecc3dd-a5aa-4b2d-bfb4-cd1e28f34652,626d1dbc-2d1d-46f8-8fcd-de914a5cc5c8,1702286210428911111
deecc3dd-a5aa-4b2d-bfb4-cd1e28f34652,626d1dbc-2d1d-46f8-8fcd-de914a5cc5c8,1702286210460444444
deecc3dd-a5aa-4b2d-bfb4-cd1e28f34652,626d1dbc-2d1d-46f8-8fcd-de914a5cc5c8,1702286210492866666
deecc3dd-a5aa-4b2d-bfb4-cd1e28f34652,626d1dbc-2d1d-46f8-8fcd-de914a5cc5c8,1702286210530355555
deecc3dd-a5aa-4b2d-bfb4-cd1e28f34652,626d1dbc-2d1d-46f8-8fcd-de914a5cc5c8,1702286210565411111
deecc3dd-a5aa-4b2d-bfb4-cd1e28f34652,626d1dbc-2d1d-46f8-8fcd-de914a5cc5c8,1702286210593444444
deecc3dd-a5aa-4b2d-bfb4-cd1e28f34652,626d1dbc-2d1d-46f8-8fcd-de914a5cc5c8,1702286210631488888
deecc3dd-a5aa-4b2d-bfb4-cd1e28f34652,626d1dbc-2d1d-46f8-8fcd-de914a5cc5c8,1702286210661100000
deecc3dd-a5aa-4b2d-bfb4-cd1e28f34652,626d1dbc-2d1d-46f8-8fcd-de914a5cc5c8,1702286210692244444
deecc3dd-a5aa-4b2d-bfb4-cd1e28f34652,626d1dbc-2d1d-46f8-8fcd-de914a5cc5c8,1702286210728022222
deecc3dd-a5aa-4b2d-bfb4-cd1e28f34652,626d1dbc-2d1d-46f8-8fcd-de914a5cc5c8,1702286210763133333
deecc3dd-a5aa-4b2d-bfb4-cd1e28f34652,626d1dbc-2d1d-46f8-8fcd-de914a5cc5c8,1702286210794144444
deecc3dd-a5aa-4b2d-bfb4-cd1e28f34652,626d1dbc-2d1d-46f8-8fcd-de914a5cc5c8,1702286210835544444
deecc3dd-a5aa-4b2d-bfb4-cd1e28f34652,626d1dbc-2d1d-46f8-8fcd-de914a5cc5c8,1702286210861500000
