section id,recording id,timestamp [ns]
b9bac69e-fbcf-40e7-94ac-2a654cff3e62,5f149a1b-884b-4487-99ef-17eb43df087f,1702036598133000000
b9bac69e-fbcf-40e7-94ac-2a654cff3e62,5f149a1b-884b-4487-99ef-17eb43df087f,1702036598183000000
b9bac69e-fbcf-40e7-94ac-2a654cff3e62,5f149a1b-884b-4487-99ef-17eb43df087f,1702036598233000000
b9bac69e-fbcf-40e7-94ac-2a654cff3e62,5f149a1b-884b-4487-99ef-17eb43df087f,1702036598283000000
b9bac69e-fbcf-40e7-94ac-2a654cff3e62,5f149a1b-884b-4487-99ef-17eb43df087f,1702036598333000000
b9bac69e-fbcf-40e7-94ac-2a654cff3e62,5f149a1b-884b-4487-99ef-17eb43df087f,1702036598383000000
b9bac69e-fbcf-40e7-94ac-2a654cff3e62,5f149a1b-884b-4487-99ef-17eb43df087f,1702036598433000000
b9bac69e-fbcf-40e7-94ac-2a654cff3e62,5f149a1b-884b-4487-99ef-17eb43df087f,1702036598483000000
b9bac69e-fbcf-40e7-94ac-2a654cff3e62,5f149a1b-884b-4487-99ef-17eb43df087f,1702036598533000000
b9bac69e-fbcf-40e7-94ac-2a654cff3e62,5f149a1b-884b-4487-99ef-17eb43df087f,1702036598583000000
b9bac69e-fbcf-40e7-94ac-2a654cff3e62,5f149a1b-884b-4487-99ef-17eb43df087f,1702036598633000000
b9bac69e-fbcf-40e7-94ac-2a654cff3e62,5f149a1b-884b-4487-99ef-17eb43df087f,1702036598683000000
b9bac69e-fbcf-40e7-94ac-2a654cff3e62,5f149a1b-884b-4487-99ef-17eb43df087f,1702036598733000000
b9bac69e-fbcf-40e7-94ac-2a654cff3e62,5f149a1b-884b-4487-99ef-17eb43df087f,1702036598783000000
b9bac69e-fbcf-40e7-94ac-2a654cff3e62,5f149a1b-884b-4487-99ef-17eb43df087f,1702036598833000000
b9bac69e-fbcf-40e7-94ac-2a654cff3e62,5f149a1b-884b-4487-99ef-17eb43df087f,1702036598883000000
b9bac69e-fbcf-40e7-94ac-2a654cff3e62,5f149a1b-884b-4487-99ef-17eb43df087f,1702036598933000000
b9bac69e-fbcf-40e7-94ac-2a654cff3e62,5f149a1b-884b-4487-99ef-17eb43df087f,1702036598983000000
b9bac69e-fbcf-40e7-94ac-2a654cff3e62,5f149a1b-884b-4487-99ef-17eb43df087f,1702036599033000000
b9bac69e-fbcf-40e7-94ac-2a654cff3e62,5f149a1b-884b-4487-99ef-17eb43df087f,1702036599083000000
b9bac69e-fbcf-40e7-94ac-2a654cff3e62,5f149a1b-884b-4487-99ef-17eb43df087f,1702036599133000000
b9bac69e-fbcf-40e7-94ac-2a654cff3e62,5f149a1b-884b-4487-99ef-17eb43df087f,1702036599183000000
b9bac69e-fbcf-40e7-94ac-2a654cff3e62,5f149a1b-884b-4487-99ef-17eb43df087f,1702036599233000000
b9bac69e-fbcf-40e7-94ac-2a654cff3e62,5f149a1b-884b-4487-99ef-17eb43df087f,1702036599283000000
b9bac69e-fbcf-40e7-94ac-2a654cff3e62,5f149a1b-884b-4487-99ef-17eb43df087f,1702036599333000000
b9bac69e-fbcf-40e7-94ac-2a654cff3e62,5f149a1b-884b-4487-99ef-17eb43df087f,1702036599383000000
b9bac69e-fbcf-40e7-94ac-2a654cff3e62,5f149a1b-884b-4487-99ef-17eb43df087f,1702036599433000000
b9bac69e-fbcf-40e7-94ac-2a654cff3e62,5f149a1b-884b-4487-99ef-17eb43df087f,1702036599483000000
b9bac69e-fbcf-40e7-94ac-2a654cff3e62,5f149a1b-884b-4487-99ef-17eb43df087f,1702036599533000000
b9bac69e-fbcf-40e7-94ac-2a654cff3e62,5f149a1b-884b-4487-99ef-17eb43df087f,1702036599583000000
b9bac69e-fbcf-40e7-94ac-2a654cff3e62,5f149a1b-884b-4487-99ef-17eb43df087f,1702036599633000000
b9bac69e-fbcf-40e7-94ac-2a654cff3e62,5f149a1b-884b-4487-99ef-17eb43df087f,1702036599683000000
b9bac69e-fbcf-40e7-94ac-2a654cff3e62,5f149a1b-884b-4487-99ef-17eb43df087f,1702036599733000000
b9bac69e-fbcf-40e7-94ac-2a654cff3e62,5f149a1b-884b-4487-99ef-17eb43df087f,1702036599783000000
b9bac69e-fbcf-40e7-94ac-2a654cff3e62,5f149a1b-884b-4487-99ef-17eb43df087f,1702036599833000000
b9bac69e-fbcf-40e7-94ac-2a654cff3e62,5f149a1b-884b-4487-99ef-17eb43df087f,1702036599883000000
b9bac69e-fbcf-40e7-94ac-2a654cff3e62,5f149a1b-884b-4487-99ef-17eb43df087f,1702036599933000000
b9bac69e-fbcf-40e7-94ac-2a654cff3e62,5f149a1b-884b-4487-99ef-17eb43df087f,1702036599983000000
b9bac69e-fbcf-40e7-94ac-2a654cff3e62,5f149a1b-884b-4487-99ef-17eb43df087f,1702036600033000000
b9bac69e-fbcf-40e7-94ac-2a654cff3e62,5f149a1b-884b-4487-99ef-17eb43df087f,1702036600083000000
b9bac69e-fbcf-40e7-94ac-2a654cff3e62,5f149a1b-884b-4487-99ef-17eb43df087f,1702036600133000000
b9bac69e-fbcf-40e7-94ac-2a654cff3e62,5f149a1b-884b-4487-99ef-17eb43df087f,1702036600181666666
b9bac69e-fbcf-40e7-94ac-2a654cff3e62,5f149a1b-884b-4487-99ef-17eb43df087f,1702036600209322222
b9bac69e-fbcf-40e7-94ac-2a654cff3e62,5f149a1b-884b-4487-99ef-17eb43df087f,1702036600241255555
b9bac69e-fbcf-40e7-94ac-2a654cff3e62,5f149a1b-884b-4487-99ef-17eb43df087f,1702036600275766666
b9bac69e-fbcf-40e7-94ac-2a654cff3e62,5f149a1b-884b-4487-99ef-17eb43df087f,1702036600313644444
b9bac69e-fbcf-40e7-94ac-2a654cff3e62,5f149a1b-884b-4487-99ef-17eb43df087f,1702036600344900000
b9bac69e-fbcf-40e7-94ac-2a654cff3e62,5f149a1b-884b-4487-99ef-17eb43df087f,1702036600382766666
b9bac69e-fbcf-40e7-94ac-2a654cff3e62,5f149a1b-884b-4487-99ef-17eb43df087f,1702036600413033333
b9bac69e-fbcf-40e7-94ac-2a654cff3e62,5f149a1b-884b-4487-99ef-17eb43df087f,1702036600449244444
b9bac69e-fbcf-40e7-94ac-2a654cff3e62,5f149a1b-884b-4487-99ef-17eb43df087f,1702036600482544444
b9bac69e-fbcf-40e7-94ac-2a654cff3e62,5f149a1b-884b-4487-99ef-17eb43df087f,1702036600514622222
b9bac69e-fbcf-40e7-94ac-2a654cff3e62,5f149a1b-884b-4487-99ef-17eb43df087f,1702036600543966666
b9bac69e-fbcf-40e7-94ac-2a654cff3e62,5f149a1b-884b-4487-99ef-17eb43df087f,1702036600573388888
b9bac69e-fbcf-40e7-94ac-2a654cff3e62,5f149a1b-884b-4487-99ef-17eb43df087f,1702036600609322222
b9bac69e-fbcf-40e7-94ac-2a654cff3e62,5f149a1b-884b-4487-99ef-17eb43df087f,1702036600648133333
b9bac69e-fbcf-40e7-94ac-2a654cff3e62,5f149a1b-884b-4487-99ef-17eb43df087f,1702036600679811111
b9bac69e-fbcf-40e7-94ac-2a654cff3e62,5f149a1b-884b-4487-99ef-17eb43df087f,1702036600715644444
b9bac69e-fbcf-40e7-94ac-2a654cff3e62,5f149a1b-884b-4487-99ef-17eb43df087f,1702036600747555555
b9bac69e-fbcf-40e7-94ac-2a654cff3e62,5f149a1b-884b-4487-99ef-17eb43df087f,1702036600775544444
b9bac69e-fbcf-40e7-94ac-2a654cff3e62,5f149a1b-884b-4487-99ef-17eb43df087f,1702036600815222222
b9bac69e-fbcf-40e7-94ac-2a654cff3e62,5f149a1b-884b-4487-99ef-17eb43df087f,1702036600847666666
b9bac69e-fbcf-40e7-94ac-2a654cff3e62,5f149a1b-884b-4487-99ef-17eb43df087f,1702036600879633333
b9bac69e-fbcf-40e7-94ac-2a654cff3e62,5f149a1b-884b-4487-99ef-17eb43df087f,1702036600916977777
b9bac69e-fbcf-40e7-94ac-2a654cff3e62,5f149a1b-884b-4487-99ef-17eb43df087f,1702036600946944444
b9bac69e-fbcf-40e7-94ac-2a654cff3e62,5f149a1b-884b-4487-99ef-17eb43df087f,1702036600976511111
b9bac69e-fbcf-40e7-94ac-2a654cff3e62,5f149a1b-884b-4487-99ef-17eb43df087f,1702036601018444444
b9bac69e-fbcf-40e7-94ac-2a654cff3e62,5f149a1b-884b-4487-99ef-17eb43df087f,1702036601047244444
b9bac69e-fbcf-40e7-94ac-2a654cff3e62,5f149a1b-884b-4487-99ef-17eb43df087f,1702036601079111111
b9bac69e-fbcf-40e7-94ac-2a654cff3e62,5f149a1b-884b-4487-99ef-17eb43df087f,1702036601116866666
b9bac69e-fbcf-40e7-94ac-2a654cff3e62,5f149a1b-884b-4487-99ef-17eb43df087f,1702036601146477777
b9bac69e-fbcf-40e7-94ac-2a654cff3e62,5f149a1b-884b-4487-99ef-17eb43df087f,1702036601178355555
b9bac69e-fbcf-40e7-94ac-2a654cff3e62,5f149a1b-884b-4487-99ef-17eb43df087f,1702036601214855555
b9bac69e-fbcf-40e7-94ac-2a654cff3e62,5f149a1b-884b-4487-99ef-17eb43df087f,1702036601247511111
b9bac69e-fbcf-40e7-94ac-2a654cff3e62,5f149a1b-884b-4487-99ef-17eb43df087f,1702036601279433333
b9bac69e-fbcf-40e7-94ac-2a654cff3e62,5f149a1b-884b-4487-99ef-17eb43df087f,1702036601314577777
b9bac69e-fbcf-40e7-94ac-2a654cff3e62,5f149a1b-884b-4487-99ef-17eb43df087f,1702036601347588888
b9bac69e-fbcf-40e7-94ac-2a654cff3e62,5f149a1b-884b-4487-99ef-17eb43df087f,1702036601375744444
b9bac69e-fbcf-40e7-94ac-2a654cff3e62,5f149a1b-884b-4487-99ef-17eb43df087f,1702036601413922222
b9bac69e-fbcf-40e7-94ac-2a654cff3e62,5f149a1b-884b-4487-99ef-17eb43df087f,1702036601448544444
b9bac69e-fbcf-40e7-94ac-2a654cff3e62,5f149a1b-884b-4487-99ef-17eb43df087f,1702036601480133333
b9bac69e-fbcf-40e7-94ac-2a654cff3e62,5f149a1b-884b-4487-99ef-17eb43df087f,1702036601516500000
b9bac69e-fbcf-40e7-94ac-2a654cff3e62,5f149a1b-884b-4487-99ef-17eb43df087f,1702036601546244444
b9bac69e-fbcf-40e7-94ac-2a654cff3e62,5f149a1b-884b-4487-99ef-17eb43df087f,1702036601577866666
b9bac69e-fbcf-40e7-94ac-2a654cff3e62,5f149a1b-884b-4487-99ef-17eb43df087f,1702036601615666666
b9bac69e-fbcf-40e7-94ac-2a654cff3e62,5f149a1b-884b-4487-99ef-17eb43df087f,1702036601642455555
b9bac69e-fbcf-40e7-94ac-2a654cff3e62,5f149a1b-884b-4487-99ef-17eb43df087f,1702036601675055555
b9bac69e-fbcf-40e7-94ac-2a654cff3e62,5f149a1b-884b-4487-99ef-17eb43df087f,1702036601713466666
b9bac69e-fbcf-40e7-94ac-2a654cff3e62,5f149a1b-884b-4487-99ef-17eb43df087f,1702036601748177777
b9bac69e-fbcf-40e7-94ac-2a654cff3e62,5f149a1b-884b-4487-99ef-17eb43df087f,1702036601780688888
b9bac69e-fbcf-40e7-94ac-2a654cff3e62,5f149a1b-884b-4487-99ef-17eb43df087f,1702036601815322222
b9bac69e-fbcf-40e7-94ac-2a654cff3e62,5f149a1b-884b-4487-99ef-17eb43df087f,1702036601853411111
b9bac69e-fbcf-40e7-94ac-2a654cff3e62,5f149a1b-884b-4487-99ef-17eb43df087f,1702036601880655555
b9bac69e-fbcf-40e7-94ac-2a654cff3e62,5f149a1b-884b-4487-99ef-17eb43df087f,1702036601919844444
b9bac69e-fbcf-40e7-94ac-2a654cff3e62,5f149a1b-884b-4487-99ef-17eb43df087f,1702036601943411111
b9bac69e-fbcf-40e7-94ac-2a654cff3e62,5f149a1b-884b-4487-99ef-17eb43df087f,1702036601980377777
b9bac69e-fbcf-40e7-94ac-2a654cff3e62,5f149a1b-884b-4487-99ef-17eb43df087f,1702036602015877777
b9bac69e-fbcf-40e7-94ac-2a654cff3e62,5f149a1b-884b-4487-99ef-17eb43df087f,1702036602059833333
b9bac69e-fbcf-40e7-94ac-2a654cff3e62,5f149a1b-884b-4487-99ef-17eb43df087f,1702036602077722222
b9bac69e-fbcf-40e7-94ac-2a654cff3e62,5f149a1b-884b-4487-99ef-17eb43df087f,1702036602116155555
b9bac69e-fbcf-40e7-94ac-2a654cff3e62,5f149a1b-884b-4487-99ef-17eb43df087f,1702036602150477777
b9bac69e-fbcf-40e7-94ac-2a654cff3e62,5f149a1b-884b-4487-99ef-17eb43df087f,1702036602180355555
b9bac69e-fbcf-40e7-94ac-2a654cff3e62,5f149a1b-884b-4487-99ef-17eb43df087f,1702036602217211111
b9bac69e-fbcf-40e7-94ac-2a654cff3e62,5f149a1b-884b-4487-99ef-17eb43df087f,1702036602243833333
b9bac69e-fbcf-40e7-94ac-2a654cff3e62,5f149a1b-884b-4487-99ef-17eb43df087f,1702036602282899999
b9bac69e-fbcf-40e7-94ac-2a654cff3e62,5f149a1b-884b-4487-99ef-17eb43df087f,1702036602317366666
b9bac69e-fbcf-40e7-94ac-2a654cff3e62,5f149a1b-884b-4487-99ef-17eb43df087f,1702036602344500000
b9bac69e-fbcf-40e7-94ac-2a654cff3e62,5f149a1b-884b-4487-99ef-17eb43df087f,1702036602377822222
b9bac69e-fbcf-40e7-94ac-2a654cff3e62,5f149a1b-884b-4487-99ef-17eb43df087f,1702036602416433333
b9bac69e-fbcf-40e7-94ac-2a654cff3e62,5f149a1b-884b-4487-99ef-17eb43df087f,1702036602449000000
b9bac69e-fbcf-40e7-94ac-2a654cff3e62,5f149a1b-884b-4487-99ef-17eb43df087f,1702036602481811111
b9bac69e-fbcf-40e7-94ac-2a654cff3e62,5f149a1b-884b-4487-99ef-17eb43df087f,1702036602515966666
b9bac69e-fbcf-40e7-94ac-2a654cff3e62,5f149a1b-884b-4487-99ef-17eb43df087f,1702036602549044444
b9bac69e-fbcf-40e7-94ac-2a654cff3e62,5f149a1b-884b-4487-99ef-17eb43df087f,1702036602579766666
b9bac69e-fbcf-40e7-94ac-2a654cff3e62,5f149a1b-884b-4487-99ef-17eb43df087f,1702036602616322222
b9bac69e-fbcf-40e7-94ac-2a654cff3e62,5f149a1b-884b-4487-99ef-17eb43df087f,1702036602653100000
b9bac69e-fbcf-40e7-94ac-2a654cff3e62,5f149a1b-884b-4487-99ef-17eb43df087f,1702036602683622222
b9bac69e-fbcf-40e7-94ac-2a654cff3e62,5f149a1b-884b-4487-99ef-17eb43df087f,1702036602720588888
b9bac69e-fbcf-40e7-94ac-2a654cff3e62,5f149a1b-884b-4487-99ef-17eb43df087f,1702036602744000000
b9bac69e-fbcf-40e7-94ac-2a654cff3e62,5f149a1b-884b-4487-99ef-17eb43df087f,1702036602781933333
b9bac69e-fbcf-40e7-94ac-2a654cff3e62,5f149a1b-884b-4487-99ef-17eb43df087f,1702036602818977777
b9bac69e-fbcf-40e7-94ac-2a654cff3e62,5f149a1b-884b-4487-99ef-17eb43df087f,1702036602862155555
b9bac69e-fbcf-40e7-94ac-2a654cff3e62,5f149a1b-884b-4487-99ef-17eb43df087f,1702036602876400000
b9bac69e-fbcf-40e7-94ac-2a654cff3e62,5f149a1b-884b-4487-99ef-17eb43df087f,1702036602916455555
b9bac69e-fbcf-40e7-94ac-2a654cff3e62,5f149a1b-884b-4487-99ef-17eb43df087f,1702036602947511111
b9bac69e-fbcf-40e7-94ac-2a654cff3e62,5f149a1b-884b-4487-99ef-17eb43df087f,1702036602983444444
b9bac69e-fbcf-40e7-94ac-2a654cff3e62,5f149a1b-884b-4487-99ef-17eb43df087f,1702036603020311111
b9bac69e-fbcf-40e7-94ac-2a654cff3e62,5f149a1b-884b-4487-99ef-17eb43df087f,1702036603049144444
b9bac69e-fbcf-40e7-94ac-2a654cff3e62,5f149a1b-884b-4487-99ef-17eb43df087f,1702036603079188888
b9bac69e-fbcf-40e7-94ac-2a654cff3e62,5f149a1b-884b-4487-99ef-17eb43df087f,1702036603114677777
b9bac69e-fbcf-40e7-94ac-2a654cff3e62,5f149a1b-884b-4487-99ef-17eb43df087f,1702036603147555555
b9bac69e-fbcf-40e7-94ac-2a654cff3e62,5f149a1b-884b-4487-99ef-17eb43df087f,1702036603177533333
b9bac69e-fbcf-40e7-94ac-2a654cff3e62,5f149a1b-884b-4487-99ef-17eb43df087f,1702036603223488888
b9bac69e-fbcf-40e7-94ac-2a654cff3e62,5f149a1b-884b-4487-99ef-17eb43df087f,1702036603251833333
b9bac69e-fbcf-40e7-94ac-2a654cff3e62,5f149a1b-884b-4487-99ef-17eb43df087f,1702036603281766666
b9bac69e-fbcf-40e7-94ac-2a654cff3e62,5f149a1b-884b-4487-99ef-17eb43df087f,1702036603316166666
b9bac69e-fbcf-40e7-94ac-2a654cff3e62,5f149a1b-884b-4487-99ef-17eb43df087f,1702036603348433333
b9bac69e-fbcf-40e7-94ac-2a654cff3e62,5f149a1b-884b-4487-99ef-17eb43df087f,1702036603379033333
b9bac69e-fbcf-40e7-94ac-2a654cff3e62,5f149a1b-884b-4487-99ef-17eb43df087f,1702036603414300000
b9bac69e-fbcf-40e7-94ac-2a654cff3e62,5f149a1b-884b-4487-99ef-17eb43df087f,1702036603452433333
b9bac69e-fbcf-40e7-94ac-2a654cff3e62,5f149a1b-884b-4487-99ef-17eb43df087f,1702036603481266666
b9bac69e-fbcf-40e7-94ac-2a654cff3e62,5f149a1b-884b-4487-99ef-17eb43df087f,1702036603519233333
b9bac69e-fbcf-40e7-94ac-2a654cff3e62,5f149a1b-884b-4487-99ef-17eb43df087f,1702036603546777777
b9bac69e-fbcf-40e7-94ac-2a654cff3e62,5f149a1b-884b-4487-99ef-17eb43df087f,1702036603577744444
b9bac69e-fbcf-40e7-94ac-2a654cff3e62,5f149a1b-884b-4487-99ef-17eb43df087f,1702036603614455555
b9bac69e-fbcf-40e7-94ac-2a654cff3e62,5f149a1b-884b-4487-99ef-17eb43df087f,1702036603647666666
b9bac69e-fbcf-40e7-94ac-2a654cff3e62,5f149a1b-884b-4487-99ef-17eb43df087f,1702036603677222222
b9bac69e-fbcf-40e7-94ac-2a654cff3e62,5f149a1b-884b-4487-99ef-17eb43df087f,1702036603705544444
b9bac69e-fbcf-40e7-94ac-2a654cff3e62,5f149a1b-884b-4487-99ef-17eb43df087f,1702036603743133333
b9bac69e-fbcf-40e7-94ac-2a654cff3e62,5f149a1b-884b-4487-99ef-17eb43df087f,1702036603773300000
b9bac69e-fbcf-40e7-94ac-2a654cff3e62,5f149a1b-884b-4487-99ef-17eb43df087f,1702036603805088888
b9bac69e-fbcf-40e7-94ac-2a654cff3e62,5f149a1b-884b-4487-99ef-17eb43df087f,1702036603843033333
b9bac69e-fbcf-40e7-94ac-2a654cff3e62,5f149a1b-884b-4487-99ef-17eb43df087f,1702036603876011111
b9bac69e-fbcf-40e7-94ac-2a654cff3e62,5f149a1b-884b-4487-99ef-17eb43df087f,1702036603906177777
b9bac69e-fbcf-40e7-94ac-2a654cff3e62,5f149a1b-884b-4487-99ef-17eb43df087f,1702036603941922222
b9bac69e-fbcf-40e7-94ac-2a654cff3e62,5f149a1b-884b-4487-99ef-17eb43df087f,1702036603974477777
b9bac69e-fbcf-40e7-94ac-2a654cff3e62,5f149a1b-884b-4487-99ef-17eb43df087f,1702036604006533333
b9bac69e-fbcf-40e7-94ac-2a654cff3e62,5f149a1b-884b-4487-99ef-17eb43df087f,1702036604042777777
b9bac69e-fbcf-40e7-94ac-2a654cff3e62,5f149a1b-884b-4487-99ef-17eb43df087f,1702036604073888888
b9bac69e-fbcf-40e7-94ac-2a654cff3e62,5f149a1b-884b-4487-99ef-17eb43df087f,1702036604116855555
b9bac69e-fbcf-40e7-94ac-2a654cff3e62,5f149a1b-884b-4487-99ef-17eb43df087f,1702036604142711111
b9bac69e-fbcf-40e7-94ac-2a654cff3e62,5f149a1b-884b-4487-99ef-17eb43df087f,1702036604173477777
b9bac69e-fbcf-40e7-94ac-2a654cff3e62,5f149a1b-884b-4487-99ef-17eb43df087f,1702036604206888888
b9bac69e-fbcf-40e7-94ac-2a654cff3e62,5f149a1b-884b-4487-99ef-17eb43df087f,1702036604242522222
b9bac69e-fbcf-40e7-94ac-2a654cff3e62,5f149a1b-884b-4487-99ef-17eb43df087f,1702036604273977777
b9bac69e-fbcf-40e7-94ac-2a654cff3e62,5f149a1b-884b-4487-99ef-17eb43df087f,1702036604307444444
b9bac69e-fbcf-40e7-94ac-2a654cff3e62,5f149a1b-884b-4487-99ef-17eb43df087f,1702036604342844444
b9bac69e-fbcf-40e7-94ac-2a654cff3e62,5f149a1b-884b-4487-99ef-17eb43df087f,1702036604373877777
b9bac69e-fbcf-40e7-94ac-2a654cff3e62,5f149a1b-884b-4487-99ef-17eb43df087f,1702036604408188888
b9bac69e-fbcf-40e7-94ac-2a654cff3e62,5f149a1b-884b-4487-99ef-17eb43df087f,1702036604440977777
b9bac69e-fbcf-40e7-94ac-2a654cff3e62,5f149a1b-884b-4487-99ef-17eb43df087f,1702036604473022222
b9bac69e-fbcf-40e7-94ac-2a654cff3e62,5f149a1b-884b-4487-99ef-17eb43df087f,1702036604505155555
b9bac69e-fbcf-40e7-94ac-2a654cff3e62,5f149a1b-884b-4487-99ef-17eb43df087f,1702036604542566666
b9bac69e-fbcf-40e7-94ac-2a654cff3e62,5f149a1b-884b-4487-99ef-17eb43df087f,1702036604573222222
b9bac69e-fbcf-40e7-94ac-2a654cff3e62,5f149a1b-884b-4487-99ef-17eb43df087f,1702036604606300000
b9bac69e-fbcf-40e7-94ac-2a654cff3e62,5f149a1b-884b-4487-99ef-17eb43df087f,1702036604641766666
b9bac69e-fbcf-40e7-94ac-2a654cff3e62,5f149a1b-884b-4487-99ef-17eb43df087f,1702036604673422222
b9bac69e-fbcf-40e7-94ac-2a654cff3e62,5f149a1b-884b-4487-99ef-17eb43df087f,1702036604704766666
b9bac69e-fbcf-40e7-94ac-2a654cff3e62,5f149a1b-884b-4487-99ef-17eb43df087f,1702036604741344444
b9bac69e-fbcf-40e7-94ac-2a654cff3e62,5f149a1b-884b-4487-99ef-17eb43df087f,1702036604774222222
b9bac69e-fbcf-40e7-94ac-2a654cff3e62,5f149a1b-884b-4487-99ef-17eb43df087f,1702036604805266666
b9bac69e-fbcf-40e7-94ac-2a654cff3e62,5f149a1b-884b-4487-99ef-17eb43df087f,1702036604841255555
b9bac69e-fbcf-40e7-94ac-2a654cff3e62,5f149a1b-884b-4487-99ef-17eb43df087f,1702036604874200000
b9bac69e-fbcf-40e7-94ac-2a654cff3e62,5f149a1b-884b-4487-99ef-17eb43df087f,1702036604919566666
b9bac69e-fbcf-40e7-94ac-2a654cff3e62,5f149a1b-884b-4487-99ef-17eb43df087f,1702036604941644444
b9bac69e-fbcf-40e7-94ac-2a654cff3e62,5f149a1b-884b-4487-99ef-17eb43df087f,1702036604972844444
b9bac69e-fbcf-40e7-94ac-2a654cff3e62,5f149a1b-884b-4487-99ef-17eb43df087f,1702036605011311111
b9bac69e-fbcf-40e7-94ac-2a654cff3e62,5f149a1b-884b-4487-99ef-17eb43df087f,1702036605045233333
b9bac69e-fbcf-40e7-94ac-2a654cff3e62,5f149a1b-884b-4487-99ef-17eb43df087f,1702036605080866666
b9bac69e-fbcf-40e7-94ac-2a654cff3e62,5f149a1b-884b-4487-99ef-17eb43df087f,1702036605112977777
b9bac69e-fbcf-40e7-94ac-2a654cff3e62,5f149a1b-884b-4487-99ef-17eb43df087f,1702036605148511111
b9bac69e-fbcf-40e7-94ac-2a654cff3e62,5f149a1b-884b-4487-99ef-17eb43df087f,1702036605177477777
b9bac69e-fbcf-40e7-94ac-2a654cff3e62,5f149a1b-884b-4487-99ef-17eb43df087f,1702036605205300000
b9bac69e-fbcf-40e7-94ac-2a654cff3e62,5f149a1b-884b-4487-99ef-17eb43df087f,1702036605241477777
b9bac69e-fbcf-40e7-94ac-2a654cff3e62,5f149a1b-884b-4487-99ef-17eb43df087f,1702036605281622222
b9bac69e-fbcf-40e7-94ac-2a654cff3e62,5f149a1b-884b-4487-99ef-17eb43df087f,1702036605316422222
b9bac69e-fbcf-40e7-94ac-2a654cff3e62,5f149a1b-884b-4487-99ef-17eb43df087f,1702036605348655555
b9bac69e-fbcf-40e7-94ac-2a654cff3e62,5f149a1b-884b-4487-99ef-17eb43df087f,1702036605378366666
b9bac69e-fbcf-40e7-94ac-2a654cff3e62,5f149a1b-884b-4487-99ef-17eb43df087f,1702036605412388888
b9bac69e-fbcf-40e7-94ac-2a654cff3e62,5f149a1b-884b-4487-99ef-17eb43df087f,1702036605454322222
b9bac69e-fbcf-40e7-94ac-2a654cff3e62,5f149a1b-884b-4487-99ef-17eb43df087f,1702036605479644444
b9bac69e-fbcf-40e7-94ac-2a654cff3e62,5f149a1b-884b-4487-99ef-17eb43df087f,1702036605506955555
b9bac69e-fbcf-40e7-94ac-2a654cff3e62,5f149a1b-884b-4487-99ef-17eb43df087f,1702036605541577777
b9bac69e-fbcf-40e7-94ac-2a654cff3e62,5f149a1b-884b-4487-99ef-17eb43df087f,1702036605575866666
b9bac69e-fbcf-40e7-94ac-2a654cff3e62,5f149a1b-884b-4487-99ef-17eb43df087f,1702036605615355555
b9bac69e-fbcf-40e7-94ac-2a654cff3e62,5f149a1b-884b-4487-99ef-17eb43df087f,1702036605649144444
b9bac69e-fbcf-40e7-94ac-2a654cff3e62,5f149a1b-884b-4487-99ef-17eb43df087f,1702036605685800000
b9bac69e-fbcf-40e7-94ac-2a654cff3e62,5f149a1b-884b-4487-99ef-17eb43df087f,1702036605711788888
b9bac69e-fbcf-40e7-94ac-2a654cff3e62,5f149a1b-884b-4487-99ef-17eb43df087f,1702036605748255555
b9bac69e-fbcf-40e7-94ac-2a654cff3e62,5f149a1b-884b-4487-99ef-17eb43df087f,1702036605773455555
b9bac69e-fbcf-40e7-94ac-2a654cff3e62,5f149a1b-884b-4487-99ef-17eb43df087f,1702036605806866666
b9bac69e-fbcf-40e7-94ac-2a654cff3e62,5f149a1b-884b-4487-99ef-17eb43df087f,1702036605842333333
b9bac69e-fbcf-40e7-94ac-2a654cff3e62,5f149a1b-884b-4487-99ef-17eb43df087f,1702036605886055555
b9bac69e-fbcf-40e7-94ac-2a654cff3e62,5f149a1b-884b-4487-99ef-17eb43df087f,1702036605908088888
b9bac69e-fbcf-40e7-94ac-2a654cff3e62,5f149a1b-884b-4487-99ef-17eb43df087f,1702036605961900000
b9bac69e-fbcf-40e7-94ac-2a654cff3e62,5f149a1b-884b-4487-99ef-17eb43df087f,1702036605976933333
b9bac69e-fbcf-40e7-94ac-2a654cff3e62,5f149a1b-884b-4487-99ef-17eb43df087f,1702036606009888888
b9bac69e-fbcf-40e7-94ac-2a654cff3e62,5f149a1b-884b-4487-99ef-17eb43df087f,1702036606046400000
b9bac69e-fbcf-40e7-94ac-2a654cff3e62,5f149a1b-884b-4487-99ef-17eb43df087f,1702036606074933333
b9bac69e-fbcf-40e7-94ac-2a654cff3e62,5f149a1b-884b-4487-99ef-17eb43df087f,1702036606105555555
b9bac69e-fbcf-40e7-94ac-2a654cff3e62,5f149a1b-884b-4487-99ef-17eb43df087f,1702036606141588888
b9bac69e-fbcf-40e7-94ac-2a654cff3e62,5f149a1b-884b-4487-99ef-17eb43df087f,1702036606178177777
b9bac69e-fbcf-40e7-94ac-2a654cff3e62,5f149a1b-884b-4487-99ef-17eb43df087f,1702036606216077777
b9bac69e-fbcf-40e7-94ac-2a654cff3e62,5f149a1b-884b-4487-99ef-17eb43df087f,1702036606249288888
b9bac69e-fbcf-40e7-94ac-2a654cff3e62,5f149a1b-884b-4487-99ef-17eb43df087f,1702036606281044444
b9bac69e-fbcf-40e7-94ac-2a654cff3e62,5f149a1b-884b-4487-99ef-17eb43df087f,1702036606321222222
b9bac69e-fbcf-40e7-94ac-2a654cff3e62,5f149a1b-884b-4487-99ef-17eb43df087f,1702036606343322222
b9bac69e-fbcf-40e7-94ac-2a654cff3e62,5f149a1b-884b-4487-99ef-17eb43df087f,1702036606373311111
b9bac69e-fbcf-40e7-94ac-2a654cff3e62,5f149a1b-884b-4487-99ef-17eb43df087f,1702036606405122222
b9bac69e-fbcf-40e7-94ac-2a654cff3e62,5f149a1b-884b-4487-99ef-17eb43df087f,1702036606452100000
b9bac69e-fbcf-40e7-94ac-2a654cff3e62,5f149a1b-884b-4487-99ef-17eb43df087f,1702036606482577777
b9bac69e-fbcf-40e7-94ac-2a654cff3e62,5f149a1b-884b-4487-99ef-17eb43df087f,1702036606511866666
b9bac69e-fbcf-40e7-94ac-2a654cff3e62,5f149a1b-884b-4487-99ef-17eb43df087f,1702036606548477777
b9bac69e-fbcf-40e7-94ac-2a654cff3e62,5f149a1b-884b-4487-99ef-17eb43df087f,1702036606583644444
b9bac69e-fbcf-40e7-94ac-2a654cff3e62,5f149a1b-884b-4487-99ef-17eb43df087f,1702036606612055555
b9bac69e-fbcf-40e7-94ac-2a654cff3e62,5f149a1b-884b-4487-99ef-17eb43df087f,1702036606642055555
b9bac69e-fbcf-40e7-94ac-2a654cff3e62,5f149a1b-884b-4487-99ef-17eb43df087f,1702036606673588888
b9bac69e-fbcf-40e7-94ac-2a654cff3e62,5f149a1b-884b-4487-99ef-17eb43df087f,1702036606704766666
b9bac69e-fbcf-40e7-94ac-2a654cff3e62,5f149a1b-884b-4487-99ef-17eb43df087f,1702036606747955555
b9bac69e-fbcf-40e7-94ac-2a654cff3e62,5f149a1b-884b-4487-99ef-17eb43df087f,1702036606777400000
b9bac69e-fbcf-40e7-94ac-2a654cff3e62,5f149a1b-884b-4487-99ef-17eb43df087f,1702036606814311111
b9bac69e-fbcf-40e7-94ac-2a654cff3e62,5f149a1b-884b-4487-99ef-17eb43df087f,1702036606847544444
b9bac69e-fbcf-40e7-94ac-2a654cff3e62,5f149a1b-884b-4487-99ef-17eb43df087f,1702036606880566666
b9bac69e-fbcf-40e7-94ac-2a654cff3e62,5f149a1b-884b-4487-99ef-17eb43df087f,1702036606909122222
b9bac69e-fbcf-40e7-94ac-2a654cff3e62,5f149a1b-884b-4487-99ef-17eb43df087f,1702036606936944444
b9bac69e-fbcf-40e7-94ac-2a654cff3e62,5f149a1b-884b-4487-99ef-17eb43df087f,1702036606973800000
b9bac69e-fbcf-40e7-94ac-2a654cff3e62,5f149a1b-884b-4487-99ef-17eb43df087f,1702036607013166666
b9bac69e-fbcf-40e7-94ac-2a654cff3e62,5f149a1b-884b-4487-99ef-17eb43df087f,1702036607044677777
b9bac69e-fbcf-40e7-94ac-2a654cff3e62,5f149a1b-884b-4487-99ef-17eb43df087f,1702036607079322222
b9bac69e-fbcf-40e7-94ac-2a654cff3e62,5f149a1b-884b-4487-99ef-17eb43df087f,1702036607115688888
b9bac69e-fbcf-40e7-94ac-2a654cff3e62,5f149a1b-884b-4487-99ef-17eb43df087f,1702036607145266666
b9bac69e-fbcf-40e7-94ac-2a654cff3e62,5f149a1b-884b-4487-99ef-17eb43df087f,1702036607180688888
b9bac69e-fbcf-40e7-94ac-2a654cff3e62,5f149a1b-884b-4487-99ef-17eb43df087f,1702036607205277777
b9bac69e-fbcf-40e7-94ac-2a654cff3e62,5f149a1b-884b-4487-99ef-17eb43df087f,1702036607237255555
b9bac69e-fbcf-40e7-94ac-2a654cff3e62,5f149a1b-884b-4487-99ef-17eb43df087f,1702036607273500000
b9bac69e-fbcf-40e7-94ac-2a654cff3e62,5f149a1b-884b-4487-99ef-17eb43df087f,1702036607311388888
b9bac69e-fbcf-40e7-94ac-2a654cff3e62,5f149a1b-884b-4487-99ef-17eb43df087f,1702036607347233333
b9bac69e-fbcf-40e7-94ac-2a654cff3e62,5f149a1b-884b-4487-99ef-17eb43df087f,1702036607379511111
b9bac69e-fbcf-40e7-94ac-2a654cff3e62,5f149a1b-884b-4487-99ef-17eb43df087f,1702036607411622222
b9bac69e-fbcf-40e7-94ac-2a654cff3e62,5f149a1b-884b-4487-99ef-17eb43df087f,1702036607444777777
b9bac69e-fbcf-40e7-94ac-2a654cff3e62,5f149a1b-884b-4487-99ef-17eb43df087f,1702036607480666666
b9bac69e-fbcf-40e7-94ac-2a654cff3e62,5f149a1b-884b-4487-99ef-17eb43df087f,1702036607505344444
b9bac69e-fbcf-40e7-94ac-2a654cff3e62,5f149a1b-884b-4487-99ef-17eb43df087f,1702036607536900000
b9bac69e-fbcf-40e7-94ac-2a654cff3e62,5f149a1b-884b-4487-99ef-17eb43df087f,1702036607576266666
b9bac69e-fbcf-40e7-94ac-2a654cff3e62,5f149a1b-884b-4487-99ef-17eb43df087f,1702036607617155555
b9bac69e-fbcf-40e7-94ac-2a654cff3e62,5f149a1b-884b-4487-99ef-17eb43df087f,1702036607642055555
b9bac69e-fbcf-40e7-94ac-2a654cff3e62,5f149a1b-884b-4487-99ef-17eb43df087f,1702036607681322222
b9bac69e-fbcf-40e7-94ac-2a654cff3e62,5f149a1b-884b-4487-99ef-17eb43df087f,1702036607710100000
b9bac69e-fbcf-40e7-94ac-2a654cff3e62,5f149a1b-884b-4487-99ef-17eb43df087f,1702036607759833333
b9bac69e-fbcf-40e7-94ac-2a654cff3e62,5f149a1b-884b-4487-99ef-17eb43df087f,1702036607777944444
b9bac69e-fbcf-40e7-94ac-2a654cff3e62,5f149a1b-884b-4487-99ef-17eb43df087f,1702036607806011111
b9bac69e-fbcf-40e7-94ac-2a654cff3e62,5f149a1b-884b-4487-99ef-17eb43df087f,1702036607837244444
b9bac69e-fbcf-40e7-94ac-2a654cff3e62,5f149a1b-884b-4487-99ef-17eb43df087f,1702036607882188888
b9bac69e-fbcf-40e7-94ac-2a654cff3e62,5f149a1b-884b-4487-99ef-17eb43df087f,1702036607913155555
b9bac69e-fbcf-40e7-94ac-2a654cff3e62,5f149a1b-884b-4487-99ef-17eb43df087f,1702036607941566666
b9bac69e-fbcf-40e7-94ac-2a654cff3e62,5f149a1b-884b-4487-99ef-17eb43df087f,1702036607980844444
b9bac69e-fbcf-40e7-94ac-2a654cff3e62,5f149a1b-884b-4487-99ef-17eb43df087f,1702036608008911111
b9bac69e-fbcf-40e7-94ac-2a654cff3e62,5f149a1b-884b-4487-99ef-17eb43df087f,1702036608045411111
b9bac69e-fbcf-40e7-94ac-2a654cff3e62,5f149a1b-884b-4487-99ef-17eb43df087f,1702036608074922222
b9bac69e-fbcf-40e7-94ac-2a654cff3e62,5f149a1b-884b-4487-99ef-17eb43df087f,1702036608106377777
b9bac69e-fbcf-40e7-94ac-2a654cff3e62,5f149a1b-884b-4487-99ef-17eb43df087f,1702036608137077777
b9bac69e-fbcf-40e7-94ac-2a654cff3e62,5f149a1b-884b-4487-99ef-17eb43df087f,1702036608180111111
b9bac69e-fbcf-40e7-94ac-2a654cff3e62,5f149a1b-884b-4487-99ef-17eb43df087f,1702036608208677777
b9bac69e-fbcf-40e7-94ac-2a654cff3e62,5f149a1b-884b-4487-99ef-17eb43df087f,1702036608244033333
b9bac69e-fbcf-40e7-94ac-2a654cff3e62,5f149a1b-884b-4487-99ef-17eb43df087f,1702036608279255555
b9bac69e-fbcf-40e7-94ac-2a654cff3e62,5f149a1b-884b-4487-99ef-17eb43df087f,1702036608308366666
b9bac69e-fbcf-40e7-94ac-2a654cff3e62,5f149a1b-884b-4487-99ef-17eb43df087f,1702036608344200000
b9bac69e-fbcf-40e7-94ac-2a654cff3e62,5f149a1b-884b-4487-99ef-17eb43df087f,1702036608372933333
b9bac69e-fbcf-40e7-94ac-2a654cff3e62,5f149a1b-884b-4487-99ef-17eb43df087f,1702036608405811111
b9bac69e-fbcf-40e7-94ac-2a654cff3e62,5f149a1b-884b-4487-99ef-17eb43df087f,1702036608441666666
b9bac69e-fbcf-40e7-94ac-2a654cff3e62,5f149a1b-884b-4487-99ef-17eb43df087f,1702036608488122222
b9bac69e-fbcf-40e7-94ac-2a654cff3e62,5f149a1b-884b-4487-99ef-17eb43df087f,1702036608513044444
b9bac69e-fbcf-40e7-94ac-2a654cff3e62,5f149a1b-884b-4487-99ef-17eb43df087f,1702036608544900000
b9bac69e-fbcf-40e7-94ac-2a654cff3e62,5f149a1b-884b-4487-99ef-17eb43df087f,1702036608577488888
b9bac69e-fbcf-40e7-94ac-2a654cff3e62,5f149a1b-884b-4487-99ef-17eb43df087f,1702036608612044444
b9bac69e-fbcf-40e7-94ac-2a654cff3e62,5f149a1b-884b-4487-99ef-17eb43df087f,1702036608640100000
b9bac69e-fbcf-40e7-94ac-2a654cff3e62,5f149a1b-884b-4487-99ef-17eb43df087f,1702036608672844444
b9bac69e-fbcf-40e7-94ac-2a654cff3e62,5f149a1b-884b-4487-99ef-17eb43df087f,1702036608705233333
b9bac69e-fbcf-40e7-94ac-2a654cff3e62,5f149a1b-884b-4487-99ef-17eb43df087f,1702036608744500000
b9bac69e-fbcf-40e7-94ac-2a654cff3e62,5f149a1b-884b-4487-99ef-17eb43df087f,1702036608780633333
b9bac69e-fbcf-40e7-94ac-2a654cff3e62,5f149a1b-884b-4487-99ef-17eb43df087f,1702036608812844444
b9bac69e-fbcf-40e7-94ac-2a654cff3e62,5f149a1b-884b-4487-99ef-17eb43df087f,1702036608842288888
b9bac69e-fbcf-40e7-94ac-2a654cff3e62,5f149a1b-884b-4487-99ef-17eb43df087f,1702036608879677777
b9bac69e-fbcf-40e7-94ac-2a654cff3e62,5f149a1b-884b-4487-99ef-17eb43df087f,1702036608910411111
b9bac69e-fbcf-40e7-94ac-2a654cff3e62,5f149a1b-884b-4487-99ef-17eb43df087f,1702036608937655555
b9bac69e-fbcf-40e7-94ac-2a654cff3e62,5f149a1b-884b-4487-99ef-17eb43df087f,1702036608973388888
b9bac69e-fbcf-40e7-94ac-2a654cff3e62,5f149a1b-884b-4487-99ef-17eb43df087f,1702036609010088888
b9bac69e-fbcf-40e7-94ac-2a654cff3e62,5f149a1b-884b-4487-99ef-17eb43df087f,1702036609044266666
b9bac69e-fbcf-40e7-94ac-2a654cff3e62,5f149a1b-884b-4487-99ef-17eb43df087f,1702036609079933333
b9bac69e-fbcf-40e7-94ac-2a654cff3e62,5f149a1b-884b-4487-99ef-17eb43df087f,1702036609113322222
b9bac69e-fbcf-40e7-94ac-2a654cff3e62,5f149a1b-884b-4487-99ef-17eb43df087f,1702036609136988888
b9bac69e-fbcf-40e7-94ac-2a654cff3e62,5f149a1b-884b-4487-99ef-17eb43df087f,1702036609181633333
b9bac69e-fbcf-40e7-94ac-2a654cff3e62,5f149a1b-884b-4487-99ef-17eb43df087f,1702036609208266666
b9bac69e-fbcf-40e7-94ac-2a654cff3e62,5f149a1b-884b-4487-99ef-17eb43df087f,1702036609238733333
b9bac69e-fbcf-40e7-94ac-2a654cff3e62,5f149a1b-884b-4487-99ef-17eb43df087f,1702036609275355555
b9bac69e-fbcf-40e7-94ac-2a654cff3e62,5f149a1b-884b-4487-99ef-17eb43df087f,1702036609312200000
b9bac69e-fbcf-40e7-94ac-2a654cff3e62,5f149a1b-884b-4487-99ef-17eb43df087f,1702036609345800000
b9bac69e-fbcf-40e7-94ac-2a654cff3e62,5f149a1b-884b-4487-99ef-17eb43df087f,1702036609380300000
b9bac69e-fbcf-40e7-94ac-2a654cff3e62,5f149a1b-884b-4487-99ef-17eb43df087f,1702036609420133333
b9bac69e-fbcf-40e7-94ac-2a654cff3e62,5f149a1b-884b-4487-99ef-17eb43df087f,1702036609445866666
b9bac69e-fbcf-40e7-94ac-2a654cff3e62,5f149a1b-884b-4487-99ef-17eb43df087f,1702036609483055555
b9bac69e-fbcf-40e7-94ac-2a654cff3e62,5f149a1b-884b-4487-99ef-17eb43df087f,1702036609506100000
b9bac69e-fbcf-40e7-94ac-2a654cff3e62,5f149a1b-884b-4487-99ef-17eb43df087f,1702036609537577777
b9bac69e-fbcf-40e7-94ac-2a654cff3e62,5f149a1b-884b-4487-99ef-17eb43df087f,1702036609584733333
b9bac69e-fbcf-40e7-94ac-2a654cff3e62,5f149a1b-884b-4487-99ef-17eb43df087f,1702036609611677777
b9bac69e-fbcf-40e7-94ac-2a654cff3e62,5f149a1b-884b-4487-99ef-17eb43df087f,1702036609643633333
b9bac69e-fbcf-40e7-94ac-2a654cff3e62,5f149a1b-884b-4487-99ef-17eb43df087f,1702036609677233333
b9bac69e-fbcf-40e7-94ac-2a654cff3e62,5f149a1b-884b-4487-99ef-17eb43df087f,1702036609708333333
b9bac69e-fbcf-40e7-94ac-2a654cff3e62,5f149a1b-884b-4487-99ef-17eb43df087f,1702036609746522222
b9bac69e-fbcf-40e7-94ac-2a654cff3e62,5f149a1b-884b-4487-99ef-17eb43df087f,1702036609776177777
b9bac69e-fbcf-40e7-94ac-2a654cff3e62,5f149a1b-884b-4487-99ef-17eb43df087f,1702036609805466666
b9bac69e-fbcf-40e7-94ac-2a654cff3e62,5f149a1b-884b-4487-99ef-17eb43df087f,1702036609837355555
b9bac69e-fbcf-40e7-94ac-2a654cff3e62,5f149a1b-884b-4487-99ef-17eb43df087f,1702036609875133333
b9bac69e-fbcf-40e7-94ac-2a654cff3e62,5f149a1b-884b-4487-99ef-17eb43df087f,1702036609913311111
b9bac69e-fbcf-40e7-94ac-2a654cff3e62,5f149a1b-884b-4487-99ef-17eb43df087f,1702036609943466666
b9bac69e-fbcf-40e7-94ac-2a654cff3e62,5f149a1b-884b-4487-99ef-17eb43df087f,1702036609979311111
b9bac69e-fbcf-40e7-94ac-2a654cff3e62,5f149a1b-884b-4487-99ef-17eb43df087f,1702036610012188888
b9bac69e-fbcf-40e7-94ac-2a654cff3e62,5f149a1b-884b-4487-99ef-17eb43df087f,1702036610046511111
b9bac69e-fbcf-40e7-94ac-2a654cff3e62,5f149a1b-884b-4487-99ef-17eb43df087f,1702036610070033333
b9bac69e-fbcf-40e7-94ac-2a654cff3e62,5f149a1b-884b-4487-99ef-17eb43df087f,1702036610104800000
b9bac69e-fbcf-40e7-94ac-2a654cff3e62,5f149a1b-884b-4487-99ef-17eb43df087f,1702036610141844444
b9bac69e-fbcf-40e7-94ac-2a654cff3e62,5f149a1b-884b-4487-99ef-17eb43df087f,1702036610175422222
b9bac69e-fbcf-40e7-94ac-2a654cff3e62,5f149a1b-884b-4487-99ef-17eb43df087f,1702036610204688888
b9bac69e-fbcf-40e7-94ac-2a654cff3e62,5f149a1b-884b-4487-99ef-17eb43df087f,1702036610248611111
b9bac69e-fbcf-40e7-94ac-2a654cff3e62,5f149a1b-884b-4487-99ef-17eb43df087f,1702036610274977777
b9bac69e-fbcf-40e7-94ac-2a654cff3e62,5f149a1b-884b-4487-99ef-17eb43df087f,1702036610316300000
b9bac69e-fbcf-40e7-94ac-2a654cff3e62,5f149a1b-884b-4487-99ef-17eb43df087f,1702036610342177777
b9bac69e-fbcf-40e7-94ac-2a654cff3e62,5f149a1b-884b-4487-99ef-17eb43df087f,1702036610371222222
b9bac69e-fbcf-40e7-94ac-2a654cff3e62,5f149a1b-884b-4487-99ef-17eb43df087f,1702036610404833333
b9bac69e-fbcf-40e7-94ac-2a654cff3e62,5f149a1b-884b-4487-99ef-17eb43df087f,1702036610437844444
b9bac69e-fbcf-40e7-94ac-2a654cff3e62,5f149a1b-884b-4487-99ef-17eb43df087f,1702036610476122222
b9bac69e-fbcf-40e7-94ac-2a654cff3e62,5f149a1b-884b-4487-99ef-17eb43df087f,1702036610513844444
b9bac69e-fbcf-40e7-94ac-2a654cff3e62,5f149a1b-884b-4487-99ef-17eb43df087f,1702036610543700000
b9bac69e-fbcf-40e7-94ac-2a654cff3e62,5f149a1b-884b-4487-99ef-17eb43df087f,1702036610576300000
b9bac69e-fbcf-40e7-94ac-2a654cff3e62,5f149a1b-884b-4487-99ef-17eb43df087f,1702036610615522222
b9bac69e-fbcf-40e7-94ac-2a654cff3e62,5f149a1b-884b-4487-99ef-17eb43df087f,1702036610638044444
b9bac69e-fbcf-40e7-94ac-2a654cff3e62,5f149a1b-884b-4487-99ef-17eb43df087f,1702036610669555555
b9bac69e-fbcf-40e7-94ac-2a654cff3e62,5f149a1b-884b-4487-99ef-17eb43df087f,1702036610705177777
b9bac69e-fbcf-40e7-94ac-2a654cff3e62,5f149a1b-884b-4487-99ef-17eb43df087f,1702036610742066666
b9bac69e-fbcf-40e7-94ac-2a654cff3e62,5f149a1b-884b-4487-99ef-17eb43df087f,1702036610776088888
b9bac69e-fbcf-40e7-94ac-2a654cff3e62,5f149a1b-884b-4487-99ef-17eb43df087f,1702036610814711111
b9bac69e-fbcf-40e7-94ac-2a654cff3e62,5f149a1b-884b-4487-99ef-17eb43df087f,1702036610846677777
b9bac69e-fbcf-40e7-94ac-2a654cff3e62,5f149a1b-884b-4487-99ef-17eb43df087f,1702036610875866666
b9bac69e-fbcf-40e7-94ac-2a654cff3e62,5f149a1b-884b-4487-99ef-17eb43df087f,1702036610915777777
b9bac69e-fbcf-40e7-94ac-2a654cff3e62,5f149a1b-884b-4487-99ef-17eb43df087f,1702036610937766666
b9bac69e-fbcf-40e7-94ac-2a654cff3e62,5f149a1b-884b-4487-99ef-17eb43df087f,1702036610972322222
b9bac69e-fbcf-40e7-94ac-2a654cff3e62,5f149a1b-884b-4487-99ef-17eb43df087f,1702036611005144444
b9bac69e-fbcf-40e7-94ac-2a654cff3e62,5f149a1b-884b-4487-99ef-17eb43df087f,1702036611044877777
b9bac69e-fbcf-40e7-94ac-2a654cff3e62,5f149a1b-884b-4487-99ef-17eb43df087f,1702036611081155555
b9bac69e-fbcf-40e7-94ac-2a654cff3e62,5f149a1b-884b-4487-99ef-17eb43df087f,1702036611112922222
b9bac69e-fbcf-40e7-94ac-2a654cff3e62,5f149a1b-884b-4487-99ef-17eb43df087f,1702036611146377777
b9bac69e-fbcf-40e7-94ac-2a654cff3e62,5f149a1b-884b-4487-99ef-17eb43df087f,1702036611181500000
b9bac69e-fbcf-40e7-94ac-2a654cff3e62,5f149a1b-884b-4487-99ef-17eb43df087f,1702036611205355555
b9bac69e-fbcf-40e7-94ac-2a654cff3e62,5f149a1b-884b-4487-99ef-17eb43df087f,1702036611238922222
b9bac69e-fbcf-40e7-94ac-2a654cff3e62,5f149a1b-884b-4487-99ef-17eb43df087f,1702036611269211111
b9bac69e-fbcf-40e7-94ac-2a654cff3e62,5f149a1b-884b-4487-99ef-17eb43df087f,1702036611315600000
b9bac69e-fbcf-40e7-94ac-2a654cff3e62,5f149a1b-884b-4487-99ef-17eb43df087f,1702036611343511111
b9bac69e-fbcf-40e7-94ac-2a654cff3e62,5f149a1b-884b-4487-99ef-17eb43df087f,1702036611377577777
b9bac69e-fbcf-40e7-94ac-2a654cff3e62,5f149a1b-884b-4487-99ef-17eb43df087f,1702036611412711111
b9bac69e-fbcf-40e7-94ac-2a654cff3e62,5f149a1b-884b-4487-99ef-17eb43df087f,1702036611445588888
b9bac69e-fbcf-40e7-94ac-2a654cff3e62,5f149a1b-884b-4487-99ef-17eb43df087f,1702036611478433333
b9bac69e-fbcf-40e7-94ac-2a654cff3e62,5f149a1b-884b-4487-99ef-17eb43df087f,1702036611506000000
b9bac69e-fbcf-40e7-94ac-2a654cff3e62,5f149a1b-884b-4487-99ef-17eb43df087f,1702036611536600000
b9bac69e-fbcf-40e7-94ac-2a654cff3e62,5f149a1b-884b-4487-99ef-17eb43df087f,1702036611568900000
b9bac69e-fbcf-40e7-94ac-2a654cff3e62,5f149a1b-884b-4487-99ef-17eb43df087f,1702036611614955555
b9bac69e-fbcf-40e7-94ac-2a654cff3e62,5f149a1b-884b-4487-99ef-17eb43df087f,1702036611645144444
b9bac69e-fbcf-40e7-94ac-2a654cff3e62,5f149a1b-884b-4487-99ef-17eb43df087f,1702036611675833333
b9bac69e-fbcf-40e7-94ac-2a654cff3e62,5f149a1b-884b-4487-99ef-17eb43df087f,1702036611716866666
b9bac69e-fbcf-40e7-94ac-2a654cff3e62,5f149a1b-884b-4487-99ef-17eb43df087f,1702036611742000000
b9bac69e-fbcf-40e7-94ac-2a654cff3e62,5f149a1b-884b-4487-99ef-17eb43df087f,1702036611770644444
b9bac69e-fbcf-40e7-94ac-2a654cff3e62,5f149a1b-884b-4487-99ef-17eb43df087f,1702036611807666666
b9bac69e-fbcf-40e7-94ac-2a654cff3e62,5f149a1b-884b-4487-99ef-17eb43df087f,1702036611837222222
b9bac69e-fbcf-40e7-94ac-2a654cff3e62,5f149a1b-884b-4487-99ef-17eb43df087f,1702036611874500000
b9bac69e-fbcf-40e7-94ac-2a654cff3e62,5f149a1b-884b-4487-99ef-17eb43df087f,1702036611909244444
b9bac69e-fbcf-40e7-94ac-2a654cff3e62,5f149a1b-884b-4487-99ef-17eb43df087f,1702036611946977777
b9bac69e-fbcf-40e7-94ac-2a654cff3e62,5f149a1b-884b-4487-99ef-17eb43df087f,1702036611972911111
b9bac69e-fbcf-40e7-94ac-2a654cff3e62,5f149a1b-884b-4487-99ef-17eb43df087f,1702036612012766666
b9bac69e-fbcf-40e7-94ac-2a654cff3e62,5f149a1b-884b-4487-99ef-17eb43df087f,1702036612044733333
b9bac69e-fbcf-40e7-94ac-2a654cff3e62,5f149a1b-884b-4487-99ef-17eb43df087f,1702036612069855555
b9bac69e-fbcf-40e7-94ac-2a654cff3e62,5f149a1b-884b-4487-99ef-17eb43df087f,1702036612106988888
b9bac69e-fbcf-40e7-94ac-2a654cff3e62,5f149a1b-884b-4487-99ef-17eb43df087f,1702036612138633333
b9bac69e-fbcf-40e7-94ac-2a654cff3e62,5f149a1b-884b-4487-99ef-17eb43df087f,1702036612176900000
b9bac69e-fbcf-40e7-94ac-2a654cff3e62,5f149a1b-884b-4487-99ef-17eb43df087f,1702036612213088888
b9bac69e-fbcf-40e7-94ac-2a654cff3e62,5f149a1b-884b-4487-99ef-17eb43df087f,1702036612245155555
b9bac69e-fbcf-40e7-94ac-2a654cff3e62,5f149a1b-884b-4487-99ef-17eb43df087f,1702036612274511111
b9bac69e-fbcf-40e7-94ac-2a654cff3e62,5f149a1b-884b-4487-99ef-17eb43df087f,1702036612310400000
b9bac69e-fbcf-40e7-94ac-2a654cff3e62,5f149a1b-884b-4487-99ef-17eb43df087f,1702036612339255555
b9bac69e-fbcf-40e7-94ac-2a654cff3e62,5f149a1b-884b-4487-99ef-17eb43df087f,1702036612369511111
b9bac69e-fbcf-40e7-94ac-2a654cff3e62,5f149a1b-884b-4487-99ef-17eb43df087f,1702036612405255555
b9bac69e-fbcf-40e7-94ac-2a654cff3e62,5f149a1b-884b-4487-99ef-17eb43df087f,1702036612448344444
b9bac69e-fbcf-40e7-94ac-2a654cff3e62,5f149a1b-884b-4487-99ef-17eb43df087f,1702036612473122222
b9bac69e-fbcf-40e7-94ac-2a654cff3e62,5f149a1b-884b-4487-99ef-17eb43df087f,1702036612516288888
b9bac69e-fbcf-40e7-94ac-2a654cff3e62,5f149a1b-884b-4487-99ef-17eb43df087f,1702036612542844444
b9bac69e-fbcf-40e7-94ac-2a654cff3e62,5f149a1b-884b-4487-99ef-17eb43df087f,1702036612577011111
b9bac69e-fbcf-40e7-94ac-2a654cff3e62,5f149a1b-884b-4487-99ef-17eb43df087f,1702036612611555555
b9bac69e-fbcf-40e7-94ac-2a654cff3e62,5f149a1b-884b-4487-99ef-17eb43df087f,1702036612640200000
b9bac69e-fbcf-40e7-94ac-2a654cff3e62,5f149a1b-884b-4487-99ef-17eb43df087f,1702036612670566666
b9bac69e-fbcf-40e7-94ac-2a654cff3e62,5f149a1b-884b-4487-99ef-17eb43df087f,1702036612704811111
b9bac69e-fbcf-40e7-94ac-2a654cff3e62,5f149a1b-884b-4487-99ef-17eb43df087f,1702036612742644444
b9bac69e-fbcf-40e7-94ac-2a654cff3e62,5f149a1b-884b-4487-99ef-17eb43df087f,1702036612774944444
b9bac69e-fbcf-40e7-94ac-2a654cff3e62,5f149a1b-884b-4487-99ef-17eb43df087f,1702036612805477777
b9bac69e-fbcf-40e7-94ac-2a654cff3e62,5f149a1b-884b-4487-99ef-17eb43df087f,1702036612850622222
b9bac69e-fbcf-40e7-94ac-2a654cff3e62,5f149a1b-884b-4487-99ef-17eb43df087f,1702036612874022222
b9bac69e-fbcf-40e7-94ac-2a654cff3e62,5f149a1b-884b-4487-99ef-17eb43df087f,1702036612905766666
b9bac69e-fbcf-40e7-94ac-2a654cff3e62,5f149a1b-884b-4487-99ef-17eb43df087f,1702036612937366666
b9bac69e-fbcf-40e7-94ac-2a654cff3e62,5f149a1b-884b-4487-99ef-17eb43df087f,1702036612969777777
b9bac69e-fbcf-40e7-94ac-2a654cff3e62,5f149a1b-884b-4487-99ef-17eb43df087f,1702036613006011111
b9bac69e-fbcf-40e7-94ac-2a654cff3e62,5f149a1b-884b-4487-99ef-17eb43df087f,1702036613044500000
b9bac69e-fbcf-40e7-94ac-2a654cff3e62,5f149a1b-884b-4487-99ef-17eb43df087f,1702036613076144444
b9bac69e-fbcf-40e7-94ac-2a654cff3e62,5f149a1b-884b-4487-99ef-17eb43df087f,1702036613110300000
b9bac69e-fbcf-40e7-94ac-2a654cff3e62,5f149a1b-884b-4487-99ef-17eb43df087f,1702036613144322222
b9bac69e-fbcf-40e7-94ac-2a654cff3e62,5f149a1b-884b-4487-99ef-17eb43df087f,1702036613178588888
b9bac69e-fbcf-40e7-94ac-2a654cff3e62,5f149a1b-884b-4487-99ef-17eb43df087f,1702036613206911111
b9bac69e-fbcf-40e7-94ac-2a654cff3e62,5f149a1b-884b-4487-99ef-17eb43df087f,1702036613237822222
b9bac69e-fbcf-40e7-94ac-2a654cff3e62,5f149a1b-884b-4487-99ef-17eb43df087f,1702036613268855555
b9bac69e-fbcf-40e7-94ac-2a654cff3e62,5f149a1b-884b-4487-99ef-17eb43df087f,1702036613307411111
b9bac69e-fbcf-40e7-94ac-2a654cff3e62,5f149a1b-884b-4487-99ef-17eb43df087f,1702036613343488888
b9bac69e-fbcf-40e7-94ac-2a654cff3e62,5f149a1b-884b-4487-99ef-17eb43df087f,1702036613377155555
b9bac69e-fbcf-40e7-94ac-2a654cff3e62,5f149a1b-884b-4487-99ef-17eb43df087f,1702036613405766666
b9bac69e-fbcf-40e7-94ac-2a654cff3e62,5f149a1b-884b-4487-99ef-17eb43df087f,1702036613445933333
b9bac69e-fbcf-40e7-94ac-2a654cff3e62,5f149a1b-884b-4487-99ef-17eb43df087f,1702036613477011111
b9bac69e-fbcf-40e7-94ac-2a654cff3e62,5f149a1b-884b-4487-99ef-17eb43df087f,1702036613502022222
b9bac69e-fbcf-40e7-94ac-2a654cff3e62,5f149a1b-884b-4487-99ef-17eb43df087f,1702036613537444444
b9bac69e-fbcf-40e7-94ac-2a654cff3e62,5f149a1b-884b-4487-99ef-17eb43df087f,1702036613574233333
b9bac69e-fbcf-40e7-94ac-2a654cff3e62,5f149a1b-884b-4487-99ef-17eb43df087f,1702036613610588888
b9bac69e-fbcf-40e7-94ac-2a654cff3e62,5f149a1b-884b-4487-99ef-17eb43df087f,1702036613646800000
b9bac69e-fbcf-40e7-94ac-2a654cff3e62,5f149a1b-884b-4487-99ef-17eb43df087f,1702036613673022222
b9bac69e-fbcf-40e7-94ac-2a654cff3e62,5f149a1b-884b-4487-99ef-17eb43df087f,1702036613711500000
b9bac69e-fbcf-40e7-94ac-2a654cff3e62,5f149a1b-884b-4487-99ef-17eb43df087f,1702036613745244444
b9bac69e-fbcf-40e7-94ac-2a654cff3e62,5f149a1b-884b-4487-99ef-17eb43df087f,1702036613775177777
b9bac69e-fbcf-40e7-94ac-2a654cff3e62,5f149a1b-884b-4487-99ef-17eb43df087f,1702036613801688888
b9bac69e-fbcf-40e7-94ac-2a654cff3e62,5f149a1b-884b-4487-99ef-17eb43df087f,1702036613837722222
b9bac69e-fbcf-40e7-94ac-2a654cff3e62,5f149a1b-884b-4487-99ef-17eb43df087f,1702036613873433333
b9bac69e-fbcf-40e7-94ac-2a654cff3e62,5f149a1b-884b-4487-99ef-17eb43df087f,1702036613908244444
b9bac69e-fbcf-40e7-94ac-2a654cff3e62,5f149a1b-884b-4487-99ef-17eb43df087f,1702036613940177777
b9bac69e-fbcf-40e7-94ac-2a654cff3e62,5f149a1b-884b-4487-99ef-17eb43df087f,1702036613973866666
b9bac69e-fbcf-40e7-94ac-2a654cff3e62,5f149a1b-884b-4487-99ef-17eb43df087f,1702036614009077777
b9bac69e-fbcf-40e7-94ac-2a654cff3e62,5f149a1b-884b-4487-99ef-17eb43df087f,1702036614046411111
b9bac69e-fbcf-40e7-94ac-2a654cff3e62,5f149a1b-884b-4487-99ef-17eb43df087f,1702036614070000000
b9bac69e-fbcf-40e7-94ac-2a654cff3e62,5f149a1b-884b-4487-99ef-17eb43df087f,1702036614101900000
b9bac69e-fbcf-40e7-94ac-2a654cff3e62,5f149a1b-884b-4487-99ef-17eb43df087f,1702036614145200000
b9bac69e-fbcf-40e7-94ac-2a654cff3e62,5f149a1b-884b-4487-99ef-17eb43df087f,1702036614174555555
b9bac69e-fbcf-40e7-94ac-2a654cff3e62,5f149a1b-884b-4487-99ef-17eb43df087f,1702036614207933333
b9bac69e-fbcf-40e7-94ac-2a654cff3e62,5f149a1b-884b-4487-99ef-17eb43df087f,1702036614241400000
b9bac69e-fbcf-40e7-94ac-2a654cff3e62,5f149a1b-884b-4487-99ef-17eb43df087f,1702036614273833333
b9bac69e-fbcf-40e7-94ac-2a654cff3e62,5f149a1b-884b-4487-99ef-17eb43df087f,1702036614309644444
b9bac69e-fbcf-40e7-94ac-2a654cff3e62,5f149a1b-884b-4487-99ef-17eb43df087f,1702036614341022222
b9bac69e-fbcf-40e7-94ac-2a654cff3e62,5f149a1b-884b-4487-99ef-17eb43df087f,1702036614369666666
b9bac69e-fbcf-40e7-94ac-2a654cff3e62,5f149a1b-884b-4487-99ef-17eb43df087f,1702036614401177777
b9bac69e-fbcf-40e7-94ac-2a654cff3e62,5f149a1b-884b-4487-99ef-17eb43df087f,1702036614446477777
b9bac69e-fbcf-40e7-94ac-2a654cff3e62,5f149a1b-884b-4487-99ef-17eb43df087f,1702036614473777777
b9bac69e-fbcf-40e7-94ac-2a654cff3e62,5f149a1b-884b-4487-99ef-17eb43df087f,1702036614510900000
b9bac69e-fbcf-40e7-94ac-2a654cff3e62,5f149a1b-884b-4487-99ef-17eb43df087f,1702036614543411111
b9bac69e-fbcf-40e7-94ac-2a654cff3e62,5f149a1b-884b-4487-99ef-17eb43df087f,1702036614580099999
b9bac69e-fbcf-40e7-94ac-2a654cff3e62,5f149a1b-884b-4487-99ef-17eb43df087f,1702036614608311111
b9bac69e-fbcf-40e7-94ac-2a654cff3e62,5f149a1b-884b-4487-99ef-17eb43df087f,1702036614636988888
b9bac69e-fbcf-40e7-94ac-2a654cff3e62,5f149a1b-884b-4487-99ef-17eb43df087f,1702036614669633333
b9bac69e-fbcf-40e7-94ac-2a654cff3e62,5f149a1b-884b-4487-99ef-17eb43df087f,1702036614708822222
b9bac69e-fbcf-40e7-94ac-2a654cff3e62,5f149a1b-884b-4487-99ef-17eb43df087f,1702036614748500000
b9bac69e-fbcf-40e7-94ac-2a654cff3e62,5f149a1b-884b-4487-99ef-17eb43df087f,1702036614779811111
b9bac69e-fbcf-40e7-94ac-2a654cff3e62,5f149a1b-884b-4487-99ef-17eb43df087f,1702036614812255555
b9bac69e-fbcf-40e7-94ac-2a654cff3e62,5f149a1b-884b-4487-99ef-17eb43df087f,1702036614841188888
b9bac69e-fbcf-40e7-94ac-2a654cff3e62,5f149a1b-884b-4487-99ef-17eb43df087f,1702036614873588888
b9bac69e-fbcf-40e7-94ac-2a654cff3e62,5f149a1b-884b-4487-99ef-17eb43df087f,1702036614904333333
b9bac69e-fbcf-40e7-94ac-2a654cff3e62,5f149a1b-884b-4487-99ef-17eb43df087f,1702036614937355555
b9bac69e-fbcf-40e7-94ac-2a654cff3e62,5f149a1b-884b-4487-99ef-17eb43df087f,1702036614968955555
b9bac69e-fbcf-40e7-94ac-2a654cff3e62,5f149a1b-884b-4487-99ef-17eb43df087f,1702036615009855555
b9bac69e-fbcf-40e7-94ac-2a654cff3e62,5f149a1b-884b-4487-99ef-17eb43df087f,1702036615043055555
b9bac69e-fbcf-40e7-94ac-2a654cff3e62,5f149a1b-884b-4487-99ef-17eb43df087f,1702036615072122222
b9bac69e-fbcf-40e7-94ac-2a654cff3e62,5f149a1b-884b-4487-99ef-17eb43df087f,1702036615109288888
b9bac69e-fbcf-40e7-94ac-2a654cff3e62,5f149a1b-884b-4487-99ef-17eb43df087f,1702036615145600000
b9bac69e-fbcf-40e7-94ac-2a654cff3e62,5f149a1b-884b-4487-99ef-17eb43df087f,1702036615175855555
b9bac69e-fbcf-40e7-94ac-2a654cff3e62,5f149a1b-884b-4487-99ef-17eb43df087f,1702036615201588888
b9bac69e-fbcf-40e7-94ac-2a654cff3e62,5f149a1b-884b-4487-99ef-17eb43df087f,1702036615236922222
b9bac69e-fbcf-40e7-94ac-2a654cff3e62,5f149a1b-884b-4487-99ef-17eb43df087f,1702036615270322222
b9bac69e-fbcf-40e7-94ac-2a654cff3e62,5f149a1b-884b-4487-99ef-17eb43df087f,1702036615311722222
b9bac69e-fbcf-40e7-94ac-2a654cff3e62,5f149a1b-884b-4487-99ef-17eb43df087f,1702036615345555555
b9bac69e-fbcf-40e7-94ac-2a654cff3e62,5f149a1b-884b-4487-99ef-17eb43df087f,1702036615374944444
b9bac69e-fbcf-40e7-94ac-2a654cff3e62,5f149a1b-884b-4487-99ef-17eb43df087f,1702036615412322222
b9bac69e-fbcf-40e7-94ac-2a654cff3e62,5f149a1b-884b-4487-99ef-17eb43df087f,1702036615443188888
b9bac69e-fbcf-40e7-94ac-2a654cff3e62,5f149a1b-884b-4487-99ef-17eb43df087f,1702036615477388888
b9bac69e-fbcf-40e7-94ac-2a654cff3e62,5f149a1b-884b-4487-99ef-17eb43df087f,1702036615501000000
b9bac69e-fbcf-40e7-94ac-2a654cff3e62,5f149a1b-884b-4487-99ef-17eb43df087f,1702036615536888888
b9bac69e-fbcf-40e7-94ac-2a654cff3e62,5f149a1b-884b-4487-99ef-17eb43df087f,1702036615570311111
b9bac69e-fbcf-40e7-94ac-2a654cff3e62,5f149a1b-884b-4487-99ef-17eb43df087f,1702036615608677777
b9bac69e-fbcf-40e7-94ac-2a654cff3e62,5f149a1b-884b-4487-99ef-17eb43df087f,1702036615647000000
b9bac69e-fbcf-40e7-94ac-2a654cff3e62,5f149a1b-884b-4487-99ef-17eb43df087f,1702036615673855555
b9bac69e-fbcf-40e7-94ac-2a654cff3e62,5f149a1b-884b-4487-99ef-17eb43df087f,1702036615712300000
b9bac69e-fbcf-40e7-94ac-2a654cff3e62,5f149a1b-884b-4487-99ef-17eb43df087f,1702036615744744444
b9bac69e-fbcf-40e7-94ac-2a654cff3e62,5f149a1b-884b-4487-99ef-17eb43df087f,1702036615770288888
b9bac69e-fbcf-40e7-94ac-2a654cff3e62,5f149a1b-884b-4487-99ef-17eb43df087f,1702036615801088888
b9bac69e-fbcf-40e7-94ac-2a654cff3e62,5f149a1b-884b-4487-99ef-17eb43df087f,1702036615837100000
b9bac69e-fbcf-40e7-94ac-2a654cff3e62,5f149a1b-884b-4487-99ef-17eb43df087f,1702036615880477777
b9bac69e-fbcf-40e7-94ac-2a654cff3e62,5f149a1b-884b-4487-99ef-17eb43df087f,1702036615903955555
b9bac69e-fbcf-40e7-94ac-2a654cff3e62,5f149a1b-884b-4487-99ef-17eb43df087f,1702036615941600000
b9bac69e-fbcf-40e7-94ac-2a654cff3e62,5f149a1b-884b-4487-99ef-17eb43df087f,1702036615979022222
b9bac69e-fbcf-40e7-94ac-2a654cff3e62,5f149a1b-884b-4487-99ef-17eb43df087f,1702036616008844444
b9bac69e-fbcf-40e7-94ac-2a654cff3e62,5f149a1b-884b-4487-99ef-17eb43df087f,1702036616041744444
b9bac69e-fbcf-40e7-94ac-2a654cff3e62,5f149a1b-884b-4487-99ef-17eb43df087f,1702036616071344444
b9bac69e-fbcf-40e7-94ac-2a654cff3e62,5f149a1b-884b-4487-99ef-17eb43df087f,1702036616100822222
b9bac69e-fbcf-40e7-94ac-2a654cff3e62,5f149a1b-884b-4487-99ef-17eb43df087f,1702036616133211111
b9bac69e-fbcf-40e7-94ac-2a654cff3e62,5f149a1b-884b-4487-99ef-17eb43df087f,1702036616174033333
b9bac69e-fbcf-40e7-94ac-2a654cff3e62,5f149a1b-884b-4487-99ef-17eb43df087f,1702036616212033333
b9bac69e-fbcf-40e7-94ac-2a654cff3e62,5f149a1b-884b-4487-99ef-17eb43df087f,1702036616238644444
b9bac69e-fbcf-40e7-94ac-2a654cff3e62,5f149a1b-884b-4487-99ef-17eb43df087f,1702036616276088888
b9bac69e-fbcf-40e7-94ac-2a654cff3e62,5f149a1b-884b-4487-99ef-17eb43df087f,1702036616310588888
b9bac69e-fbcf-40e7-94ac-2a654cff3e62,5f149a1b-884b-4487-99ef-17eb43df087f,1702036616338100000
b9bac69e-fbcf-40e7-94ac-2a654cff3e62,5f149a1b-884b-4487-99ef-17eb43df087f,1702036616369577777
b9bac69e-fbcf-40e7-94ac-2a654cff3e62,5f149a1b-884b-4487-99ef-17eb43df087f,1702036616402044444
b9bac69e-fbcf-40e7-94ac-2a654cff3e62,5f149a1b-884b-4487-99ef-17eb43df087f,1702036616442700000
b9bac69e-fbcf-40e7-94ac-2a654cff3e62,5f149a1b-884b-4487-99ef-17eb43df087f,1702036616475777777
b9bac69e-fbcf-40e7-94ac-2a654cff3e62,5f149a1b-884b-4487-99ef-17eb43df087f,1702036616509244444
b9bac69e-fbcf-40e7-94ac-2a654cff3e62,5f149a1b-884b-4487-99ef-17eb43df087f,1702036616543944444
b9bac69e-fbcf-40e7-94ac-2a654cff3e62,5f149a1b-884b-4487-99ef-17eb43df087f,1702036616575255555
b9bac69e-fbcf-40e7-94ac-2a654cff3e62,5f149a1b-884b-4487-99ef-17eb43df087f,1702036616608444444
b9bac69e-fbcf-40e7-94ac-2a654cff3e62,5f149a1b-884b-4487-99ef-17eb43df087f,1702036616641677777
b9bac69e-fbcf-40e7-94ac-2a654cff3e62,5f149a1b-884b-4487-99ef-17eb43df087f,1702036616669077777
b9bac69e-fbcf-40e7-94ac-2a654cff3e62,5f149a1b-884b-4487-99ef-17eb43df087f,1702036616703922222
b9bac69e-fbcf-40e7-94ac-2a654cff3e62,5f149a1b-884b-4487-99ef-17eb43df087f,1702036616735755555
b9bac69e-fbcf-40e7-94ac-2a654cff3e62,5f149a1b-884b-4487-99ef-17eb43df087f,1702036616776722222
b9bac69e-fbcf-40e7-94ac-2a654cff3e62,5f149a1b-884b-4487-99ef-17eb43df087f,1702036616804033333
b9bac69e-fbcf-40e7-94ac-2a654cff3e62,5f149a1b-884b-4487-99ef-17eb43df087f,1702036616837144444
b9bac69e-fbcf-40e7-94ac-2a654cff3e62,5f149a1b-884b-4487-99ef-17eb43df087f,1702036616876577777
b9bac69e-fbcf-40e7-94ac-2a654cff3e62,5f149a1b-884b-4487-99ef-17eb43df087f,1702036616902600000
b9bac69e-fbcf-40e7-94ac-2a654cff3e62,5f149a1b-884b-4487-99ef-17eb43df087f,1702036616933077777
b9bac69e-fbcf-40e7-94ac-2a654cff3e62,5f149a1b-884b-4487-99ef-17eb43df087f,1702036616970122222
b9bac69e-fbcf-40e7-94ac-2a654cff3e62,5f149a1b-884b-4487-99ef-17eb43df087f,1702036617013533333
b9bac69e-fbcf-40e7-94ac-2a654cff3e62,5f149a1b-884b-4487-99ef-17eb43df087f,1702036617037411111
b9bac69e-fbcf-40e7-94ac-2a654cff3e62,5f149a1b-884b-4487-99ef-17eb43df087f,1702036617076222222
b9bac69e-fbcf-40e7-94ac-2a654cff3e62,5f149a1b-884b-4487-99ef-17eb43df087f,1702036617109600000
b9bac69e-fbcf-40e7-94ac-2a654cff3e62,5f149a1b-884b-4487-99ef-17eb43df087f,1702036617146311111
b9bac69e-fbcf-40e7-94ac-2a654cff3e62,5f149a1b-884b-4487-99ef-17eb43df087f,1702036617176822222
b9bac69e-fbcf-40e7-94ac-2a654cff3e62,5f149a1b-884b-4487-99ef-17eb43df087f,1702036617208688888
b9bac69e-fbcf-40e7-94ac-2a654cff3e62,5f149a1b-884b-4487-99ef-17eb43df087f,1702036617237888888
b9bac69e-fbcf-40e7-94ac-2a654cff3e62,5f149a1b-884b-4487-99ef-17eb43df087f,1702036617269300000
b9bac69e-fbcf-40e7-94ac-2a654cff3e62,5f149a1b-884b-4487-99ef-17eb43df087f,1702036617301644444
b9bac69e-fbcf-40e7-94ac-2a654cff3e62,5f149a1b-884b-4487-99ef-17eb43df087f,1702036617345200000
b9bac69e-fbcf-40e7-94ac-2a654cff3e62,5f149a1b-884b-4487-99ef-17eb43df087f,1702036617384188888
b9bac69e-fbcf-40e7-94ac-2a654cff3e62,5f149a1b-884b-4487-99ef-17eb43df087f,1702036617406788888
b9bac69e-fbcf-40e7-94ac-2a654cff3e62,5f149a1b-884b-4487-99ef-17eb43df087f,1702036617443788888
b9bac69e-fbcf-40e7-94ac-2a654cff3e62,5f149a1b-884b-4487-99ef-17eb43df087f,1702036617472266666
b9bac69e-fbcf-40e7-94ac-2a654cff3e62,5f149a1b-884b-4487-99ef-17eb43df087f,1702036617502333333
b9bac69e-fbcf-40e7-94ac-2a654cff3e62,5f149a1b-884b-4487-99ef-17eb43df087f,1702036617532966666
b9bac69e-fbcf-40e7-94ac-2a654cff3e62,5f149a1b-884b-4487-99ef-17eb43df087f,1702036617575466666
b9bac69e-fbcf-40e7-94ac-2a654cff3e62,5f149a1b-884b-4487-99ef-17eb43df087f,1702036617609700000
b9bac69e-fbcf-40e7-94ac-2a654cff3e62,5f149a1b-884b-4487-99ef-17eb43df087f,1702036617647822222
b9bac69e-fbcf-40e7-94ac-2a654cff3e62,5f149a1b-884b-4487-99ef-17eb43df087f,1702036617673644444
b9bac69e-fbcf-40e7-94ac-2a654cff3e62,5f149a1b-884b-4487-99ef-17eb43df087f,1702036617709433333
b9bac69e-fbcf-40e7-94ac-2a654cff3e62,5f149a1b-884b-4487-99ef-17eb43df087f,1702036617736744444
b9bac69e-fbcf-40e7-94ac-2a654cff3e62,5f149a1b-884b-4487-99ef-17eb43df087f,1702036617782777777
b9bac69e-fbcf-40e7-94ac-2a654cff3e62,5f149a1b-884b-4487-99ef-17eb43df087f,1702036617810088888
b9bac69e-fbcf-40e7-94ac-2a654cff3e62,5f149a1b-884b-4487-99ef-17eb43df087f,1702036617833844444
b9bac69e-fbcf-40e7-94ac-2a654cff3e62,5f149a1b-884b-4487-99ef-17eb43df087f,1702036617871755555
b9bac69e-fbcf-40e7-94ac-2a654cff3e62,5f149a1b-884b-4487-99ef-17eb43df087f,1702036617904844444
b9bac69e-fbcf-40e7-94ac-2a654cff3e62,5f149a1b-884b-4487-99ef-17eb43df087f,1702036617942111111
b9bac69e-fbcf-40e7-94ac-2a654cff3e62,5f149a1b-884b-4487-99ef-17eb43df087f,1702036617973266666
b9bac69e-fbcf-40e7-94ac-2a654cff3e62,5f149a1b-884b-4487-99ef-17eb43df087f,1702036618012955555
b9bac69e-fbcf-40e7-94ac-2a654cff3e62,5f149a1b-884b-4487-99ef-17eb43df087f,1702036618034444444
b9bac69e-fbcf-40e7-94ac-2a654cff3e62,5f149a1b-884b-4487-99ef-17eb43df087f,1702036618069100000
b9bac69e-fbcf-40e7-94ac-2a654cff3e62,5f149a1b-884b-4487-99ef-17eb43df087f,1702036618101411111
b9bac69e-fbcf-40e7-94ac-2a654cff3e62,5f149a1b-884b-4487-99ef-17eb43df087f,1702036618141188888
b9bac69e-fbcf-40e7-94ac-2a654cff3e62,5f149a1b-884b-4487-99ef-17eb43df087f,1702036618180300000
b9bac69e-fbcf-40e7-94ac-2a654cff3e62,5f149a1b-884b-4487-99ef-17eb43df087f,1702036618206500000
b9bac69e-fbcf-40e7-94ac-2a654cff3e62,5f149a1b-884b-4487-99ef-17eb43df087f,1702036618244933333
b9bac69e-fbcf-40e7-94ac-2a654cff3e62,5f149a1b-884b-4487-99ef-17eb43df087f,1702036618274055555
b9bac69e-fbcf-40e7-94ac-2a654cff3e62,5f149a1b-884b-4487-99ef-17eb43df087f,1702036618308522222
b9bac69e-fbcf-40e7-94ac-2a654cff3e62,5f149a1b-884b-4487-99ef-17eb43df087f,1702036618338933333
b9bac69e-fbcf-40e7-94ac-2a654cff3e62,5f149a1b-884b-4487-99ef-17eb43df087f,1702036618373177777
b9bac69e-fbcf-40e7-94ac-2a654cff3e62,5f149a1b-884b-4487-99ef-17eb43df087f,1702036618401455555
b9bac69e-fbcf-40e7-94ac-2a654cff3e62,5f149a1b-884b-4487-99ef-17eb43df087f,1702036618433977777
b9bac69e-fbcf-40e7-94ac-2a654cff3e62,5f149a1b-884b-4487-99ef-17eb43df087f,1702036618473711111
b9bac69e-fbcf-40e7-94ac-2a654cff3e62,5f149a1b-884b-4487-99ef-17eb43df087f,1702036618510322222
b9bac69e-fbcf-40e7-94ac-2a654cff3e62,5f149a1b-884b-4487-99ef-17eb43df087f,1702036618536022222
b9bac69e-fbcf-40e7-94ac-2a654cff3e62,5f149a1b-884b-4487-99ef-17eb43df087f,1702036618581166666
b9bac69e-fbcf-40e7-94ac-2a654cff3e62,5f149a1b-884b-4487-99ef-17eb43df087f,1702036618602700000
b9bac69e-fbcf-40e7-94ac-2a654cff3e62,5f149a1b-884b-4487-99ef-17eb43df087f,1702036618633511111
b9bac69e-fbcf-40e7-94ac-2a654cff3e62,5f149a1b-884b-4487-99ef-17eb43df087f,1702036618668866666
b9bac69e-fbcf-40e7-94ac-2a654cff3e62,5f149a1b-884b-4487-99ef-17eb43df087f,1702036618706977777
b9bac69e-fbcf-40e7-94ac-2a654cff3e62,5f149a1b-884b-4487-99ef-17eb43df087f,1702036618740288888
b9bac69e-fbcf-40e7-94ac-2a654cff3e62,5f149a1b-884b-4487-99ef-17eb43df087f,1702036618783644444
b9bac69e-fbcf-40e7-94ac-2a654cff3e62,5f149a1b-884b-4487-99ef-17eb43df087f,1702036618804455555
b9bac69e-fbcf-40e7-94ac-2a654cff3e62,5f149a1b-884b-4487-99ef-17eb43df087f,1702036618835711111
b9bac69e-fbcf-40e7-94ac-2a654cff3e62,5f149a1b-884b-4487-99ef-17eb43df087f,1702036618873533333
b9bac69e-fbcf-40e7-94ac-2a654cff3e62,5f149a1b-884b-4487-99ef-17eb43df087f,1702036618905755555
b9bac69e-fbcf-40e7-94ac-2a654cff3e62,5f149a1b-884b-4487-99ef-17eb43df087f,1702036618939800000
b9bac69e-fbcf-40e7-94ac-2a654cff3e62,5f149a1b-884b-4487-99ef-17eb43df087f,1702036618966466666
b9bac69e-fbcf-40e7-94ac-2a654cff3e62,5f149a1b-884b-4487-99ef-17eb43df087f,1702036619000988888
b9bac69e-fbcf-40e7-94ac-2a654cff3e62,5f149a1b-884b-4487-99ef-17eb43df087f,1702036619035988888
b9bac69e-fbcf-40e7-94ac-2a654cff3e62,5f149a1b-884b-4487-99ef-17eb43df087f,1702036619076511111
b9bac69e-fbcf-40e7-94ac-2a654cff3e62,5f149a1b-884b-4487-99ef-17eb43df087f,1702036619107400000
b9bac69e-fbcf-40e7-94ac-2a654cff3e62,5f149a1b-884b-4487-99ef-17eb43df087f,1702036619148922222
b9bac69e-fbcf-40e7-94ac-2a654cff3e62,5f149a1b-884b-4487-99ef-17eb43df087f,1702036619171077777
b9bac69e-fbcf-40e7-94ac-2a654cff3e62,5f149a1b-884b-4487-99ef-17eb43df087f,1702036619201066666
b9bac69e-fbcf-40e7-94ac-2a654cff3e62,5f149a1b-884b-4487-99ef-17eb43df087f,1702036619233066666
b9bac69e-fbcf-40e7-94ac-2a654cff3e62,5f149a1b-884b-4487-99ef-17eb43df087f,1702036619271622222
b9bac69e-fbcf-40e7-94ac-2a654cff3e62,5f149a1b-884b-4487-99ef-17eb43df087f,1702036619313011111
b9bac69e-fbcf-40e7-94ac-2a654cff3e62,5f149a1b-884b-4487-99ef-17eb43df087f,1702036619342066666
b9bac69e-fbcf-40e7-94ac-2a654cff3e62,5f149a1b-884b-4487-99ef-17eb43df087f,1702036619373855555
b9bac69e-fbcf-40e7-94ac-2a654cff3e62,5f149a1b-884b-4487-99ef-17eb43df087f,1702036619411700000
b9bac69e-fbcf-40e7-94ac-2a654cff3e62,5f149a1b-884b-4487-99ef-17eb43df087f,1702036619440700000
b9bac69e-fbcf-40e7-94ac-2a654cff3e62,5f149a1b-884b-4487-99ef-17eb43df087f,1702036619476755555
b9bac69e-fbcf-40e7-94ac-2a654cff3e62,5f149a1b-884b-4487-99ef-17eb43df087f,1702036619507655555
b9bac69e-fbcf-40e7-94ac-2a654cff3e62,5f149a1b-884b-4487-99ef-17eb43df087f,1702036619536188888
b9bac69e-fbcf-40e7-94ac-2a654cff3e62,5f149a1b-884b-4487-99ef-17eb43df087f,1702036619565255555
b9bac69e-fbcf-40e7-94ac-2a654cff3e62,5f149a1b-884b-4487-99ef-17eb43df087f,1702036619601188888
b9bac69e-fbcf-40e7-94ac-2a654cff3e62,5f149a1b-884b-4487-99ef-17eb43df087f,1702036619641188888
b9bac69e-fbcf-40e7-94ac-2a654cff3e62,5f149a1b-884b-4487-99ef-17eb43df087f,1702036619675666666
b9bac69e-fbcf-40e7-94ac-2a654cff3e62,5f149a1b-884b-4487-99ef-17eb43df087f,1702036619711133333
b9bac69e-fbcf-40e7-94ac-2a654cff3e62,5f149a1b-884b-4487-99ef-17eb43df087f,1702036619733122222
b9bac69e-fbcf-40e7-94ac-2a654cff3e62,5f149a1b-884b-4487-99ef-17eb43df087f,1702036619765800000
b9bac69e-fbcf-40e7-94ac-2a654cff3e62,5f149a1b-884b-4487-99ef-17eb43df087f,1702036619801600000
b9bac69e-fbcf-40e7-94ac-2a654cff3e62,5f149a1b-884b-4487-99ef-17eb43df087f,1702036619835222222
b9bac69e-fbcf-40e7-94ac-2a654cff3e62,5f149a1b-884b-4487-99ef-17eb43df087f,1702036619873400000
b9bac69e-fbcf-40e7-94ac-2a654cff3e62,5f149a1b-884b-4487-99ef-17eb43df087f,1702036619910544444
b9bac69e-fbcf-40e7-94ac-2a654cff3e62,5f149a1b-884b-4487-99ef-17eb43df087f,1702036619938933333
b9bac69e-fbcf-40e7-94ac-2a654cff3e62,5f149a1b-884b-4487-99ef-17eb43df087f,1702036619973822222
b9bac69e-fbcf-40e7-94ac-2a654cff3e62,5f149a1b-884b-4487-99ef-17eb43df087f,1702036620008388888
b9bac69e-fbcf-40e7-94ac-2a654cff3e62,5f149a1b-884b-4487-99ef-17eb43df087f,1702036620038211111
b9bac69e-fbcf-40e7-94ac-2a654cff3e62,5f149a1b-884b-4487-99ef-17eb43df087f,1702036620073766666
b9bac69e-fbcf-40e7-94ac-2a654cff3e62,5f149a1b-884b-4487-99ef-17eb43df087f,1702036620105266666
b9bac69e-fbcf-40e7-94ac-2a654cff3e62,5f149a1b-884b-4487-99ef-17eb43df087f,1702036620133466666
b9bac69e-fbcf-40e7-94ac-2a654cff3e62,5f149a1b-884b-4487-99ef-17eb43df087f,1702036620165300000
b9bac69e-fbcf-40e7-94ac-2a654cff3e62,5f149a1b-884b-4487-99ef-17eb43df087f,1702036620206266666
b9bac69e-fbcf-40e7-94ac-2a654cff3e62,5f149a1b-884b-4487-99ef-17eb43df087f,1702036620244444444
b9bac69e-fbcf-40e7-94ac-2a654cff3e62,5f149a1b-884b-4487-99ef-17eb43df087f,1702036620270255555
b9bac69e-fbcf-40e7-94ac-2a654cff3e62,5f149a1b-884b-4487-99ef-17eb43df087f,1702036620312766666
b9bac69e-fbcf-40e7-94ac-2a654cff3e62,5f149a1b-884b-4487-99ef-17eb43df087f,1702036620336922222
b9bac69e-fbcf-40e7-94ac-2a654cff3e62,5f149a1b-884b-4487-99ef-17eb43df087f,1702036620365344444
b9bac69e-fbcf-40e7-94ac-2a654cff3e62,5f149a1b-884b-4487-99ef-17eb43df087f,1702036620400922222
b9bac69e-fbcf-40e7-94ac-2a654cff3e62,5f149a1b-884b-4487-99ef-17eb43df087f,1702036620438311111
b9bac69e-fbcf-40e7-94ac-2a654cff3e62,5f149a1b-884b-4487-99ef-17eb43df087f,1702036620473911111
b9bac69e-fbcf-40e7-94ac-2a654cff3e62,5f149a1b-884b-4487-99ef-17eb43df087f,1702036620512400000
b9bac69e-fbcf-40e7-94ac-2a654cff3e62,5f149a1b-884b-4487-99ef-17eb43df087f,1702036620543555555
b9bac69e-fbcf-40e7-94ac-2a654cff3e62,5f149a1b-884b-4487-99ef-17eb43df087f,1702036620570722222
b9bac69e-fbcf-40e7-94ac-2a654cff3e62,5f149a1b-884b-4487-99ef-17eb43df087f,1702036620602400000
b9bac69e-fbcf-40e7-94ac-2a654cff3e62,5f149a1b-884b-4487-99ef-17eb43df087f,1702036620634433333
b9bac69e-fbcf-40e7-94ac-2a654cff3e62,5f149a1b-884b-4487-99ef-17eb43df087f,1702036620667866666
b9bac69e-fbcf-40e7-94ac-2a654cff3e62,5f149a1b-884b-4487-99ef-17eb43df087f,1702036620700922222
b9bac69e-fbcf-40e7-94ac-2a654cff3e62,5f149a1b-884b-4487-99ef-17eb43df087f,1702036620733788888
b9bac69e-fbcf-40e7-94ac-2a654cff3e62,5f149a1b-884b-4487-99ef-17eb43df087f,1702036620767233333
b9bac69e-fbcf-40e7-94ac-2a654cff3e62,5f149a1b-884b-4487-99ef-17eb43df087f,1702036620803633333
b9bac69e-fbcf-40e7-94ac-2a654cff3e62,5f149a1b-884b-4487-99ef-17eb43df087f,1702036620840811111
b9bac69e-fbcf-40e7-94ac-2a654cff3e62,5f149a1b-884b-4487-99ef-17eb43df087f,1702036620868000000
b9bac69e-fbcf-40e7-94ac-2a654cff3e62,5f149a1b-884b-4487-99ef-17eb43df087f,1702036620902066666
b9bac69e-fbcf-40e7-94ac-2a654cff3e62,5f149a1b-884b-4487-99ef-17eb43df087f,1702036620933277777
b9bac69e-fbcf-40e7-94ac-2a654cff3e62,5f149a1b-884b-4487-99ef-17eb43df087f,1702036620967122222
b9bac69e-fbcf-40e7-94ac-2a654cff3e62,5f149a1b-884b-4487-99ef-17eb43df087f,1702036621003333333
b9bac69e-fbcf-40e7-94ac-2a654cff3e62,5f149a1b-884b-4487-99ef-17eb43df087f,1702036621036222222
b9bac69e-fbcf-40e7-94ac-2a654cff3e62,5f149a1b-884b-4487-99ef-17eb43df087f,1702036621067666666
b9bac69e-fbcf-40e7-94ac-2a654cff3e62,5f149a1b-884b-4487-99ef-17eb43df087f,1702036621101655555
b9bac69e-fbcf-40e7-94ac-2a654cff3e62,5f149a1b-884b-4487-99ef-17eb43df087f,1702036621138377777
b9bac69e-fbcf-40e7-94ac-2a654cff3e62,5f149a1b-884b-4487-99ef-17eb43df087f,1702036621167233333
b9bac69e-fbcf-40e7-94ac-2a654cff3e62,5f149a1b-884b-4487-99ef-17eb43df087f,1702036621206133333
b9bac69e-fbcf-40e7-94ac-2a654cff3e62,5f149a1b-884b-4487-99ef-17eb43df087f,1702036621235588888
b9bac69e-fbcf-40e7-94ac-2a654cff3e62,5f149a1b-884b-4487-99ef-17eb43df087f,1702036621268844444
b9bac69e-fbcf-40e7-94ac-2a654cff3e62,5f149a1b-884b-4487-99ef-17eb43df087f,1702036621301955555
b9bac69e-fbcf-40e7-94ac-2a654cff3e62,5f149a1b-884b-4487-99ef-17eb43df087f,1702036621333044444
b9bac69e-fbcf-40e7-94ac-2a654cff3e62,5f149a1b-884b-4487-99ef-17eb43df087f,1702036621365311111
b9bac69e-fbcf-40e7-94ac-2a654cff3e62,5f149a1b-884b-4487-99ef-17eb43df087f,1702036621402111111
b9bac69e-fbcf-40e7-94ac-2a654cff3e62,5f149a1b-884b-4487-99ef-17eb43df087f,1702036621435655555
b9bac69e-fbcf-40e7-94ac-2a654cff3e62,5f149a1b-884b-4487-99ef-17eb43df087f,1702036621469333333
b9bac69e-fbcf-40e7-94ac-2a654cff3e62,5f149a1b-884b-4487-99ef-17eb43df087f,1702036621501922222
b9bac69e-fbcf-40e7-94ac-2a654cff3e62,5f149a1b-884b-4487-99ef-17eb43df087f,1702036621534255555
b9bac69e-fbcf-40e7-94ac-2a654cff3e62,5f149a1b-884b-4487-99ef-17eb43df087f,1702036621565333333
b9bac69e-fbcf-40e7-94ac-2a654cff3e62,5f149a1b-884b-4487-99ef-17eb43df087f,1702036621603700000
b9bac69e-fbcf-40e7-94ac-2a654cff3e62,5f149a1b-884b-4487-99ef-17eb43df087f,1702036621637355555
b9bac69e-fbcf-40e7-94ac-2a654cff3e62,5f149a1b-884b-4487-99ef-17eb43df087f,1702036621668911111
b9bac69e-fbcf-40e7-94ac-2a654cff3e62,5f149a1b-884b-4487-99ef-17eb43df087f,1702036621705988888
b9bac69e-fbcf-40e7-94ac-2a654cff3e62,5f149a1b-884b-4487-99ef-17eb43df087f,1702036621735577777
b9bac69e-fbcf-40e7-94ac-2a654cff3e62,5f149a1b-884b-4487-99ef-17eb43df087f,1702036621769033333
b9bac69e-fbcf-40e7-94ac-2a654cff3e62,5f149a1b-884b-4487-99ef-17eb43df087f,1702036621805255555
b9bac69e-fbcf-40e7-94ac-2a654cff3e62,5f149a1b-884b-4487-99ef-17eb43df087f,1702036621835688888
b9bac69e-fbcf-40e7-94ac-2a654cff3e62,5f149a1b-884b-4487-99ef-17eb43df087f,1702036621867722222
b9bac69e-fbcf-40e7-94ac-2a654cff3e62,5f149a1b-884b-4487-99ef-17eb43df087f,1702036621901122222
b9bac69e-fbcf-40e7-94ac-2a654cff3e62,5f149a1b-884b-4487-99ef-17eb43df087f,1702036621933277777
b9bac69e-fbcf-40e7-94ac-2a654cff3e62,5f149a1b-884b-4487-99ef-17eb43df087f,1702036621971322222
b9bac69e-fbcf-40e7-94ac-2a654cff3e62,5f149a1b-884b-4487-99ef-17eb43df087f,1702036621998344444
b9bac69e-fbcf-40e7-94ac-2a654cff3e62,5f149a1b-884b-4487-99ef-17eb43df087f,1702036622037344444
b9bac69e-fbcf-40e7-94ac-2a654cff3e62,5f149a1b-884b-4487-99ef-17eb43df087f,1702036622070144444
b9bac69e-fbcf-40e7-94ac-2a654cff3e62,5f149a1b-884b-4487-99ef-17eb43df087f,1702036622098711111
b9bac69e-fbcf-40e7-94ac-2a654cff3e62,5f149a1b-884b-4487-99ef-17eb43df087f,1702036622133488888
b9bac69e-fbcf-40e7-94ac-2a654cff3e62,5f149a1b-884b-4487-99ef-17eb43df087f,1702036622165511111
b9bac69e-fbcf-40e7-94ac-2a654cff3e62,5f149a1b-884b-4487-99ef-17eb43df087f,1702036622199288888
b9bac69e-fbcf-40e7-94ac-2a654cff3e62,5f149a1b-884b-4487-99ef-17eb43df087f,1702036622236622222
b9bac69e-fbcf-40e7-94ac-2a654cff3e62,5f149a1b-884b-4487-99ef-17eb43df087f,1702036622266788888
b9bac69e-fbcf-40e7-94ac-2a654cff3e62,5f149a1b-884b-4487-99ef-17eb43df087f,1702036622299600000
b9bac69e-fbcf-40e7-94ac-2a654cff3e62,5f149a1b-884b-4487-99ef-17eb43df087f,1702036622335366666
b9bac69e-fbcf-40e7-94ac-2a654cff3e62,5f149a1b-884b-4487-99ef-17eb43df087f,1702036622369077777
b9bac69e-fbcf-40e7-94ac-2a654cff3e62,5f149a1b-884b-4487-99ef-17eb43df087f,1702036622399411111
b9bac69e-fbcf-40e7-94ac-2a654cff3e62,5f149a1b-884b-4487-99ef-17eb43df087f,1702036622437400000
b9bac69e-fbcf-40e7-94ac-2a654cff3e62,5f149a1b-884b-4487-99ef-17eb43df087f,1702036622466133333
b9bac69e-fbcf-40e7-94ac-2a654cff3e62,5f149a1b-884b-4487-99ef-17eb43df087f,1702036622497733333
b9bac69e-fbcf-40e7-94ac-2a654cff3e62,5f149a1b-884b-4487-99ef-17eb43df087f,1702036622533600000
b9bac69e-fbcf-40e7-94ac-2a654cff3e62,5f149a1b-884b-4487-99ef-17eb43df087f,1702036622568800000
b9bac69e-fbcf-40e7-94ac-2a654cff3e62,5f149a1b-884b-4487-99ef-17eb43df087f,1702036622600344444
b9bac69e-fbcf-40e7-94ac-2a654cff3e62,5f149a1b-884b-4487-99ef-17eb43df087f,1702036622637411111
b9bac69e-fbcf-40e7-94ac-2a654cff3e62,5f149a1b-884b-4487-99ef-17eb43df087f,1702036622671244444
b9bac69e-fbcf-40e7-94ac-2a654cff3e62,5f149a1b-884b-4487-99ef-17eb43df087f,1702036622697900000
b9bac69e-fbcf-40e7-94ac-2a654cff3e62,5f149a1b-884b-4487-99ef-17eb43df087f,1702036622733622222
b9bac69e-fbcf-40e7-94ac-2a654cff3e62,5f149a1b-884b-4487-99ef-17eb43df087f,1702036622768177777
b9bac69e-fbcf-40e7-94ac-2a654cff3e62,5f149a1b-884b-4487-99ef-17eb43df087f,1702036622800322222
b9bac69e-fbcf-40e7-94ac-2a654cff3e62,5f149a1b-884b-4487-99ef-17eb43df087f,1702036622835977777
b9bac69e-fbcf-40e7-94ac-2a654cff3e62,5f149a1b-884b-4487-99ef-17eb43df087f,1702036622868633333
b9bac69e-fbcf-40e7-94ac-2a654cff3e62,5f149a1b-884b-4487-99ef-17eb43df087f,1702036622903355555
b9bac69e-fbcf-40e7-94ac-2a654cff3e62,5f149a1b-884b-4487-99ef-17eb43df087f,1702036622933744444
b9bac69e-fbcf-40e7-94ac-2a654cff3e62,5f149a1b-884b-4487-99ef-17eb43df087f,1702036622969500000
b9bac69e-fbcf-40e7-94ac-2a654cff3e62,5f149a1b-884b-4487-99ef-17eb43df087f,1702036623000244444
b9bac69e-fbcf-40e7-94ac-2a654cff3e62,5f149a1b-884b-4487-99ef-17eb43df087f,1702036623036511111
b9bac69e-fbcf-40e7-94ac-2a654cff3e62,5f149a1b-884b-4487-99ef-17eb43df087f,1702036623065300000
b9bac69e-fbcf-40e7-94ac-2a654cff3e62,5f149a1b-884b-4487-99ef-17eb43df087f,1702036623096855555
b9bac69e-fbcf-40e7-94ac-2a654cff3e62,5f149a1b-884b-4487-99ef-17eb43df087f,1702036623132822222
b9bac69e-fbcf-40e7-94ac-2a654cff3e62,5f149a1b-884b-4487-99ef-17eb43df087f,1702036623167988888
b9bac69e-fbcf-40e7-94ac-2a654cff3e62,5f149a1b-884b-4487-99ef-17eb43df087f,1702036623199311111
b9bac69e-fbcf-40e7-94ac-2a654cff3e62,5f149a1b-884b-4487-99ef-17eb43df087f,1702036623236266666
b9bac69e-fbcf-40e7-94ac-2a654cff3e62,5f149a1b-884b-4487-99ef-17eb43df087f,1702036623268255555
b9bac69e-fbcf-40e7-94ac-2a654cff3e62,5f149a1b-884b-4487-99ef-17eb43df087f,1702036623299822222
b9bac69e-fbcf-40e7-94ac-2a654cff3e62,5f149a1b-884b-4487-99ef-17eb43df087f,1702036623332600000
b9bac69e-fbcf-40e7-94ac-2a654cff3e62,5f149a1b-884b-4487-99ef-17eb43df087f,1702036623369400000
b9bac69e-fbcf-40e7-94ac-2a654cff3e62,5f149a1b-884b-4487-99ef-17eb43df087f,1702036623401455555
b9bac69e-fbcf-40e7-94ac-2a654cff3e62,5f149a1b-884b-4487-99ef-17eb43df087f,1702036623437855555
b9bac69e-fbcf-40e7-94ac-2a654cff3e62,5f149a1b-884b-4487-99ef-17eb43df087f,1702036623468244444
b9bac69e-fbcf-40e7-94ac-2a654cff3e62,5f149a1b-884b-4487-99ef-17eb43df087f,1702036623498522222
b9bac69e-fbcf-40e7-94ac-2a654cff3e62,5f149a1b-884b-4487-99ef-17eb43df087f,1702036623535655555
b9bac69e-fbcf-40e7-94ac-2a654cff3e62,5f149a1b-884b-4487-99ef-17eb43df087f,1702036623569933333
b9bac69e-fbcf-40e7-94ac-2a654cff3e62,5f149a1b-884b-4487-99ef-17eb43df087f,1702036623601166666
b9bac69e-fbcf-40e7-94ac-2a654cff3e62,5f149a1b-884b-4487-99ef-17eb43df087f,1702036623635633333
b9bac69e-fbcf-40e7-94ac-2a654cff3e62,5f149a1b-884b-4487-99ef-17eb43df087f,1702036623665866666
b9bac69e-fbcf-40e7-94ac-2a654cff3e62,5f149a1b-884b-4487-99ef-17eb43df087f,1702036623699822222
b9bac69e-fbcf-40e7-94ac-2a654cff3e62,5f149a1b-884b-4487-99ef-17eb43df087f,1702036623735044444
b9bac69e-fbcf-40e7-94ac-2a654cff3e62,5f149a1b-884b-4487-99ef-17eb43df087f,1702036623768633333
b9bac69e-fbcf-40e7-94ac-2a654cff3e62,5f149a1b-884b-4487-99ef-17eb43df087f,1702036623804688888
b9bac69e-fbcf-40e7-94ac-2a654cff3e62,5f149a1b-884b-4487-99ef-17eb43df087f,1702036623837055555
b9bac69e-fbcf-40e7-94ac-2a654cff3e62,5f149a1b-884b-4487-99ef-17eb43df087f,1702036623865300000
b9bac69e-fbcf-40e7-94ac-2a654cff3e62,5f149a1b-884b-4487-99ef-17eb43df087f,1702036623896955555
b9bac69e-fbcf-40e7-94ac-2a654cff3e62,5f149a1b-884b-4487-99ef-17eb43df087f,1702036623932755555
b9bac69e-fbcf-40e7-94ac-2a654cff3e62,5f149a1b-884b-4487-99ef-17eb43df087f,1702036623970766666
b9bac69e-fbcf-40e7-94ac-2a654cff3e62,5f149a1b-884b-4487-99ef-17eb43df087f,1702036624000833333
b9bac69e-fbcf-40e7-94ac-2a654cff3e62,5f149a1b-884b-4487-99ef-17eb43df087f,1702036624036400000
b9bac69e-fbcf-40e7-94ac-2a654cff3e62,5f149a1b-884b-4487-99ef-17eb43df087f,1702036624067377777
b9bac69e-fbcf-40e7-94ac-2a654cff3e62,5f149a1b-884b-4487-99ef-17eb43df087f,1702036624100233333
b9bac69e-fbcf-40e7-94ac-2a654cff3e62,5f149a1b-884b-4487-99ef-17eb43df087f,1702036624137455555
b9bac69e-fbcf-40e7-94ac-2a654cff3e62,5f149a1b-884b-4487-99ef-17eb43df087f,1702036624168700000
b9bac69e-fbcf-40e7-94ac-2a654cff3e62,5f149a1b-884b-4487-99ef-17eb43df087f,1702036624202611111
b9bac69e-fbcf-40e7-94ac-2a654cff3e62,5f149a1b-884b-4487-99ef-17eb43df087f,1702036624233177777
b9bac69e-fbcf-40e7-94ac-2a654cff3e62,5f149a1b-884b-4487-99ef-17eb43df087f,1702036624265922222
b9bac69e-fbcf-40e7-94ac-2a654cff3e62,5f149a1b-884b-4487-99ef-17eb43df087f,1702036624297277777
b9bac69e-fbcf-40e7-94ac-2a654cff3e62,5f149a1b-884b-4487-99ef-17eb43df087f,1702036624337566666
b9bac69e-fbcf-40e7-94ac-2a654cff3e62,5f149a1b-884b-4487-99ef-17eb43df087f,1702036624370211111
b9bac69e-fbcf-40e7-94ac-2a654cff3e62,5f149a1b-884b-4487-99ef-17eb43df087f,1702036624401200000
b9bac69e-fbcf-40e7-94ac-2a654cff3e62,5f149a1b-884b-4487-99ef-17eb43df087f,1702036624437288888
b9bac69e-fbcf-40e7-94ac-2a654cff3e62,5f149a1b-884b-4487-99ef-17eb43df087f,1702036624468466666
b9bac69e-fbcf-40e7-94ac-2a654cff3e62,5f149a1b-884b-4487-99ef-17eb43df087f,1702036624497522222
