section id,recording id,timestamp [ns]
1b86b05d-fc04-49c5-babf-7a3877ba2052,1fcef643-dc9d-48fc-8a2d-bf8a42c7baf4,1702040726998000000
1b86b05d-fc04-49c5-babf-7a3877ba2052,1fcef643-dc9d-48fc-8a2d-bf8a42c7baf4,1702040727048000000
1b86b05d-fc04-49c5-babf-7a3877ba2052,1fcef643-dc9d-48fc-8a2d-bf8a42c7baf4,1702040727098000000
1b86b05d-fc04-49c5-babf-7a3877ba2052,1fcef643-dc9d-48fc-8a2d-bf8a42c7baf4,1702040727148000000
1b86b05d-fc04-49c5-babf-7a3877ba2052,1fcef643-dc9d-48fc-8a2d-bf8a42c7baf4,1702040727198000000
1b86b05d-fc04-49c5-babf-7a3877ba2052,1fcef643-dc9d-48fc-8a2d-bf8a42c7baf4,1702040727248000000
1b86b05d-fc04-49c5-babf-7a3877ba2052,1fcef643-dc9d-48fc-8a2d-bf8a42c7baf4,1702040727298000000
1b86b05d-fc04-49c5-babf-7a3877ba2052,1fcef643-dc9d-48fc-8a2d-bf8a42c7baf4,1702040727348000000
1b86b05d-fc04-49c5-babf-7a3877ba2052,1fcef643-dc9d-48fc-8a2d-bf8a42c7baf4,1702040727398000000
1b86b05d-fc04-49c5-babf-7a3877ba2052,1fcef643-dc9d-48fc-8a2d-bf8a42c7baf4,1702040727448000000
1b86b05d-fc04-49c5-babf-7a3877ba2052,1fcef643-dc9d-48fc-8a2d-bf8a42c7baf4,1702040727498000000
1b86b05d-fc04-49c5-babf-7a3877ba2052,1fcef643-dc9d-48fc-8a2d-bf8a42c7baf4,1702040727548000000
1b86b05d-fc04-49c5-babf-7a3877ba2052,1fcef643-dc9d-48fc-8a2d-bf8a42c7baf4,1702040727598000000
1b86b05d-fc04-49c5-babf-7a3877ba2052,1fcef643-dc9d-48fc-8a2d-bf8a42c7baf4,1702040727648000000
1b86b05d-fc04-49c5-babf-7a3877ba2052,1fcef643-dc9d-48fc-8a2d-bf8a42c7baf4,1702040727698000000
1b86b05d-fc04-49c5-babf-7a3877ba2052,1fcef643-dc9d-48fc-8a2d-bf8a42c7baf4,1702040727748000000
1b86b05d-fc04-49c5-babf-7a3877ba2052,1fcef643-dc9d-48fc-8a2d-bf8a42c7baf4,1702040727798000000
1b86b05d-fc04-49c5-babf-7a3877ba2052,1fcef643-dc9d-48fc-8a2d-bf8a42c7baf4,1702040727848000000
1b86b05d-fc04-49c5-babf-7a3877ba2052,1fcef643-dc9d-48fc-8a2d-bf8a42c7baf4,1702040727898000000
1b86b05d-fc04-49c5-babf-7a3877ba2052,1fcef643-dc9d-48fc-8a2d-bf8a42c7baf4,1702040727948000000
1b86b05d-fc04-49c5-babf-7a3877ba2052,1fcef643-dc9d-48fc-8a2d-bf8a42c7baf4,1702040727998000000
1b86b05d-fc04-49c5-babf-7a3877ba2052,1fcef643-dc9d-48fc-8a2d-bf8a42c7baf4,1702040728048000000
1b86b05d-fc04-49c5-babf-7a3877ba2052,1fcef643-dc9d-48fc-8a2d-bf8a42c7baf4,1702040728098000000
1b86b05d-fc04-49c5-babf-7a3877ba2052,1fcef643-dc9d-48fc-8a2d-bf8a42c7baf4,1702040728148000000
1b86b05d-fc04-49c5-babf-7a3877ba2052,1fcef643-dc9d-48fc-8a2d-bf8a42c7baf4,1702040728198000000
1b86b05d-fc04-49c5-babf-7a3877ba2052,1fcef643-dc9d-48fc-8a2d-bf8a42c7baf4,1702040728248000000
1b86b05d-fc04-49c5-babf-7a3877ba2052,1fcef643-dc9d-48fc-8a2d-bf8a42c7baf4,1702040728298000000
1b86b05d-fc04-49c5-babf-7a3877ba2052,1fcef643-dc9d-48fc-8a2d-bf8a42c7baf4,1702040728348000000
1b86b05d-fc04-49c5-babf-7a3877ba2052,1fcef643-dc9d-48fc-8a2d-bf8a42c7baf4,1702040728398000000
1b86b05d-fc04-49c5-babf-7a3877ba2052,1fcef643-dc9d-48fc-8a2d-bf8a42c7baf4,1702040728448000000
1b86b05d-fc04-49c5-babf-7a3877ba2052,1fcef643-dc9d-48fc-8a2d-bf8a42c7baf4,1702040728498000000
1b86b05d-fc04-49c5-babf-7a3877ba2052,1fcef643-dc9d-48fc-8a2d-bf8a42c7baf4,1702040728548000000
1b86b05d-fc04-49c5-babf-7a3877ba2052,1fcef643-dc9d-48fc-8a2d-bf8a42c7baf4,1702040728598000000
1b86b05d-fc04-49c5-babf-7a3877ba2052,1fcef643-dc9d-48fc-8a2d-bf8a42c7baf4,1702040728648000000
1b86b05d-fc04-49c5-babf-7a3877ba2052,1fcef643-dc9d-48fc-8a2d-bf8a42c7baf4,1702040728698000000
1b86b05d-fc04-49c5-babf-7a3877ba2052,1fcef643-dc9d-48fc-8a2d-bf8a42c7baf4,1702040728748000000
1b86b05d-fc04-49c5-babf-7a3877ba2052,1fcef643-dc9d-48fc-8a2d-bf8a42c7baf4,1702040728798000000
1b86b05d-fc04-49c5-babf-7a3877ba2052,1fcef643-dc9d-48fc-8a2d-bf8a42c7baf4,1702040728848000000
1b86b05d-fc04-49c5-babf-7a3877ba2052,1fcef643-dc9d-48fc-8a2d-bf8a42c7baf4,1702040728898000000
1b86b05d-fc04-49c5-babf-7a3877ba2052,1fcef643-dc9d-48fc-8a2d-bf8a42c7baf4,1702040728948000000
1b86b05d-fc04-49c5-babf-7a3877ba2052,1fcef643-dc9d-48fc-8a2d-bf8a42c7baf4,1702040728998000000
1b86b05d-fc04-49c5-babf-7a3877ba2052,1fcef643-dc9d-48fc-8a2d-bf8a42c7baf4,1702040729010511111
1b86b05d-fc04-49c5-babf-7a3877ba2052,1fcef643-dc9d-48fc-8a2d-bf8a42c7baf4,1702040729041411111
1b86b05d-fc04-49c5-babf-7a3877ba2052,1fcef643-dc9d-48fc-8a2d-bf8a42c7baf4,1702040729073622222
1b86b05d-fc04-49c5-babf-7a3877ba2052,1fcef643-dc9d-48fc-8a2d-bf8a42c7baf4,1702040729105188888
1b86b05d-fc04-49c5-babf-7a3877ba2052,1fcef643-dc9d-48fc-8a2d-bf8a42c7baf4,1702040729141666666
1b86b05d-fc04-49c5-babf-7a3877ba2052,1fcef643-dc9d-48fc-8a2d-bf8a42c7baf4,1702040729174044444
1b86b05d-fc04-49c5-babf-7a3877ba2052,1fcef643-dc9d-48fc-8a2d-bf8a42c7baf4,1702040729208133333
1b86b05d-fc04-49c5-babf-7a3877ba2052,1fcef643-dc9d-48fc-8a2d-bf8a42c7baf4,1702040729244155555
1b86b05d-fc04-49c5-babf-7a3877ba2052,1fcef643-dc9d-48fc-8a2d-bf8a42c7baf4,1702040729281355555
1b86b05d-fc04-49c5-babf-7a3877ba2052,1fcef643-dc9d-48fc-8a2d-bf8a42c7baf4,1702040729313911111
1b86b05d-fc04-49c5-babf-7a3877ba2052,1fcef643-dc9d-48fc-8a2d-bf8a42c7baf4,1702040729347322222
1b86b05d-fc04-49c5-babf-7a3877ba2052,1fcef643-dc9d-48fc-8a2d-bf8a42c7baf4,1702040729377977777
1b86b05d-fc04-49c5-babf-7a3877ba2052,1fcef643-dc9d-48fc-8a2d-bf8a42c7baf4,1702040729410900000
1b86b05d-fc04-49c5-babf-7a3877ba2052,1fcef643-dc9d-48fc-8a2d-bf8a42c7baf4,1702040729441644444
1b86b05d-fc04-49c5-babf-7a3877ba2052,1fcef643-dc9d-48fc-8a2d-bf8a42c7baf4,1702040729477388888
1b86b05d-fc04-49c5-babf-7a3877ba2052,1fcef643-dc9d-48fc-8a2d-bf8a42c7baf4,1702040729508144444
1b86b05d-fc04-49c5-babf-7a3877ba2052,1fcef643-dc9d-48fc-8a2d-bf8a42c7baf4,1702040729544222222
1b86b05d-fc04-49c5-babf-7a3877ba2052,1fcef643-dc9d-48fc-8a2d-bf8a42c7baf4,1702040729576855555
1b86b05d-fc04-49c5-babf-7a3877ba2052,1fcef643-dc9d-48fc-8a2d-bf8a42c7baf4,1702040729608900000
1b86b05d-fc04-49c5-babf-7a3877ba2052,1fcef643-dc9d-48fc-8a2d-bf8a42c7baf4,1702040729643100000
1b86b05d-fc04-49c5-babf-7a3877ba2052,1fcef643-dc9d-48fc-8a2d-bf8a42c7baf4,1702040729680077777
1b86b05d-fc04-49c5-babf-7a3877ba2052,1fcef643-dc9d-48fc-8a2d-bf8a42c7baf4,1702040729709455555
1b86b05d-fc04-49c5-babf-7a3877ba2052,1fcef643-dc9d-48fc-8a2d-bf8a42c7baf4,1702040729747455555
1b86b05d-fc04-49c5-babf-7a3877ba2052,1fcef643-dc9d-48fc-8a2d-bf8a42c7baf4,1702040729777600000
1b86b05d-fc04-49c5-babf-7a3877ba2052,1fcef643-dc9d-48fc-8a2d-bf8a42c7baf4,1702040729809633333
1b86b05d-fc04-49c5-babf-7a3877ba2052,1fcef643-dc9d-48fc-8a2d-bf8a42c7baf4,1702040729844633333
1b86b05d-fc04-49c5-babf-7a3877ba2052,1fcef643-dc9d-48fc-8a2d-bf8a42c7baf4,1702040729880488888
1b86b05d-fc04-49c5-babf-7a3877ba2052,1fcef643-dc9d-48fc-8a2d-bf8a42c7baf4,1702040729909822222
1b86b05d-fc04-49c5-babf-7a3877ba2052,1fcef643-dc9d-48fc-8a2d-bf8a42c7baf4,1702040729944333333
1b86b05d-fc04-49c5-babf-7a3877ba2052,1fcef643-dc9d-48fc-8a2d-bf8a42c7baf4,1702040729981788888
1b86b05d-fc04-49c5-babf-7a3877ba2052,1fcef643-dc9d-48fc-8a2d-bf8a42c7baf4,1702040730010722222
1b86b05d-fc04-49c5-babf-7a3877ba2052,1fcef643-dc9d-48fc-8a2d-bf8a42c7baf4,1702040730046688888
1b86b05d-fc04-49c5-babf-7a3877ba2052,1fcef643-dc9d-48fc-8a2d-bf8a42c7baf4,1702040730076511111
1b86b05d-fc04-49c5-babf-7a3877ba2052,1fcef643-dc9d-48fc-8a2d-bf8a42c7baf4,1702040730110288888
1b86b05d-fc04-49c5-babf-7a3877ba2052,1fcef643-dc9d-48fc-8a2d-bf8a42c7baf4,1702040730147677777
1b86b05d-fc04-49c5-babf-7a3877ba2052,1fcef643-dc9d-48fc-8a2d-bf8a42c7baf4,1702040730177288888
1b86b05d-fc04-49c5-babf-7a3877ba2052,1fcef643-dc9d-48fc-8a2d-bf8a42c7baf4,1702040730209655555
1b86b05d-fc04-49c5-babf-7a3877ba2052,1fcef643-dc9d-48fc-8a2d-bf8a42c7baf4,1702040730249388888
1b86b05d-fc04-49c5-babf-7a3877ba2052,1fcef643-dc9d-48fc-8a2d-bf8a42c7baf4,1702040730277977777
1b86b05d-fc04-49c5-babf-7a3877ba2052,1fcef643-dc9d-48fc-8a2d-bf8a42c7baf4,1702040730309811111
1b86b05d-fc04-49c5-babf-7a3877ba2052,1fcef643-dc9d-48fc-8a2d-bf8a42c7baf4,1702040730344933333
1b86b05d-fc04-49c5-babf-7a3877ba2052,1fcef643-dc9d-48fc-8a2d-bf8a42c7baf4,1702040730380411111
1b86b05d-fc04-49c5-babf-7a3877ba2052,1fcef643-dc9d-48fc-8a2d-bf8a42c7baf4,1702040730411911111
1b86b05d-fc04-49c5-babf-7a3877ba2052,1fcef643-dc9d-48fc-8a2d-bf8a42c7baf4,1702040730451200000
1b86b05d-fc04-49c5-babf-7a3877ba2052,1fcef643-dc9d-48fc-8a2d-bf8a42c7baf4,1702040730482344444
1b86b05d-fc04-49c5-babf-7a3877ba2052,1fcef643-dc9d-48fc-8a2d-bf8a42c7baf4,1702040730509611111
1b86b05d-fc04-49c5-babf-7a3877ba2052,1fcef643-dc9d-48fc-8a2d-bf8a42c7baf4,1702040730549377777
1b86b05d-fc04-49c5-babf-7a3877ba2052,1fcef643-dc9d-48fc-8a2d-bf8a42c7baf4,1702040730577022222
1b86b05d-fc04-49c5-babf-7a3877ba2052,1fcef643-dc9d-48fc-8a2d-bf8a42c7baf4,1702040730609866666
1b86b05d-fc04-49c5-babf-7a3877ba2052,1fcef643-dc9d-48fc-8a2d-bf8a42c7baf4,1702040730653444444
1b86b05d-fc04-49c5-babf-7a3877ba2052,1fcef643-dc9d-48fc-8a2d-bf8a42c7baf4,1702040730676611111
1b86b05d-fc04-49c5-babf-7a3877ba2052,1fcef643-dc9d-48fc-8a2d-bf8a42c7baf4,1702040730714144444
1b86b05d-fc04-49c5-babf-7a3877ba2052,1fcef643-dc9d-48fc-8a2d-bf8a42c7baf4,1702040730748833333
1b86b05d-fc04-49c5-babf-7a3877ba2052,1fcef643-dc9d-48fc-8a2d-bf8a42c7baf4,1702040730780144444
1b86b05d-fc04-49c5-babf-7a3877ba2052,1fcef643-dc9d-48fc-8a2d-bf8a42c7baf4,1702040730816000000
1b86b05d-fc04-49c5-babf-7a3877ba2052,1fcef643-dc9d-48fc-8a2d-bf8a42c7baf4,1702040730846844444
1b86b05d-fc04-49c5-babf-7a3877ba2052,1fcef643-dc9d-48fc-8a2d-bf8a42c7baf4,1702040730878700000
1b86b05d-fc04-49c5-babf-7a3877ba2052,1fcef643-dc9d-48fc-8a2d-bf8a42c7baf4,1702040730912911111
1b86b05d-fc04-49c5-babf-7a3877ba2052,1fcef643-dc9d-48fc-8a2d-bf8a42c7baf4,1702040730951811111
1b86b05d-fc04-49c5-babf-7a3877ba2052,1fcef643-dc9d-48fc-8a2d-bf8a42c7baf4,1702040730980877777
1b86b05d-fc04-49c5-babf-7a3877ba2052,1fcef643-dc9d-48fc-8a2d-bf8a42c7baf4,1702040731015455555
1b86b05d-fc04-49c5-babf-7a3877ba2052,1fcef643-dc9d-48fc-8a2d-bf8a42c7baf4,1702040731052188888
1b86b05d-fc04-49c5-babf-7a3877ba2052,1fcef643-dc9d-48fc-8a2d-bf8a42c7baf4,1702040731076577777
1b86b05d-fc04-49c5-babf-7a3877ba2052,1fcef643-dc9d-48fc-8a2d-bf8a42c7baf4,1702040731115277777
1b86b05d-fc04-49c5-babf-7a3877ba2052,1fcef643-dc9d-48fc-8a2d-bf8a42c7baf4,1702040731148588888
1b86b05d-fc04-49c5-babf-7a3877ba2052,1fcef643-dc9d-48fc-8a2d-bf8a42c7baf4,1702040731181611111
1b86b05d-fc04-49c5-babf-7a3877ba2052,1fcef643-dc9d-48fc-8a2d-bf8a42c7baf4,1702040731214588888
1b86b05d-fc04-49c5-babf-7a3877ba2052,1fcef643-dc9d-48fc-8a2d-bf8a42c7baf4,1702040731248000000
1b86b05d-fc04-49c5-babf-7a3877ba2052,1fcef643-dc9d-48fc-8a2d-bf8a42c7baf4,1702040731281811111
1b86b05d-fc04-49c5-babf-7a3877ba2052,1fcef643-dc9d-48fc-8a2d-bf8a42c7baf4,1702040731311900000
1b86b05d-fc04-49c5-babf-7a3877ba2052,1fcef643-dc9d-48fc-8a2d-bf8a42c7baf4,1702040731352411111
1b86b05d-fc04-49c5-babf-7a3877ba2052,1fcef643-dc9d-48fc-8a2d-bf8a42c7baf4,1702040731380522222
1b86b05d-fc04-49c5-babf-7a3877ba2052,1fcef643-dc9d-48fc-8a2d-bf8a42c7baf4,1702040731412477777
1b86b05d-fc04-49c5-babf-7a3877ba2052,1fcef643-dc9d-48fc-8a2d-bf8a42c7baf4,1702040731450222222
1b86b05d-fc04-49c5-babf-7a3877ba2052,1fcef643-dc9d-48fc-8a2d-bf8a42c7baf4,1702040731485133333
1b86b05d-fc04-49c5-babf-7a3877ba2052,1fcef643-dc9d-48fc-8a2d-bf8a42c7baf4,1702040731511255555
1b86b05d-fc04-49c5-babf-7a3877ba2052,1fcef643-dc9d-48fc-8a2d-bf8a42c7baf4,1702040731554133333
1b86b05d-fc04-49c5-babf-7a3877ba2052,1fcef643-dc9d-48fc-8a2d-bf8a42c7baf4,1702040731579777777
1b86b05d-fc04-49c5-babf-7a3877ba2052,1fcef643-dc9d-48fc-8a2d-bf8a42c7baf4,1702040731612622222
1b86b05d-fc04-49c5-babf-7a3877ba2052,1fcef643-dc9d-48fc-8a2d-bf8a42c7baf4,1702040731648722222
1b86b05d-fc04-49c5-babf-7a3877ba2052,1fcef643-dc9d-48fc-8a2d-bf8a42c7baf4,1702040731681988888
1b86b05d-fc04-49c5-babf-7a3877ba2052,1fcef643-dc9d-48fc-8a2d-bf8a42c7baf4,1702040731712700000
1b86b05d-fc04-49c5-babf-7a3877ba2052,1fcef643-dc9d-48fc-8a2d-bf8a42c7baf4,1702040731749511111
1b86b05d-fc04-49c5-babf-7a3877ba2052,1fcef643-dc9d-48fc-8a2d-bf8a42c7baf4,1702040731780344444
1b86b05d-fc04-49c5-babf-7a3877ba2052,1fcef643-dc9d-48fc-8a2d-bf8a42c7baf4,1702040731809077777
1b86b05d-fc04-49c5-babf-7a3877ba2052,1fcef643-dc9d-48fc-8a2d-bf8a42c7baf4,1702040731844255555
1b86b05d-fc04-49c5-babf-7a3877ba2052,1fcef643-dc9d-48fc-8a2d-bf8a42c7baf4,1702040731878522222
1b86b05d-fc04-49c5-babf-7a3877ba2052,1fcef643-dc9d-48fc-8a2d-bf8a42c7baf4,1702040731908355555
1b86b05d-fc04-49c5-babf-7a3877ba2052,1fcef643-dc9d-48fc-8a2d-bf8a42c7baf4,1702040731946600000
1b86b05d-fc04-49c5-babf-7a3877ba2052,1fcef643-dc9d-48fc-8a2d-bf8a42c7baf4,1702040731978022222
1b86b05d-fc04-49c5-babf-7a3877ba2052,1fcef643-dc9d-48fc-8a2d-bf8a42c7baf4,1702040732016133333
1b86b05d-fc04-49c5-babf-7a3877ba2052,1fcef643-dc9d-48fc-8a2d-bf8a42c7baf4,1702040732043911111
1b86b05d-fc04-49c5-babf-7a3877ba2052,1fcef643-dc9d-48fc-8a2d-bf8a42c7baf4,1702040732081622222
1b86b05d-fc04-49c5-babf-7a3877ba2052,1fcef643-dc9d-48fc-8a2d-bf8a42c7baf4,1702040732111177777
1b86b05d-fc04-49c5-babf-7a3877ba2052,1fcef643-dc9d-48fc-8a2d-bf8a42c7baf4,1702040732144455555
1b86b05d-fc04-49c5-babf-7a3877ba2052,1fcef643-dc9d-48fc-8a2d-bf8a42c7baf4,1702040732184422222
1b86b05d-fc04-49c5-babf-7a3877ba2052,1fcef643-dc9d-48fc-8a2d-bf8a42c7baf4,1702040732208166666
1b86b05d-fc04-49c5-babf-7a3877ba2052,1fcef643-dc9d-48fc-8a2d-bf8a42c7baf4,1702040732245055555
1b86b05d-fc04-49c5-babf-7a3877ba2052,1fcef643-dc9d-48fc-8a2d-bf8a42c7baf4,1702040732284333333
1b86b05d-fc04-49c5-babf-7a3877ba2052,1fcef643-dc9d-48fc-8a2d-bf8a42c7baf4,1702040732313688888
1b86b05d-fc04-49c5-babf-7a3877ba2052,1fcef643-dc9d-48fc-8a2d-bf8a42c7baf4,1702040732344188888
1b86b05d-fc04-49c5-babf-7a3877ba2052,1fcef643-dc9d-48fc-8a2d-bf8a42c7baf4,1702040732381333333
1b86b05d-fc04-49c5-babf-7a3877ba2052,1fcef643-dc9d-48fc-8a2d-bf8a42c7baf4,1702040732416711111
1b86b05d-fc04-49c5-babf-7a3877ba2052,1fcef643-dc9d-48fc-8a2d-bf8a42c7baf4,1702040732439144444
1b86b05d-fc04-49c5-babf-7a3877ba2052,1fcef643-dc9d-48fc-8a2d-bf8a42c7baf4,1702040732476300000
1b86b05d-fc04-49c5-babf-7a3877ba2052,1fcef643-dc9d-48fc-8a2d-bf8a42c7baf4,1702040732510811111
1b86b05d-fc04-49c5-babf-7a3877ba2052,1fcef643-dc9d-48fc-8a2d-bf8a42c7baf4,1702040732542633333
1b86b05d-fc04-49c5-babf-7a3877ba2052,1fcef643-dc9d-48fc-8a2d-bf8a42c7baf4,1702040732576822222
1b86b05d-fc04-49c5-babf-7a3877ba2052,1fcef643-dc9d-48fc-8a2d-bf8a42c7baf4,1702040732611411111
1b86b05d-fc04-49c5-babf-7a3877ba2052,1fcef643-dc9d-48fc-8a2d-bf8a42c7baf4,1702040732638144444
1b86b05d-fc04-49c5-babf-7a3877ba2052,1fcef643-dc9d-48fc-8a2d-bf8a42c7baf4,1702040732673066666
1b86b05d-fc04-49c5-babf-7a3877ba2052,1fcef643-dc9d-48fc-8a2d-bf8a42c7baf4,1702040732707700000
1b86b05d-fc04-49c5-babf-7a3877ba2052,1fcef643-dc9d-48fc-8a2d-bf8a42c7baf4,1702040732738500000
1b86b05d-fc04-49c5-babf-7a3877ba2052,1fcef643-dc9d-48fc-8a2d-bf8a42c7baf4,1702040732773033333
1b86b05d-fc04-49c5-babf-7a3877ba2052,1fcef643-dc9d-48fc-8a2d-bf8a42c7baf4,1702040732804866666
1b86b05d-fc04-49c5-babf-7a3877ba2052,1fcef643-dc9d-48fc-8a2d-bf8a42c7baf4,1702040732837822222
1b86b05d-fc04-49c5-babf-7a3877ba2052,1fcef643-dc9d-48fc-8a2d-bf8a42c7baf4,1702040732873066666
1b86b05d-fc04-49c5-babf-7a3877ba2052,1fcef643-dc9d-48fc-8a2d-bf8a42c7baf4,1702040732904977777
1b86b05d-fc04-49c5-babf-7a3877ba2052,1fcef643-dc9d-48fc-8a2d-bf8a42c7baf4,1702040732940655555
1b86b05d-fc04-49c5-babf-7a3877ba2052,1fcef643-dc9d-48fc-8a2d-bf8a42c7baf4,1702040732974155555
1b86b05d-fc04-49c5-babf-7a3877ba2052,1fcef643-dc9d-48fc-8a2d-bf8a42c7baf4,1702040733005455555
1b86b05d-fc04-49c5-babf-7a3877ba2052,1fcef643-dc9d-48fc-8a2d-bf8a42c7baf4,1702040733038544444
1b86b05d-fc04-49c5-babf-7a3877ba2052,1fcef643-dc9d-48fc-8a2d-bf8a42c7baf4,1702040733074077777
1b86b05d-fc04-49c5-babf-7a3877ba2052,1fcef643-dc9d-48fc-8a2d-bf8a42c7baf4,1702040733105111111
1b86b05d-fc04-49c5-babf-7a3877ba2052,1fcef643-dc9d-48fc-8a2d-bf8a42c7baf4,1702040733137011111
1b86b05d-fc04-49c5-babf-7a3877ba2052,1fcef643-dc9d-48fc-8a2d-bf8a42c7baf4,1702040733174011111
1b86b05d-fc04-49c5-babf-7a3877ba2052,1fcef643-dc9d-48fc-8a2d-bf8a42c7baf4,1702040733205955555
1b86b05d-fc04-49c5-babf-7a3877ba2052,1fcef643-dc9d-48fc-8a2d-bf8a42c7baf4,1702040733237222222
1b86b05d-fc04-49c5-babf-7a3877ba2052,1fcef643-dc9d-48fc-8a2d-bf8a42c7baf4,1702040733273111111
1b86b05d-fc04-49c5-babf-7a3877ba2052,1fcef643-dc9d-48fc-8a2d-bf8a42c7baf4,1702040733305511111
1b86b05d-fc04-49c5-babf-7a3877ba2052,1fcef643-dc9d-48fc-8a2d-bf8a42c7baf4,1702040733337022222
1b86b05d-fc04-49c5-babf-7a3877ba2052,1fcef643-dc9d-48fc-8a2d-bf8a42c7baf4,1702040733373233333
1b86b05d-fc04-49c5-babf-7a3877ba2052,1fcef643-dc9d-48fc-8a2d-bf8a42c7baf4,1702040733407311111
1b86b05d-fc04-49c5-babf-7a3877ba2052,1fcef643-dc9d-48fc-8a2d-bf8a42c7baf4,1702040733437177777
1b86b05d-fc04-49c5-babf-7a3877ba2052,1fcef643-dc9d-48fc-8a2d-bf8a42c7baf4,1702040733473177777
1b86b05d-fc04-49c5-babf-7a3877ba2052,1fcef643-dc9d-48fc-8a2d-bf8a42c7baf4,1702040733507222222
1b86b05d-fc04-49c5-babf-7a3877ba2052,1fcef643-dc9d-48fc-8a2d-bf8a42c7baf4,1702040733537155555
1b86b05d-fc04-49c5-babf-7a3877ba2052,1fcef643-dc9d-48fc-8a2d-bf8a42c7baf4,1702040733574522222
1b86b05d-fc04-49c5-babf-7a3877ba2052,1fcef643-dc9d-48fc-8a2d-bf8a42c7baf4,1702040733606788888
1b86b05d-fc04-49c5-babf-7a3877ba2052,1fcef643-dc9d-48fc-8a2d-bf8a42c7baf4,1702040733637200000
1b86b05d-fc04-49c5-babf-7a3877ba2052,1fcef643-dc9d-48fc-8a2d-bf8a42c7baf4,1702040733673133333
1b86b05d-fc04-49c5-babf-7a3877ba2052,1fcef643-dc9d-48fc-8a2d-bf8a42c7baf4,1702040733705777777
1b86b05d-fc04-49c5-babf-7a3877ba2052,1fcef643-dc9d-48fc-8a2d-bf8a42c7baf4,1702040733739455555
1b86b05d-fc04-49c5-babf-7a3877ba2052,1fcef643-dc9d-48fc-8a2d-bf8a42c7baf4,1702040733772944444
1b86b05d-fc04-49c5-babf-7a3877ba2052,1fcef643-dc9d-48fc-8a2d-bf8a42c7baf4,1702040733807166666
1b86b05d-fc04-49c5-babf-7a3877ba2052,1fcef643-dc9d-48fc-8a2d-bf8a42c7baf4,1702040733837555555
1b86b05d-fc04-49c5-babf-7a3877ba2052,1fcef643-dc9d-48fc-8a2d-bf8a42c7baf4,1702040733873066666
1b86b05d-fc04-49c5-babf-7a3877ba2052,1fcef643-dc9d-48fc-8a2d-bf8a42c7baf4,1702040733905266666
1b86b05d-fc04-49c5-babf-7a3877ba2052,1fcef643-dc9d-48fc-8a2d-bf8a42c7baf4,1702040733938377777
1b86b05d-fc04-49c5-babf-7a3877ba2052,1fcef643-dc9d-48fc-8a2d-bf8a42c7baf4,1702040733979733333
1b86b05d-fc04-49c5-babf-7a3877ba2052,1fcef643-dc9d-48fc-8a2d-bf8a42c7baf4,1702040734012511111
1b86b05d-fc04-49c5-babf-7a3877ba2052,1fcef643-dc9d-48fc-8a2d-bf8a42c7baf4,1702040734042611111
1b86b05d-fc04-49c5-babf-7a3877ba2052,1fcef643-dc9d-48fc-8a2d-bf8a42c7baf4,1702040734081788888
1b86b05d-fc04-49c5-babf-7a3877ba2052,1fcef643-dc9d-48fc-8a2d-bf8a42c7baf4,1702040734113055555
1b86b05d-fc04-49c5-babf-7a3877ba2052,1fcef643-dc9d-48fc-8a2d-bf8a42c7baf4,1702040734146355555
1b86b05d-fc04-49c5-babf-7a3877ba2052,1fcef643-dc9d-48fc-8a2d-bf8a42c7baf4,1702040734177600000
1b86b05d-fc04-49c5-babf-7a3877ba2052,1fcef643-dc9d-48fc-8a2d-bf8a42c7baf4,1702040734206155555
1b86b05d-fc04-49c5-babf-7a3877ba2052,1fcef643-dc9d-48fc-8a2d-bf8a42c7baf4,1702040734238711111
1b86b05d-fc04-49c5-babf-7a3877ba2052,1fcef643-dc9d-48fc-8a2d-bf8a42c7baf4,1702040734278033333
1b86b05d-fc04-49c5-babf-7a3877ba2052,1fcef643-dc9d-48fc-8a2d-bf8a42c7baf4,1702040734318033333
1b86b05d-fc04-49c5-babf-7a3877ba2052,1fcef643-dc9d-48fc-8a2d-bf8a42c7baf4,1702040734340477777
1b86b05d-fc04-49c5-babf-7a3877ba2052,1fcef643-dc9d-48fc-8a2d-bf8a42c7baf4,1702040734381266666
1b86b05d-fc04-49c5-babf-7a3877ba2052,1fcef643-dc9d-48fc-8a2d-bf8a42c7baf4,1702040734414311111
1b86b05d-fc04-49c5-babf-7a3877ba2052,1fcef643-dc9d-48fc-8a2d-bf8a42c7baf4,1702040734443933333
1b86b05d-fc04-49c5-babf-7a3877ba2052,1fcef643-dc9d-48fc-8a2d-bf8a42c7baf4,1702040734473711111
1b86b05d-fc04-49c5-babf-7a3877ba2052,1fcef643-dc9d-48fc-8a2d-bf8a42c7baf4,1702040734504822222
1b86b05d-fc04-49c5-babf-7a3877ba2052,1fcef643-dc9d-48fc-8a2d-bf8a42c7baf4,1702040734544166666
1b86b05d-fc04-49c5-babf-7a3877ba2052,1fcef643-dc9d-48fc-8a2d-bf8a42c7baf4,1702040734582700000
1b86b05d-fc04-49c5-babf-7a3877ba2052,1fcef643-dc9d-48fc-8a2d-bf8a42c7baf4,1702040734614455555
1b86b05d-fc04-49c5-babf-7a3877ba2052,1fcef643-dc9d-48fc-8a2d-bf8a42c7baf4,1702040734644600000
1b86b05d-fc04-49c5-babf-7a3877ba2052,1fcef643-dc9d-48fc-8a2d-bf8a42c7baf4,1702040734681966666
1b86b05d-fc04-49c5-babf-7a3877ba2052,1fcef643-dc9d-48fc-8a2d-bf8a42c7baf4,1702040734717622222
1b86b05d-fc04-49c5-babf-7a3877ba2052,1fcef643-dc9d-48fc-8a2d-bf8a42c7baf4,1702040734739755555
1b86b05d-fc04-49c5-babf-7a3877ba2052,1fcef643-dc9d-48fc-8a2d-bf8a42c7baf4,1702040734773533333
1b86b05d-fc04-49c5-babf-7a3877ba2052,1fcef643-dc9d-48fc-8a2d-bf8a42c7baf4,1702040734804966666
1b86b05d-fc04-49c5-babf-7a3877ba2052,1fcef643-dc9d-48fc-8a2d-bf8a42c7baf4,1702040734841266666
1b86b05d-fc04-49c5-babf-7a3877ba2052,1fcef643-dc9d-48fc-8a2d-bf8a42c7baf4,1702040734880222222
1b86b05d-fc04-49c5-babf-7a3877ba2052,1fcef643-dc9d-48fc-8a2d-bf8a42c7baf4,1702040734912922222
1b86b05d-fc04-49c5-babf-7a3877ba2052,1fcef643-dc9d-48fc-8a2d-bf8a42c7baf4,1702040734941377777
1b86b05d-fc04-49c5-babf-7a3877ba2052,1fcef643-dc9d-48fc-8a2d-bf8a42c7baf4,1702040734976311111
1b86b05d-fc04-49c5-babf-7a3877ba2052,1fcef643-dc9d-48fc-8a2d-bf8a42c7baf4,1702040735009866666
1b86b05d-fc04-49c5-babf-7a3877ba2052,1fcef643-dc9d-48fc-8a2d-bf8a42c7baf4,1702040735037055555
1b86b05d-fc04-49c5-babf-7a3877ba2052,1fcef643-dc9d-48fc-8a2d-bf8a42c7baf4,1702040735070155555
1b86b05d-fc04-49c5-babf-7a3877ba2052,1fcef643-dc9d-48fc-8a2d-bf8a42c7baf4,1702040735112322222
1b86b05d-fc04-49c5-babf-7a3877ba2052,1fcef643-dc9d-48fc-8a2d-bf8a42c7baf4,1702040735145522222
1b86b05d-fc04-49c5-babf-7a3877ba2052,1fcef643-dc9d-48fc-8a2d-bf8a42c7baf4,1702040735178333333
1b86b05d-fc04-49c5-babf-7a3877ba2052,1fcef643-dc9d-48fc-8a2d-bf8a42c7baf4,1702040735212833333
1b86b05d-fc04-49c5-babf-7a3877ba2052,1fcef643-dc9d-48fc-8a2d-bf8a42c7baf4,1702040735245188888
1b86b05d-fc04-49c5-babf-7a3877ba2052,1fcef643-dc9d-48fc-8a2d-bf8a42c7baf4,1702040735277999999
1b86b05d-fc04-49c5-babf-7a3877ba2052,1fcef643-dc9d-48fc-8a2d-bf8a42c7baf4,1702040735313577777
1b86b05d-fc04-49c5-babf-7a3877ba2052,1fcef643-dc9d-48fc-8a2d-bf8a42c7baf4,1702040735338522222
1b86b05d-fc04-49c5-babf-7a3877ba2052,1fcef643-dc9d-48fc-8a2d-bf8a42c7baf4,1702040735370999999
1b86b05d-fc04-49c5-babf-7a3877ba2052,1fcef643-dc9d-48fc-8a2d-bf8a42c7baf4,1702040735405588888
1b86b05d-fc04-49c5-babf-7a3877ba2052,1fcef643-dc9d-48fc-8a2d-bf8a42c7baf4,1702040735445200000
1b86b05d-fc04-49c5-babf-7a3877ba2052,1fcef643-dc9d-48fc-8a2d-bf8a42c7baf4,1702040735476666666
1b86b05d-fc04-49c5-babf-7a3877ba2052,1fcef643-dc9d-48fc-8a2d-bf8a42c7baf4,1702040735516311111
1b86b05d-fc04-49c5-babf-7a3877ba2052,1fcef643-dc9d-48fc-8a2d-bf8a42c7baf4,1702040735542711111
1b86b05d-fc04-49c5-babf-7a3877ba2052,1fcef643-dc9d-48fc-8a2d-bf8a42c7baf4,1702040735579766666
1b86b05d-fc04-49c5-babf-7a3877ba2052,1fcef643-dc9d-48fc-8a2d-bf8a42c7baf4,1702040735605755555
1b86b05d-fc04-49c5-babf-7a3877ba2052,1fcef643-dc9d-48fc-8a2d-bf8a42c7baf4,1702040735638066666
1b86b05d-fc04-49c5-babf-7a3877ba2052,1fcef643-dc9d-48fc-8a2d-bf8a42c7baf4,1702040735677088888
1b86b05d-fc04-49c5-babf-7a3877ba2052,1fcef643-dc9d-48fc-8a2d-bf8a42c7baf4,1702040735714655555
1b86b05d-fc04-49c5-babf-7a3877ba2052,1fcef643-dc9d-48fc-8a2d-bf8a42c7baf4,1702040735743800000
1b86b05d-fc04-49c5-babf-7a3877ba2052,1fcef643-dc9d-48fc-8a2d-bf8a42c7baf4,1702040735776622222
1b86b05d-fc04-49c5-babf-7a3877ba2052,1fcef643-dc9d-48fc-8a2d-bf8a42c7baf4,1702040735811711111
1b86b05d-fc04-49c5-babf-7a3877ba2052,1fcef643-dc9d-48fc-8a2d-bf8a42c7baf4,1702040735843955555
1b86b05d-fc04-49c5-babf-7a3877ba2052,1fcef643-dc9d-48fc-8a2d-bf8a42c7baf4,1702040735876400000
1b86b05d-fc04-49c5-babf-7a3877ba2052,1fcef643-dc9d-48fc-8a2d-bf8a42c7baf4,1702040735909377777
1b86b05d-fc04-49c5-babf-7a3877ba2052,1fcef643-dc9d-48fc-8a2d-bf8a42c7baf4,1702040735937544444
1b86b05d-fc04-49c5-babf-7a3877ba2052,1fcef643-dc9d-48fc-8a2d-bf8a42c7baf4,1702040735968777777
1b86b05d-fc04-49c5-babf-7a3877ba2052,1fcef643-dc9d-48fc-8a2d-bf8a42c7baf4,1702040736011877777
1b86b05d-fc04-49c5-babf-7a3877ba2052,1fcef643-dc9d-48fc-8a2d-bf8a42c7baf4,1702040736044988888
1b86b05d-fc04-49c5-babf-7a3877ba2052,1fcef643-dc9d-48fc-8a2d-bf8a42c7baf4,1702040736076700000
1b86b05d-fc04-49c5-babf-7a3877ba2052,1fcef643-dc9d-48fc-8a2d-bf8a42c7baf4,1702040736109833333
1b86b05d-fc04-49c5-babf-7a3877ba2052,1fcef643-dc9d-48fc-8a2d-bf8a42c7baf4,1702040736148533333
1b86b05d-fc04-49c5-babf-7a3877ba2052,1fcef643-dc9d-48fc-8a2d-bf8a42c7baf4,1702040736172522222
1b86b05d-fc04-49c5-babf-7a3877ba2052,1fcef643-dc9d-48fc-8a2d-bf8a42c7baf4,1702040736205311111
1b86b05d-fc04-49c5-babf-7a3877ba2052,1fcef643-dc9d-48fc-8a2d-bf8a42c7baf4,1702040736237922222
1b86b05d-fc04-49c5-babf-7a3877ba2052,1fcef643-dc9d-48fc-8a2d-bf8a42c7baf4,1702040736275066666
1b86b05d-fc04-49c5-babf-7a3877ba2052,1fcef643-dc9d-48fc-8a2d-bf8a42c7baf4,1702040736314066666
1b86b05d-fc04-49c5-babf-7a3877ba2052,1fcef643-dc9d-48fc-8a2d-bf8a42c7baf4,1702040736341011111
1b86b05d-fc04-49c5-babf-7a3877ba2052,1fcef643-dc9d-48fc-8a2d-bf8a42c7baf4,1702040736379222222
1b86b05d-fc04-49c5-babf-7a3877ba2052,1fcef643-dc9d-48fc-8a2d-bf8a42c7baf4,1702040736414422222
1b86b05d-fc04-49c5-babf-7a3877ba2052,1fcef643-dc9d-48fc-8a2d-bf8a42c7baf4,1702040736449277777
1b86b05d-fc04-49c5-babf-7a3877ba2052,1fcef643-dc9d-48fc-8a2d-bf8a42c7baf4,1702040736473133333
1b86b05d-fc04-49c5-babf-7a3877ba2052,1fcef643-dc9d-48fc-8a2d-bf8a42c7baf4,1702040736504777777
1b86b05d-fc04-49c5-babf-7a3877ba2052,1fcef643-dc9d-48fc-8a2d-bf8a42c7baf4,1702040736537122222
1b86b05d-fc04-49c5-babf-7a3877ba2052,1fcef643-dc9d-48fc-8a2d-bf8a42c7baf4,1702040736575522222
1b86b05d-fc04-49c5-babf-7a3877ba2052,1fcef643-dc9d-48fc-8a2d-bf8a42c7baf4,1702040736614088888
1b86b05d-fc04-49c5-babf-7a3877ba2052,1fcef643-dc9d-48fc-8a2d-bf8a42c7baf4,1702040736639722222
1b86b05d-fc04-49c5-babf-7a3877ba2052,1fcef643-dc9d-48fc-8a2d-bf8a42c7baf4,1702040736678433333
1b86b05d-fc04-49c5-babf-7a3877ba2052,1fcef643-dc9d-48fc-8a2d-bf8a42c7baf4,1702040736713855555
1b86b05d-fc04-49c5-babf-7a3877ba2052,1fcef643-dc9d-48fc-8a2d-bf8a42c7baf4,1702040736739533333
1b86b05d-fc04-49c5-babf-7a3877ba2052,1fcef643-dc9d-48fc-8a2d-bf8a42c7baf4,1702040736769444444
1b86b05d-fc04-49c5-babf-7a3877ba2052,1fcef643-dc9d-48fc-8a2d-bf8a42c7baf4,1702040736805244444
1b86b05d-fc04-49c5-babf-7a3877ba2052,1fcef643-dc9d-48fc-8a2d-bf8a42c7baf4,1702040736845477777
1b86b05d-fc04-49c5-babf-7a3877ba2052,1fcef643-dc9d-48fc-8a2d-bf8a42c7baf4,1702040736876700000
1b86b05d-fc04-49c5-babf-7a3877ba2052,1fcef643-dc9d-48fc-8a2d-bf8a42c7baf4,1702040736912366666
1b86b05d-fc04-49c5-babf-7a3877ba2052,1fcef643-dc9d-48fc-8a2d-bf8a42c7baf4,1702040736944788888
1b86b05d-fc04-49c5-babf-7a3877ba2052,1fcef643-dc9d-48fc-8a2d-bf8a42c7baf4,1702040736973055555
1b86b05d-fc04-49c5-babf-7a3877ba2052,1fcef643-dc9d-48fc-8a2d-bf8a42c7baf4,1702040737010022222
1b86b05d-fc04-49c5-babf-7a3877ba2052,1fcef643-dc9d-48fc-8a2d-bf8a42c7baf4,1702040737039377777
1b86b05d-fc04-49c5-babf-7a3877ba2052,1fcef643-dc9d-48fc-8a2d-bf8a42c7baf4,1702040737068988888
1b86b05d-fc04-49c5-babf-7a3877ba2052,1fcef643-dc9d-48fc-8a2d-bf8a42c7baf4,1702040737106022222
1b86b05d-fc04-49c5-babf-7a3877ba2052,1fcef643-dc9d-48fc-8a2d-bf8a42c7baf4,1702040737144411111
1b86b05d-fc04-49c5-babf-7a3877ba2052,1fcef643-dc9d-48fc-8a2d-bf8a42c7baf4,1702040737179877777
1b86b05d-fc04-49c5-babf-7a3877ba2052,1fcef643-dc9d-48fc-8a2d-bf8a42c7baf4,1702040737214666666
1b86b05d-fc04-49c5-babf-7a3877ba2052,1fcef643-dc9d-48fc-8a2d-bf8a42c7baf4,1702040737245122222
1b86b05d-fc04-49c5-babf-7a3877ba2052,1fcef643-dc9d-48fc-8a2d-bf8a42c7baf4,1702040737276377777
1b86b05d-fc04-49c5-babf-7a3877ba2052,1fcef643-dc9d-48fc-8a2d-bf8a42c7baf4,1702040737312155555
1b86b05d-fc04-49c5-babf-7a3877ba2052,1fcef643-dc9d-48fc-8a2d-bf8a42c7baf4,1702040737338444444
1b86b05d-fc04-49c5-babf-7a3877ba2052,1fcef643-dc9d-48fc-8a2d-bf8a42c7baf4,1702040737369200000
1b86b05d-fc04-49c5-babf-7a3877ba2052,1fcef643-dc9d-48fc-8a2d-bf8a42c7baf4,1702040737407311111
1b86b05d-fc04-49c5-babf-7a3877ba2052,1fcef643-dc9d-48fc-8a2d-bf8a42c7baf4,1702040737444355555
1b86b05d-fc04-49c5-babf-7a3877ba2052,1fcef643-dc9d-48fc-8a2d-bf8a42c7baf4,1702040737481000000
1b86b05d-fc04-49c5-babf-7a3877ba2052,1fcef643-dc9d-48fc-8a2d-bf8a42c7baf4,1702040737511455555
1b86b05d-fc04-49c5-babf-7a3877ba2052,1fcef643-dc9d-48fc-8a2d-bf8a42c7baf4,1702040737541966666
1b86b05d-fc04-49c5-babf-7a3877ba2052,1fcef643-dc9d-48fc-8a2d-bf8a42c7baf4,1702040737579333333
1b86b05d-fc04-49c5-babf-7a3877ba2052,1fcef643-dc9d-48fc-8a2d-bf8a42c7baf4,1702040737607877777
1b86b05d-fc04-49c5-babf-7a3877ba2052,1fcef643-dc9d-48fc-8a2d-bf8a42c7baf4,1702040737638088888
1b86b05d-fc04-49c5-babf-7a3877ba2052,1fcef643-dc9d-48fc-8a2d-bf8a42c7baf4,1702040737668922222
1b86b05d-fc04-49c5-babf-7a3877ba2052,1fcef643-dc9d-48fc-8a2d-bf8a42c7baf4,1702040737709222222
1b86b05d-fc04-49c5-babf-7a3877ba2052,1fcef643-dc9d-48fc-8a2d-bf8a42c7baf4,1702040737743966666
1b86b05d-fc04-49c5-babf-7a3877ba2052,1fcef643-dc9d-48fc-8a2d-bf8a42c7baf4,1702040737780300000
1b86b05d-fc04-49c5-babf-7a3877ba2052,1fcef643-dc9d-48fc-8a2d-bf8a42c7baf4,1702040737815944444
1b86b05d-fc04-49c5-babf-7a3877ba2052,1fcef643-dc9d-48fc-8a2d-bf8a42c7baf4,1702040737843077777
1b86b05d-fc04-49c5-babf-7a3877ba2052,1fcef643-dc9d-48fc-8a2d-bf8a42c7baf4,1702040737876811111
1b86b05d-fc04-49c5-babf-7a3877ba2052,1fcef643-dc9d-48fc-8a2d-bf8a42c7baf4,1702040737906300000
1b86b05d-fc04-49c5-babf-7a3877ba2052,1fcef643-dc9d-48fc-8a2d-bf8a42c7baf4,1702040737937888888
1b86b05d-fc04-49c5-babf-7a3877ba2052,1fcef643-dc9d-48fc-8a2d-bf8a42c7baf4,1702040737969722222
1b86b05d-fc04-49c5-babf-7a3877ba2052,1fcef643-dc9d-48fc-8a2d-bf8a42c7baf4,1702040738014111111
1b86b05d-fc04-49c5-babf-7a3877ba2052,1fcef643-dc9d-48fc-8a2d-bf8a42c7baf4,1702040738042788888
1b86b05d-fc04-49c5-babf-7a3877ba2052,1fcef643-dc9d-48fc-8a2d-bf8a42c7baf4,1702040738077200000
1b86b05d-fc04-49c5-babf-7a3877ba2052,1fcef643-dc9d-48fc-8a2d-bf8a42c7baf4,1702040738106922222
1b86b05d-fc04-49c5-babf-7a3877ba2052,1fcef643-dc9d-48fc-8a2d-bf8a42c7baf4,1702040738145144444
1b86b05d-fc04-49c5-babf-7a3877ba2052,1fcef643-dc9d-48fc-8a2d-bf8a42c7baf4,1702040738176666666
1b86b05d-fc04-49c5-babf-7a3877ba2052,1fcef643-dc9d-48fc-8a2d-bf8a42c7baf4,1702040738204111111
1b86b05d-fc04-49c5-babf-7a3877ba2052,1fcef643-dc9d-48fc-8a2d-bf8a42c7baf4,1702040738237588888
1b86b05d-fc04-49c5-babf-7a3877ba2052,1fcef643-dc9d-48fc-8a2d-bf8a42c7baf4,1702040738276444444
1b86b05d-fc04-49c5-babf-7a3877ba2052,1fcef643-dc9d-48fc-8a2d-bf8a42c7baf4,1702040738311511111
1b86b05d-fc04-49c5-babf-7a3877ba2052,1fcef643-dc9d-48fc-8a2d-bf8a42c7baf4,1702040738341311111
1b86b05d-fc04-49c5-babf-7a3877ba2052,1fcef643-dc9d-48fc-8a2d-bf8a42c7baf4,1702040738381055555
1b86b05d-fc04-49c5-babf-7a3877ba2052,1fcef643-dc9d-48fc-8a2d-bf8a42c7baf4,1702040738405711111
1b86b05d-fc04-49c5-babf-7a3877ba2052,1fcef643-dc9d-48fc-8a2d-bf8a42c7baf4,1702040738456811111
1b86b05d-fc04-49c5-babf-7a3877ba2052,1fcef643-dc9d-48fc-8a2d-bf8a42c7baf4,1702040738481566666
1b86b05d-fc04-49c5-babf-7a3877ba2052,1fcef643-dc9d-48fc-8a2d-bf8a42c7baf4,1702040738502866666
1b86b05d-fc04-49c5-babf-7a3877ba2052,1fcef643-dc9d-48fc-8a2d-bf8a42c7baf4,1702040738537311111
1b86b05d-fc04-49c5-babf-7a3877ba2052,1fcef643-dc9d-48fc-8a2d-bf8a42c7baf4,1702040738575155555
1b86b05d-fc04-49c5-babf-7a3877ba2052,1fcef643-dc9d-48fc-8a2d-bf8a42c7baf4,1702040738608611111
1b86b05d-fc04-49c5-babf-7a3877ba2052,1fcef643-dc9d-48fc-8a2d-bf8a42c7baf4,1702040738648611111
1b86b05d-fc04-49c5-babf-7a3877ba2052,1fcef643-dc9d-48fc-8a2d-bf8a42c7baf4,1702040738678833333
1b86b05d-fc04-49c5-babf-7a3877ba2052,1fcef643-dc9d-48fc-8a2d-bf8a42c7baf4,1702040738707622222
1b86b05d-fc04-49c5-babf-7a3877ba2052,1fcef643-dc9d-48fc-8a2d-bf8a42c7baf4,1702040738742944444
1b86b05d-fc04-49c5-babf-7a3877ba2052,1fcef643-dc9d-48fc-8a2d-bf8a42c7baf4,1702040738770400000
1b86b05d-fc04-49c5-babf-7a3877ba2052,1fcef643-dc9d-48fc-8a2d-bf8a42c7baf4,1702040738801688888
1b86b05d-fc04-49c5-babf-7a3877ba2052,1fcef643-dc9d-48fc-8a2d-bf8a42c7baf4,1702040738840022222
1b86b05d-fc04-49c5-babf-7a3877ba2052,1fcef643-dc9d-48fc-8a2d-bf8a42c7baf4,1702040738881255555
1b86b05d-fc04-49c5-babf-7a3877ba2052,1fcef643-dc9d-48fc-8a2d-bf8a42c7baf4,1702040738905555555
1b86b05d-fc04-49c5-babf-7a3877ba2052,1fcef643-dc9d-48fc-8a2d-bf8a42c7baf4,1702040738947622222
1b86b05d-fc04-49c5-babf-7a3877ba2052,1fcef643-dc9d-48fc-8a2d-bf8a42c7baf4,1702040738978122222
1b86b05d-fc04-49c5-babf-7a3877ba2052,1fcef643-dc9d-48fc-8a2d-bf8a42c7baf4,1702040739010022222
1b86b05d-fc04-49c5-babf-7a3877ba2052,1fcef643-dc9d-48fc-8a2d-bf8a42c7baf4,1702040739040933333
1b86b05d-fc04-49c5-babf-7a3877ba2052,1fcef643-dc9d-48fc-8a2d-bf8a42c7baf4,1702040739069155555
1b86b05d-fc04-49c5-babf-7a3877ba2052,1fcef643-dc9d-48fc-8a2d-bf8a42c7baf4,1702040739102300000
1b86b05d-fc04-49c5-babf-7a3877ba2052,1fcef643-dc9d-48fc-8a2d-bf8a42c7baf4,1702040739142588888
1b86b05d-fc04-49c5-babf-7a3877ba2052,1fcef643-dc9d-48fc-8a2d-bf8a42c7baf4,1702040739177677777
1b86b05d-fc04-49c5-babf-7a3877ba2052,1fcef643-dc9d-48fc-8a2d-bf8a42c7baf4,1702040739204844444
1b86b05d-fc04-49c5-babf-7a3877ba2052,1fcef643-dc9d-48fc-8a2d-bf8a42c7baf4,1702040739248600000
1b86b05d-fc04-49c5-babf-7a3877ba2052,1fcef643-dc9d-48fc-8a2d-bf8a42c7baf4,1702040739276266666
1b86b05d-fc04-49c5-babf-7a3877ba2052,1fcef643-dc9d-48fc-8a2d-bf8a42c7baf4,1702040739309955555
1b86b05d-fc04-49c5-babf-7a3877ba2052,1fcef643-dc9d-48fc-8a2d-bf8a42c7baf4,1702040739343511111
1b86b05d-fc04-49c5-babf-7a3877ba2052,1fcef643-dc9d-48fc-8a2d-bf8a42c7baf4,1702040739369266666
1b86b05d-fc04-49c5-babf-7a3877ba2052,1fcef643-dc9d-48fc-8a2d-bf8a42c7baf4,1702040739401122222
1b86b05d-fc04-49c5-babf-7a3877ba2052,1fcef643-dc9d-48fc-8a2d-bf8a42c7baf4,1702040739441622222
1b86b05d-fc04-49c5-babf-7a3877ba2052,1fcef643-dc9d-48fc-8a2d-bf8a42c7baf4,1702040739478366666
1b86b05d-fc04-49c5-babf-7a3877ba2052,1fcef643-dc9d-48fc-8a2d-bf8a42c7baf4,1702040739508788888
1b86b05d-fc04-49c5-babf-7a3877ba2052,1fcef643-dc9d-48fc-8a2d-bf8a42c7baf4,1702040739547111111
1b86b05d-fc04-49c5-babf-7a3877ba2052,1fcef643-dc9d-48fc-8a2d-bf8a42c7baf4,1702040739572422222
1b86b05d-fc04-49c5-babf-7a3877ba2052,1fcef643-dc9d-48fc-8a2d-bf8a42c7baf4,1702040739605455555
1b86b05d-fc04-49c5-babf-7a3877ba2052,1fcef643-dc9d-48fc-8a2d-bf8a42c7baf4,1702040739637700000
1b86b05d-fc04-49c5-babf-7a3877ba2052,1fcef643-dc9d-48fc-8a2d-bf8a42c7baf4,1702040739668844444
1b86b05d-fc04-49c5-babf-7a3877ba2052,1fcef643-dc9d-48fc-8a2d-bf8a42c7baf4,1702040739703688888
1b86b05d-fc04-49c5-babf-7a3877ba2052,1fcef643-dc9d-48fc-8a2d-bf8a42c7baf4,1702040739740677777
1b86b05d-fc04-49c5-babf-7a3877ba2052,1fcef643-dc9d-48fc-8a2d-bf8a42c7baf4,1702040739776622222
1b86b05d-fc04-49c5-babf-7a3877ba2052,1fcef643-dc9d-48fc-8a2d-bf8a42c7baf4,1702040739806622222
1b86b05d-fc04-49c5-babf-7a3877ba2052,1fcef643-dc9d-48fc-8a2d-bf8a42c7baf4,1702040739842211111
1b86b05d-fc04-49c5-babf-7a3877ba2052,1fcef643-dc9d-48fc-8a2d-bf8a42c7baf4,1702040739876611111
1b86b05d-fc04-49c5-babf-7a3877ba2052,1fcef643-dc9d-48fc-8a2d-bf8a42c7baf4,1702040739908322222
1b86b05d-fc04-49c5-babf-7a3877ba2052,1fcef643-dc9d-48fc-8a2d-bf8a42c7baf4,1702040739937733333
1b86b05d-fc04-49c5-babf-7a3877ba2052,1fcef643-dc9d-48fc-8a2d-bf8a42c7baf4,1702040739969111111
1b86b05d-fc04-49c5-babf-7a3877ba2052,1fcef643-dc9d-48fc-8a2d-bf8a42c7baf4,1702040740002444444
1b86b05d-fc04-49c5-babf-7a3877ba2052,1fcef643-dc9d-48fc-8a2d-bf8a42c7baf4,1702040740048488888
1b86b05d-fc04-49c5-babf-7a3877ba2052,1fcef643-dc9d-48fc-8a2d-bf8a42c7baf4,1702040740076988888
1b86b05d-fc04-49c5-babf-7a3877ba2052,1fcef643-dc9d-48fc-8a2d-bf8a42c7baf4,1702040740107422222
1b86b05d-fc04-49c5-babf-7a3877ba2052,1fcef643-dc9d-48fc-8a2d-bf8a42c7baf4,1702040740147233333
1b86b05d-fc04-49c5-babf-7a3877ba2052,1fcef643-dc9d-48fc-8a2d-bf8a42c7baf4,1702040740176255555
1b86b05d-fc04-49c5-babf-7a3877ba2052,1fcef643-dc9d-48fc-8a2d-bf8a42c7baf4,1702040740201233333
1b86b05d-fc04-49c5-babf-7a3877ba2052,1fcef643-dc9d-48fc-8a2d-bf8a42c7baf4,1702040740239744444
1b86b05d-fc04-49c5-babf-7a3877ba2052,1fcef643-dc9d-48fc-8a2d-bf8a42c7baf4,1702040740268700000
1b86b05d-fc04-49c5-babf-7a3877ba2052,1fcef643-dc9d-48fc-8a2d-bf8a42c7baf4,1702040740307811111
1b86b05d-fc04-49c5-babf-7a3877ba2052,1fcef643-dc9d-48fc-8a2d-bf8a42c7baf4,1702040740347388888
1b86b05d-fc04-49c5-babf-7a3877ba2052,1fcef643-dc9d-48fc-8a2d-bf8a42c7baf4,1702040740373533333
1b86b05d-fc04-49c5-babf-7a3877ba2052,1fcef643-dc9d-48fc-8a2d-bf8a42c7baf4,1702040740409833333
1b86b05d-fc04-49c5-babf-7a3877ba2052,1fcef643-dc9d-48fc-8a2d-bf8a42c7baf4,1702040740444655555
1b86b05d-fc04-49c5-babf-7a3877ba2052,1fcef643-dc9d-48fc-8a2d-bf8a42c7baf4,1702040740473700000
1b86b05d-fc04-49c5-babf-7a3877ba2052,1fcef643-dc9d-48fc-8a2d-bf8a42c7baf4,1702040740500911111
1b86b05d-fc04-49c5-babf-7a3877ba2052,1fcef643-dc9d-48fc-8a2d-bf8a42c7baf4,1702040740537522222
1b86b05d-fc04-49c5-babf-7a3877ba2052,1fcef643-dc9d-48fc-8a2d-bf8a42c7baf4,1702040740570077777
1b86b05d-fc04-49c5-babf-7a3877ba2052,1fcef643-dc9d-48fc-8a2d-bf8a42c7baf4,1702040740606611111
1b86b05d-fc04-49c5-babf-7a3877ba2052,1fcef643-dc9d-48fc-8a2d-bf8a42c7baf4,1702040740644744444
1b86b05d-fc04-49c5-babf-7a3877ba2052,1fcef643-dc9d-48fc-8a2d-bf8a42c7baf4,1702040740676244444
1b86b05d-fc04-49c5-babf-7a3877ba2052,1fcef643-dc9d-48fc-8a2d-bf8a42c7baf4,1702040740704333333
1b86b05d-fc04-49c5-babf-7a3877ba2052,1fcef643-dc9d-48fc-8a2d-bf8a42c7baf4,1702040740743477777
1b86b05d-fc04-49c5-babf-7a3877ba2052,1fcef643-dc9d-48fc-8a2d-bf8a42c7baf4,1702040740774311111
1b86b05d-fc04-49c5-babf-7a3877ba2052,1fcef643-dc9d-48fc-8a2d-bf8a42c7baf4,1702040740802644444
1b86b05d-fc04-49c5-babf-7a3877ba2052,1fcef643-dc9d-48fc-8a2d-bf8a42c7baf4,1702040740836777777
1b86b05d-fc04-49c5-babf-7a3877ba2052,1fcef643-dc9d-48fc-8a2d-bf8a42c7baf4,1702040740877033333
1b86b05d-fc04-49c5-babf-7a3877ba2052,1fcef643-dc9d-48fc-8a2d-bf8a42c7baf4,1702040740909022222
1b86b05d-fc04-49c5-babf-7a3877ba2052,1fcef643-dc9d-48fc-8a2d-bf8a42c7baf4,1702040740943855555
1b86b05d-fc04-49c5-babf-7a3877ba2052,1fcef643-dc9d-48fc-8a2d-bf8a42c7baf4,1702040740977022222
1b86b05d-fc04-49c5-babf-7a3877ba2052,1fcef643-dc9d-48fc-8a2d-bf8a42c7baf4,1702040741009611111
1b86b05d-fc04-49c5-babf-7a3877ba2052,1fcef643-dc9d-48fc-8a2d-bf8a42c7baf4,1702040741044333333
1b86b05d-fc04-49c5-babf-7a3877ba2052,1fcef643-dc9d-48fc-8a2d-bf8a42c7baf4,1702040741071033333
1b86b05d-fc04-49c5-babf-7a3877ba2052,1fcef643-dc9d-48fc-8a2d-bf8a42c7baf4,1702040741101777777
1b86b05d-fc04-49c5-babf-7a3877ba2052,1fcef643-dc9d-48fc-8a2d-bf8a42c7baf4,1702040741137677777
1b86b05d-fc04-49c5-babf-7a3877ba2052,1fcef643-dc9d-48fc-8a2d-bf8a42c7baf4,1702040741177622222
1b86b05d-fc04-49c5-babf-7a3877ba2052,1fcef643-dc9d-48fc-8a2d-bf8a42c7baf4,1702040741204777777
1b86b05d-fc04-49c5-babf-7a3877ba2052,1fcef643-dc9d-48fc-8a2d-bf8a42c7baf4,1702040741248000000
1b86b05d-fc04-49c5-babf-7a3877ba2052,1fcef643-dc9d-48fc-8a2d-bf8a42c7baf4,1702040741274777777
1b86b05d-fc04-49c5-babf-7a3877ba2052,1fcef643-dc9d-48fc-8a2d-bf8a42c7baf4,1702040741309922222
1b86b05d-fc04-49c5-babf-7a3877ba2052,1fcef643-dc9d-48fc-8a2d-bf8a42c7baf4,1702040741339622222
1b86b05d-fc04-49c5-babf-7a3877ba2052,1fcef643-dc9d-48fc-8a2d-bf8a42c7baf4,1702040741368811111
1b86b05d-fc04-49c5-babf-7a3877ba2052,1fcef643-dc9d-48fc-8a2d-bf8a42c7baf4,1702040741401300000
1b86b05d-fc04-49c5-babf-7a3877ba2052,1fcef643-dc9d-48fc-8a2d-bf8a42c7baf4,1702040741435677777
1b86b05d-fc04-49c5-babf-7a3877ba2052,1fcef643-dc9d-48fc-8a2d-bf8a42c7baf4,1702040741476144444
1b86b05d-fc04-49c5-babf-7a3877ba2052,1fcef643-dc9d-48fc-8a2d-bf8a42c7baf4,1702040741511900000
1b86b05d-fc04-49c5-babf-7a3877ba2052,1fcef643-dc9d-48fc-8a2d-bf8a42c7baf4,1702040741540344444
1b86b05d-fc04-49c5-babf-7a3877ba2052,1fcef643-dc9d-48fc-8a2d-bf8a42c7baf4,1702040741574977777
1b86b05d-fc04-49c5-babf-7a3877ba2052,1fcef643-dc9d-48fc-8a2d-bf8a42c7baf4,1702040741603333333
1b86b05d-fc04-49c5-babf-7a3877ba2052,1fcef643-dc9d-48fc-8a2d-bf8a42c7baf4,1702040741634688888
1b86b05d-fc04-49c5-babf-7a3877ba2052,1fcef643-dc9d-48fc-8a2d-bf8a42c7baf4,1702040741669911111
1b86b05d-fc04-49c5-babf-7a3877ba2052,1fcef643-dc9d-48fc-8a2d-bf8a42c7baf4,1702040741701211111
1b86b05d-fc04-49c5-babf-7a3877ba2052,1fcef643-dc9d-48fc-8a2d-bf8a42c7baf4,1702040741738200000
1b86b05d-fc04-49c5-babf-7a3877ba2052,1fcef643-dc9d-48fc-8a2d-bf8a42c7baf4,1702040741774022222
1b86b05d-fc04-49c5-babf-7a3877ba2052,1fcef643-dc9d-48fc-8a2d-bf8a42c7baf4,1702040741808511111
1b86b05d-fc04-49c5-babf-7a3877ba2052,1fcef643-dc9d-48fc-8a2d-bf8a42c7baf4,1702040741840133333
1b86b05d-fc04-49c5-babf-7a3877ba2052,1fcef643-dc9d-48fc-8a2d-bf8a42c7baf4,1702040741874700000
1b86b05d-fc04-49c5-babf-7a3877ba2052,1fcef643-dc9d-48fc-8a2d-bf8a42c7baf4,1702040741909300000
1b86b05d-fc04-49c5-babf-7a3877ba2052,1fcef643-dc9d-48fc-8a2d-bf8a42c7baf4,1702040741936444444
1b86b05d-fc04-49c5-babf-7a3877ba2052,1fcef643-dc9d-48fc-8a2d-bf8a42c7baf4,1702040741970133333
1b86b05d-fc04-49c5-babf-7a3877ba2052,1fcef643-dc9d-48fc-8a2d-bf8a42c7baf4,1702040742002388888
1b86b05d-fc04-49c5-babf-7a3877ba2052,1fcef643-dc9d-48fc-8a2d-bf8a42c7baf4,1702040742040455555
1b86b05d-fc04-49c5-babf-7a3877ba2052,1fcef643-dc9d-48fc-8a2d-bf8a42c7baf4,1702040742078244444
1b86b05d-fc04-49c5-babf-7a3877ba2052,1fcef643-dc9d-48fc-8a2d-bf8a42c7baf4,1702040742108366666
1b86b05d-fc04-49c5-babf-7a3877ba2052,1fcef643-dc9d-48fc-8a2d-bf8a42c7baf4,1702040742137622222
1b86b05d-fc04-49c5-babf-7a3877ba2052,1fcef643-dc9d-48fc-8a2d-bf8a42c7baf4,1702040742176200000
1b86b05d-fc04-49c5-babf-7a3877ba2052,1fcef643-dc9d-48fc-8a2d-bf8a42c7baf4,1702040742205966666
1b86b05d-fc04-49c5-babf-7a3877ba2052,1fcef643-dc9d-48fc-8a2d-bf8a42c7baf4,1702040742234255555
1b86b05d-fc04-49c5-babf-7a3877ba2052,1fcef643-dc9d-48fc-8a2d-bf8a42c7baf4,1702040742270755555
1b86b05d-fc04-49c5-babf-7a3877ba2052,1fcef643-dc9d-48fc-8a2d-bf8a42c7baf4,1702040742303555555
1b86b05d-fc04-49c5-babf-7a3877ba2052,1fcef643-dc9d-48fc-8a2d-bf8a42c7baf4,1702040742337833333
1b86b05d-fc04-49c5-babf-7a3877ba2052,1fcef643-dc9d-48fc-8a2d-bf8a42c7baf4,1702040742376611111
1b86b05d-fc04-49c5-babf-7a3877ba2052,1fcef643-dc9d-48fc-8a2d-bf8a42c7baf4,1702040742412944444
1b86b05d-fc04-49c5-babf-7a3877ba2052,1fcef643-dc9d-48fc-8a2d-bf8a42c7baf4,1702040742437055555
1b86b05d-fc04-49c5-babf-7a3877ba2052,1fcef643-dc9d-48fc-8a2d-bf8a42c7baf4,1702040742480066666
1b86b05d-fc04-49c5-babf-7a3877ba2052,1fcef643-dc9d-48fc-8a2d-bf8a42c7baf4,1702040742501633333
1b86b05d-fc04-49c5-babf-7a3877ba2052,1fcef643-dc9d-48fc-8a2d-bf8a42c7baf4,1702040742533411111
1b86b05d-fc04-49c5-babf-7a3877ba2052,1fcef643-dc9d-48fc-8a2d-bf8a42c7baf4,1702040742570155555
1b86b05d-fc04-49c5-babf-7a3877ba2052,1fcef643-dc9d-48fc-8a2d-bf8a42c7baf4,1702040742607977777
1b86b05d-fc04-49c5-babf-7a3877ba2052,1fcef643-dc9d-48fc-8a2d-bf8a42c7baf4,1702040742638422222
1b86b05d-fc04-49c5-babf-7a3877ba2052,1fcef643-dc9d-48fc-8a2d-bf8a42c7baf4,1702040742678244444
1b86b05d-fc04-49c5-babf-7a3877ba2052,1fcef643-dc9d-48fc-8a2d-bf8a42c7baf4,1702040742703777777
1b86b05d-fc04-49c5-babf-7a3877ba2052,1fcef643-dc9d-48fc-8a2d-bf8a42c7baf4,1702040742741577777
1b86b05d-fc04-49c5-babf-7a3877ba2052,1fcef643-dc9d-48fc-8a2d-bf8a42c7baf4,1702040742772277777
1b86b05d-fc04-49c5-babf-7a3877ba2052,1fcef643-dc9d-48fc-8a2d-bf8a42c7baf4,1702040742802311111
1b86b05d-fc04-49c5-babf-7a3877ba2052,1fcef643-dc9d-48fc-8a2d-bf8a42c7baf4,1702040742832544444
1b86b05d-fc04-49c5-babf-7a3877ba2052,1fcef643-dc9d-48fc-8a2d-bf8a42c7baf4,1702040742871433333
1b86b05d-fc04-49c5-babf-7a3877ba2052,1fcef643-dc9d-48fc-8a2d-bf8a42c7baf4,1702040742911444444
1b86b05d-fc04-49c5-babf-7a3877ba2052,1fcef643-dc9d-48fc-8a2d-bf8a42c7baf4,1702040742939977777
1b86b05d-fc04-49c5-babf-7a3877ba2052,1fcef643-dc9d-48fc-8a2d-bf8a42c7baf4,1702040742978522222
1b86b05d-fc04-49c5-babf-7a3877ba2052,1fcef643-dc9d-48fc-8a2d-bf8a42c7baf4,1702040743005511111
1b86b05d-fc04-49c5-babf-7a3877ba2052,1fcef643-dc9d-48fc-8a2d-bf8a42c7baf4,1702040743041277777
1b86b05d-fc04-49c5-babf-7a3877ba2052,1fcef643-dc9d-48fc-8a2d-bf8a42c7baf4,1702040743068933333
1b86b05d-fc04-49c5-babf-7a3877ba2052,1fcef643-dc9d-48fc-8a2d-bf8a42c7baf4,1702040743101855555
1b86b05d-fc04-49c5-babf-7a3877ba2052,1fcef643-dc9d-48fc-8a2d-bf8a42c7baf4,1702040743132733333
1b86b05d-fc04-49c5-babf-7a3877ba2052,1fcef643-dc9d-48fc-8a2d-bf8a42c7baf4,1702040743176933333
1b86b05d-fc04-49c5-babf-7a3877ba2052,1fcef643-dc9d-48fc-8a2d-bf8a42c7baf4,1702040743211788888
1b86b05d-fc04-49c5-babf-7a3877ba2052,1fcef643-dc9d-48fc-8a2d-bf8a42c7baf4,1702040743236655555
1b86b05d-fc04-49c5-babf-7a3877ba2052,1fcef643-dc9d-48fc-8a2d-bf8a42c7baf4,1702040743281666666
1b86b05d-fc04-49c5-babf-7a3877ba2052,1fcef643-dc9d-48fc-8a2d-bf8a42c7baf4,1702040743308433333
1b86b05d-fc04-49c5-babf-7a3877ba2052,1fcef643-dc9d-48fc-8a2d-bf8a42c7baf4,1702040743344300000
1b86b05d-fc04-49c5-babf-7a3877ba2052,1fcef643-dc9d-48fc-8a2d-bf8a42c7baf4,1702040743370644444
1b86b05d-fc04-49c5-babf-7a3877ba2052,1fcef643-dc9d-48fc-8a2d-bf8a42c7baf4,1702040743401055555
1b86b05d-fc04-49c5-babf-7a3877ba2052,1fcef643-dc9d-48fc-8a2d-bf8a42c7baf4,1702040743434177777
1b86b05d-fc04-49c5-babf-7a3877ba2052,1fcef643-dc9d-48fc-8a2d-bf8a42c7baf4,1702040743479411111
1b86b05d-fc04-49c5-babf-7a3877ba2052,1fcef643-dc9d-48fc-8a2d-bf8a42c7baf4,1702040743503877777
1b86b05d-fc04-49c5-babf-7a3877ba2052,1fcef643-dc9d-48fc-8a2d-bf8a42c7baf4,1702040743539088888
1b86b05d-fc04-49c5-babf-7a3877ba2052,1fcef643-dc9d-48fc-8a2d-bf8a42c7baf4,1702040743577777777
1b86b05d-fc04-49c5-babf-7a3877ba2052,1fcef643-dc9d-48fc-8a2d-bf8a42c7baf4,1702040743612077777
1b86b05d-fc04-49c5-babf-7a3877ba2052,1fcef643-dc9d-48fc-8a2d-bf8a42c7baf4,1702040743647566666
1b86b05d-fc04-49c5-babf-7a3877ba2052,1fcef643-dc9d-48fc-8a2d-bf8a42c7baf4,1702040743669077777
1b86b05d-fc04-49c5-babf-7a3877ba2052,1fcef643-dc9d-48fc-8a2d-bf8a42c7baf4,1702040743700777777
1b86b05d-fc04-49c5-babf-7a3877ba2052,1fcef643-dc9d-48fc-8a2d-bf8a42c7baf4,1702040743742855555
1b86b05d-fc04-49c5-babf-7a3877ba2052,1fcef643-dc9d-48fc-8a2d-bf8a42c7baf4,1702040743773322222
1b86b05d-fc04-49c5-babf-7a3877ba2052,1fcef643-dc9d-48fc-8a2d-bf8a42c7baf4,1702040743811500000
1b86b05d-fc04-49c5-babf-7a3877ba2052,1fcef643-dc9d-48fc-8a2d-bf8a42c7baf4,1702040743837166666
1b86b05d-fc04-49c5-babf-7a3877ba2052,1fcef643-dc9d-48fc-8a2d-bf8a42c7baf4,1702040743876077777
1b86b05d-fc04-49c5-babf-7a3877ba2052,1fcef643-dc9d-48fc-8a2d-bf8a42c7baf4,1702040743912700000
1b86b05d-fc04-49c5-babf-7a3877ba2052,1fcef643-dc9d-48fc-8a2d-bf8a42c7baf4,1702040743934800000
1b86b05d-fc04-49c5-babf-7a3877ba2052,1fcef643-dc9d-48fc-8a2d-bf8a42c7baf4,1702040743969655555
1b86b05d-fc04-49c5-babf-7a3877ba2052,1fcef643-dc9d-48fc-8a2d-bf8a42c7baf4,1702040744001733333
1b86b05d-fc04-49c5-babf-7a3877ba2052,1fcef643-dc9d-48fc-8a2d-bf8a42c7baf4,1702040744033911111
1b86b05d-fc04-49c5-babf-7a3877ba2052,1fcef643-dc9d-48fc-8a2d-bf8a42c7baf4,1702040744077955555
1b86b05d-fc04-49c5-babf-7a3877ba2052,1fcef643-dc9d-48fc-8a2d-bf8a42c7baf4,1702040744105500000
1b86b05d-fc04-49c5-babf-7a3877ba2052,1fcef643-dc9d-48fc-8a2d-bf8a42c7baf4,1702040744141111111
1b86b05d-fc04-49c5-babf-7a3877ba2052,1fcef643-dc9d-48fc-8a2d-bf8a42c7baf4,1702040744174588888
1b86b05d-fc04-49c5-babf-7a3877ba2052,1fcef643-dc9d-48fc-8a2d-bf8a42c7baf4,1702040744204811111
1b86b05d-fc04-49c5-babf-7a3877ba2052,1fcef643-dc9d-48fc-8a2d-bf8a42c7baf4,1702040744232788888
1b86b05d-fc04-49c5-babf-7a3877ba2052,1fcef643-dc9d-48fc-8a2d-bf8a42c7baf4,1702040744265155555
1b86b05d-fc04-49c5-babf-7a3877ba2052,1fcef643-dc9d-48fc-8a2d-bf8a42c7baf4,1702040744308455555
1b86b05d-fc04-49c5-babf-7a3877ba2052,1fcef643-dc9d-48fc-8a2d-bf8a42c7baf4,1702040744336877777
1b86b05d-fc04-49c5-babf-7a3877ba2052,1fcef643-dc9d-48fc-8a2d-bf8a42c7baf4,1702040744373700000
1b86b05d-fc04-49c5-babf-7a3877ba2052,1fcef643-dc9d-48fc-8a2d-bf8a42c7baf4,1702040744407066666
1b86b05d-fc04-49c5-babf-7a3877ba2052,1fcef643-dc9d-48fc-8a2d-bf8a42c7baf4,1702040744439188888
1b86b05d-fc04-49c5-babf-7a3877ba2052,1fcef643-dc9d-48fc-8a2d-bf8a42c7baf4,1702040744470422222
1b86b05d-fc04-49c5-babf-7a3877ba2052,1fcef643-dc9d-48fc-8a2d-bf8a42c7baf4,1702040744506822222
1b86b05d-fc04-49c5-babf-7a3877ba2052,1fcef643-dc9d-48fc-8a2d-bf8a42c7baf4,1702040744536900000
1b86b05d-fc04-49c5-babf-7a3877ba2052,1fcef643-dc9d-48fc-8a2d-bf8a42c7baf4,1702040744564866666
1b86b05d-fc04-49c5-babf-7a3877ba2052,1fcef643-dc9d-48fc-8a2d-bf8a42c7baf4,1702040744601933333
1b86b05d-fc04-49c5-babf-7a3877ba2052,1fcef643-dc9d-48fc-8a2d-bf8a42c7baf4,1702040744637544444
1b86b05d-fc04-49c5-babf-7a3877ba2052,1fcef643-dc9d-48fc-8a2d-bf8a42c7baf4,1702040744671966666
1b86b05d-fc04-49c5-babf-7a3877ba2052,1fcef643-dc9d-48fc-8a2d-bf8a42c7baf4,1702040744714266666
1b86b05d-fc04-49c5-babf-7a3877ba2052,1fcef643-dc9d-48fc-8a2d-bf8a42c7baf4,1702040744739788888
1b86b05d-fc04-49c5-babf-7a3877ba2052,1fcef643-dc9d-48fc-8a2d-bf8a42c7baf4,1702040744770133333
1b86b05d-fc04-49c5-babf-7a3877ba2052,1fcef643-dc9d-48fc-8a2d-bf8a42c7baf4,1702040744801288888
1b86b05d-fc04-49c5-babf-7a3877ba2052,1fcef643-dc9d-48fc-8a2d-bf8a42c7baf4,1702040744833511111
1b86b05d-fc04-49c5-babf-7a3877ba2052,1fcef643-dc9d-48fc-8a2d-bf8a42c7baf4,1702040744866222222
1b86b05d-fc04-49c5-babf-7a3877ba2052,1fcef643-dc9d-48fc-8a2d-bf8a42c7baf4,1702040744908866666
1b86b05d-fc04-49c5-babf-7a3877ba2052,1fcef643-dc9d-48fc-8a2d-bf8a42c7baf4,1702040744939700000
1b86b05d-fc04-49c5-babf-7a3877ba2052,1fcef643-dc9d-48fc-8a2d-bf8a42c7baf4,1702040744971388888
1b86b05d-fc04-49c5-babf-7a3877ba2052,1fcef643-dc9d-48fc-8a2d-bf8a42c7baf4,1702040745006455555
1b86b05d-fc04-49c5-babf-7a3877ba2052,1fcef643-dc9d-48fc-8a2d-bf8a42c7baf4,1702040745038477777
1b86b05d-fc04-49c5-babf-7a3877ba2052,1fcef643-dc9d-48fc-8a2d-bf8a42c7baf4,1702040745073455555
1b86b05d-fc04-49c5-babf-7a3877ba2052,1fcef643-dc9d-48fc-8a2d-bf8a42c7baf4,1702040745103966666
1b86b05d-fc04-49c5-babf-7a3877ba2052,1fcef643-dc9d-48fc-8a2d-bf8a42c7baf4,1702040745134477777
1b86b05d-fc04-49c5-babf-7a3877ba2052,1fcef643-dc9d-48fc-8a2d-bf8a42c7baf4,1702040745165488888
1b86b05d-fc04-49c5-babf-7a3877ba2052,1fcef643-dc9d-48fc-8a2d-bf8a42c7baf4,1702040745207488888
1b86b05d-fc04-49c5-babf-7a3877ba2052,1fcef643-dc9d-48fc-8a2d-bf8a42c7baf4,1702040745237311111
1b86b05d-fc04-49c5-babf-7a3877ba2052,1fcef643-dc9d-48fc-8a2d-bf8a42c7baf4,1702040745272522222
1b86b05d-fc04-49c5-babf-7a3877ba2052,1fcef643-dc9d-48fc-8a2d-bf8a42c7baf4,1702040745310577777
1b86b05d-fc04-49c5-babf-7a3877ba2052,1fcef643-dc9d-48fc-8a2d-bf8a42c7baf4,1702040745341388888
1b86b05d-fc04-49c5-babf-7a3877ba2052,1fcef643-dc9d-48fc-8a2d-bf8a42c7baf4,1702040745365811111
1b86b05d-fc04-49c5-babf-7a3877ba2052,1fcef643-dc9d-48fc-8a2d-bf8a42c7baf4,1702040745401288888
1b86b05d-fc04-49c5-babf-7a3877ba2052,1fcef643-dc9d-48fc-8a2d-bf8a42c7baf4,1702040745437855555
1b86b05d-fc04-49c5-babf-7a3877ba2052,1fcef643-dc9d-48fc-8a2d-bf8a42c7baf4,1702040745474077777
1b86b05d-fc04-49c5-babf-7a3877ba2052,1fcef643-dc9d-48fc-8a2d-bf8a42c7baf4,1702040745507422222
1b86b05d-fc04-49c5-babf-7a3877ba2052,1fcef643-dc9d-48fc-8a2d-bf8a42c7baf4,1702040745540700000
1b86b05d-fc04-49c5-babf-7a3877ba2052,1fcef643-dc9d-48fc-8a2d-bf8a42c7baf4,1702040745568455555
1b86b05d-fc04-49c5-babf-7a3877ba2052,1fcef643-dc9d-48fc-8a2d-bf8a42c7baf4,1702040745609722222
1b86b05d-fc04-49c5-babf-7a3877ba2052,1fcef643-dc9d-48fc-8a2d-bf8a42c7baf4,1702040745641566666
1b86b05d-fc04-49c5-babf-7a3877ba2052,1fcef643-dc9d-48fc-8a2d-bf8a42c7baf4,1702040745668877777
1b86b05d-fc04-49c5-babf-7a3877ba2052,1fcef643-dc9d-48fc-8a2d-bf8a42c7baf4,1702040745703244444
1b86b05d-fc04-49c5-babf-7a3877ba2052,1fcef643-dc9d-48fc-8a2d-bf8a42c7baf4,1702040745733066666
1b86b05d-fc04-49c5-babf-7a3877ba2052,1fcef643-dc9d-48fc-8a2d-bf8a42c7baf4,1702040745769500000
1b86b05d-fc04-49c5-babf-7a3877ba2052,1fcef643-dc9d-48fc-8a2d-bf8a42c7baf4,1702040745808211111
1b86b05d-fc04-49c5-babf-7a3877ba2052,1fcef643-dc9d-48fc-8a2d-bf8a42c7baf4,1702040745838188888
1b86b05d-fc04-49c5-babf-7a3877ba2052,1fcef643-dc9d-48fc-8a2d-bf8a42c7baf4,1702040745871000000
1b86b05d-fc04-49c5-babf-7a3877ba2052,1fcef643-dc9d-48fc-8a2d-bf8a42c7baf4,1702040745904111111
1b86b05d-fc04-49c5-babf-7a3877ba2052,1fcef643-dc9d-48fc-8a2d-bf8a42c7baf4,1702040745934144444
1b86b05d-fc04-49c5-babf-7a3877ba2052,1fcef643-dc9d-48fc-8a2d-bf8a42c7baf4,1702040745964888888
1b86b05d-fc04-49c5-babf-7a3877ba2052,1fcef643-dc9d-48fc-8a2d-bf8a42c7baf4,1702040746002844444
1b86b05d-fc04-49c5-babf-7a3877ba2052,1fcef643-dc9d-48fc-8a2d-bf8a42c7baf4,1702040746041077777
1b86b05d-fc04-49c5-babf-7a3877ba2052,1fcef643-dc9d-48fc-8a2d-bf8a42c7baf4,1702040746070055555
1b86b05d-fc04-49c5-babf-7a3877ba2052,1fcef643-dc9d-48fc-8a2d-bf8a42c7baf4,1702040746121211111
1b86b05d-fc04-49c5-babf-7a3877ba2052,1fcef643-dc9d-48fc-8a2d-bf8a42c7baf4,1702040746138288888
1b86b05d-fc04-49c5-babf-7a3877ba2052,1fcef643-dc9d-48fc-8a2d-bf8a42c7baf4,1702040746170888888
1b86b05d-fc04-49c5-babf-7a3877ba2052,1fcef643-dc9d-48fc-8a2d-bf8a42c7baf4,1702040746209200000
1b86b05d-fc04-49c5-babf-7a3877ba2052,1fcef643-dc9d-48fc-8a2d-bf8a42c7baf4,1702040746241422222
1b86b05d-fc04-49c5-babf-7a3877ba2052,1fcef643-dc9d-48fc-8a2d-bf8a42c7baf4,1702040746265222222
1b86b05d-fc04-49c5-babf-7a3877ba2052,1fcef643-dc9d-48fc-8a2d-bf8a42c7baf4,1702040746300733333
1b86b05d-fc04-49c5-babf-7a3877ba2052,1fcef643-dc9d-48fc-8a2d-bf8a42c7baf4,1702040746340000000
1b86b05d-fc04-49c5-babf-7a3877ba2052,1fcef643-dc9d-48fc-8a2d-bf8a42c7baf4,1702040746374466666
1b86b05d-fc04-49c5-babf-7a3877ba2052,1fcef643-dc9d-48fc-8a2d-bf8a42c7baf4,1702040746412400000
1b86b05d-fc04-49c5-babf-7a3877ba2052,1fcef643-dc9d-48fc-8a2d-bf8a42c7baf4,1702040746438855555
1b86b05d-fc04-49c5-babf-7a3877ba2052,1fcef643-dc9d-48fc-8a2d-bf8a42c7baf4,1702040746476066666
1b86b05d-fc04-49c5-babf-7a3877ba2052,1fcef643-dc9d-48fc-8a2d-bf8a42c7baf4,1702040746501755555
1b86b05d-fc04-49c5-babf-7a3877ba2052,1fcef643-dc9d-48fc-8a2d-bf8a42c7baf4,1702040746533300000
1b86b05d-fc04-49c5-babf-7a3877ba2052,1fcef643-dc9d-48fc-8a2d-bf8a42c7baf4,1702040746573722222
1b86b05d-fc04-49c5-babf-7a3877ba2052,1fcef643-dc9d-48fc-8a2d-bf8a42c7baf4,1702040746612611111
1b86b05d-fc04-49c5-babf-7a3877ba2052,1fcef643-dc9d-48fc-8a2d-bf8a42c7baf4,1702040746641522222
1b86b05d-fc04-49c5-babf-7a3877ba2052,1fcef643-dc9d-48fc-8a2d-bf8a42c7baf4,1702040746669400000
1b86b05d-fc04-49c5-babf-7a3877ba2052,1fcef643-dc9d-48fc-8a2d-bf8a42c7baf4,1702040746705822222
1b86b05d-fc04-49c5-babf-7a3877ba2052,1fcef643-dc9d-48fc-8a2d-bf8a42c7baf4,1702040746735777777
1b86b05d-fc04-49c5-babf-7a3877ba2052,1fcef643-dc9d-48fc-8a2d-bf8a42c7baf4,1702040746776855555
1b86b05d-fc04-49c5-babf-7a3877ba2052,1fcef643-dc9d-48fc-8a2d-bf8a42c7baf4,1702040746806666666
1b86b05d-fc04-49c5-babf-7a3877ba2052,1fcef643-dc9d-48fc-8a2d-bf8a42c7baf4,1702040746833811111
1b86b05d-fc04-49c5-babf-7a3877ba2052,1fcef643-dc9d-48fc-8a2d-bf8a42c7baf4,1702040746865055555
1b86b05d-fc04-49c5-babf-7a3877ba2052,1fcef643-dc9d-48fc-8a2d-bf8a42c7baf4,1702040746906944444
1b86b05d-fc04-49c5-babf-7a3877ba2052,1fcef643-dc9d-48fc-8a2d-bf8a42c7baf4,1702040746938633333
1b86b05d-fc04-49c5-babf-7a3877ba2052,1fcef643-dc9d-48fc-8a2d-bf8a42c7baf4,1702040746972400000
1b86b05d-fc04-49c5-babf-7a3877ba2052,1fcef643-dc9d-48fc-8a2d-bf8a42c7baf4,1702040747009444444
1b86b05d-fc04-49c5-babf-7a3877ba2052,1fcef643-dc9d-48fc-8a2d-bf8a42c7baf4,1702040747040844444
1b86b05d-fc04-49c5-babf-7a3877ba2052,1fcef643-dc9d-48fc-8a2d-bf8a42c7baf4,1702040747065811111
1b86b05d-fc04-49c5-babf-7a3877ba2052,1fcef643-dc9d-48fc-8a2d-bf8a42c7baf4,1702040747101366666
1b86b05d-fc04-49c5-babf-7a3877ba2052,1fcef643-dc9d-48fc-8a2d-bf8a42c7baf4,1702040747134611111
1b86b05d-fc04-49c5-babf-7a3877ba2052,1fcef643-dc9d-48fc-8a2d-bf8a42c7baf4,1702040747170444444
1b86b05d-fc04-49c5-babf-7a3877ba2052,1fcef643-dc9d-48fc-8a2d-bf8a42c7baf4,1702040747208688888
1b86b05d-fc04-49c5-babf-7a3877ba2052,1fcef643-dc9d-48fc-8a2d-bf8a42c7baf4,1702040747236688888
1b86b05d-fc04-49c5-babf-7a3877ba2052,1fcef643-dc9d-48fc-8a2d-bf8a42c7baf4,1702040747273511111
1b86b05d-fc04-49c5-babf-7a3877ba2052,1fcef643-dc9d-48fc-8a2d-bf8a42c7baf4,1702040747309788888
1b86b05d-fc04-49c5-babf-7a3877ba2052,1fcef643-dc9d-48fc-8a2d-bf8a42c7baf4,1702040747338822222
1b86b05d-fc04-49c5-babf-7a3877ba2052,1fcef643-dc9d-48fc-8a2d-bf8a42c7baf4,1702040747370211111
1b86b05d-fc04-49c5-babf-7a3877ba2052,1fcef643-dc9d-48fc-8a2d-bf8a42c7baf4,1702040747400011111
1b86b05d-fc04-49c5-babf-7a3877ba2052,1fcef643-dc9d-48fc-8a2d-bf8a42c7baf4,1702040747433344444
1b86b05d-fc04-49c5-babf-7a3877ba2052,1fcef643-dc9d-48fc-8a2d-bf8a42c7baf4,1702040747464811111
1b86b05d-fc04-49c5-babf-7a3877ba2052,1fcef643-dc9d-48fc-8a2d-bf8a42c7baf4,1702040747502566666
1b86b05d-fc04-49c5-babf-7a3877ba2052,1fcef643-dc9d-48fc-8a2d-bf8a42c7baf4,1702040747545088888
1b86b05d-fc04-49c5-babf-7a3877ba2052,1fcef643-dc9d-48fc-8a2d-bf8a42c7baf4,1702040747573177777
1b86b05d-fc04-49c5-babf-7a3877ba2052,1fcef643-dc9d-48fc-8a2d-bf8a42c7baf4,1702040747601500000
1b86b05d-fc04-49c5-babf-7a3877ba2052,1fcef643-dc9d-48fc-8a2d-bf8a42c7baf4,1702040747633588888
1b86b05d-fc04-49c5-babf-7a3877ba2052,1fcef643-dc9d-48fc-8a2d-bf8a42c7baf4,1702040747665233333
1b86b05d-fc04-49c5-babf-7a3877ba2052,1fcef643-dc9d-48fc-8a2d-bf8a42c7baf4,1702040747697800000
1b86b05d-fc04-49c5-babf-7a3877ba2052,1fcef643-dc9d-48fc-8a2d-bf8a42c7baf4,1702040747744011111
1b86b05d-fc04-49c5-babf-7a3877ba2052,1fcef643-dc9d-48fc-8a2d-bf8a42c7baf4,1702040747769544444
1b86b05d-fc04-49c5-babf-7a3877ba2052,1fcef643-dc9d-48fc-8a2d-bf8a42c7baf4,1702040747803200000
1b86b05d-fc04-49c5-babf-7a3877ba2052,1fcef643-dc9d-48fc-8a2d-bf8a42c7baf4,1702040747839344444
1b86b05d-fc04-49c5-babf-7a3877ba2052,1fcef643-dc9d-48fc-8a2d-bf8a42c7baf4,1702040747869211111
1b86b05d-fc04-49c5-babf-7a3877ba2052,1fcef643-dc9d-48fc-8a2d-bf8a42c7baf4,1702040747900255555
1b86b05d-fc04-49c5-babf-7a3877ba2052,1fcef643-dc9d-48fc-8a2d-bf8a42c7baf4,1702040747938777777
1b86b05d-fc04-49c5-babf-7a3877ba2052,1fcef643-dc9d-48fc-8a2d-bf8a42c7baf4,1702040747964633333
1b86b05d-fc04-49c5-babf-7a3877ba2052,1fcef643-dc9d-48fc-8a2d-bf8a42c7baf4,1702040747997011111
1b86b05d-fc04-49c5-babf-7a3877ba2052,1fcef643-dc9d-48fc-8a2d-bf8a42c7baf4,1702040748032688888
1b86b05d-fc04-49c5-babf-7a3877ba2052,1fcef643-dc9d-48fc-8a2d-bf8a42c7baf4,1702040748071533333
1b86b05d-fc04-49c5-babf-7a3877ba2052,1fcef643-dc9d-48fc-8a2d-bf8a42c7baf4,1702040748100022222
1b86b05d-fc04-49c5-babf-7a3877ba2052,1fcef643-dc9d-48fc-8a2d-bf8a42c7baf4,1702040748144222222
1b86b05d-fc04-49c5-babf-7a3877ba2052,1fcef643-dc9d-48fc-8a2d-bf8a42c7baf4,1702040748167655555
1b86b05d-fc04-49c5-babf-7a3877ba2052,1fcef643-dc9d-48fc-8a2d-bf8a42c7baf4,1702040748196833333
1b86b05d-fc04-49c5-babf-7a3877ba2052,1fcef643-dc9d-48fc-8a2d-bf8a42c7baf4,1702040748232611111
1b86b05d-fc04-49c5-babf-7a3877ba2052,1fcef643-dc9d-48fc-8a2d-bf8a42c7baf4,1702040748265355555
1b86b05d-fc04-49c5-babf-7a3877ba2052,1fcef643-dc9d-48fc-8a2d-bf8a42c7baf4,1702040748305055555
1b86b05d-fc04-49c5-babf-7a3877ba2052,1fcef643-dc9d-48fc-8a2d-bf8a42c7baf4,1702040748343144444
1b86b05d-fc04-49c5-babf-7a3877ba2052,1fcef643-dc9d-48fc-8a2d-bf8a42c7baf4,1702040748376244444
1b86b05d-fc04-49c5-babf-7a3877ba2052,1fcef643-dc9d-48fc-8a2d-bf8a42c7baf4,1702040748402633333
1b86b05d-fc04-49c5-babf-7a3877ba2052,1fcef643-dc9d-48fc-8a2d-bf8a42c7baf4,1702040748442688888
1b86b05d-fc04-49c5-babf-7a3877ba2052,1fcef643-dc9d-48fc-8a2d-bf8a42c7baf4,1702040748469011111
1b86b05d-fc04-49c5-babf-7a3877ba2052,1fcef643-dc9d-48fc-8a2d-bf8a42c7baf4,1702040748503511111
1b86b05d-fc04-49c5-babf-7a3877ba2052,1fcef643-dc9d-48fc-8a2d-bf8a42c7baf4,1702040748541055555
1b86b05d-fc04-49c5-babf-7a3877ba2052,1fcef643-dc9d-48fc-8a2d-bf8a42c7baf4,1702040748565077777
1b86b05d-fc04-49c5-babf-7a3877ba2052,1fcef643-dc9d-48fc-8a2d-bf8a42c7baf4,1702040748597188888
1b86b05d-fc04-49c5-babf-7a3877ba2052,1fcef643-dc9d-48fc-8a2d-bf8a42c7baf4,1702040748638766666
1b86b05d-fc04-49c5-babf-7a3877ba2052,1fcef643-dc9d-48fc-8a2d-bf8a42c7baf4,1702040748670077777
1b86b05d-fc04-49c5-babf-7a3877ba2052,1fcef643-dc9d-48fc-8a2d-bf8a42c7baf4,1702040748704122222
1b86b05d-fc04-49c5-babf-7a3877ba2052,1fcef643-dc9d-48fc-8a2d-bf8a42c7baf4,1702040748740200000
1b86b05d-fc04-49c5-babf-7a3877ba2052,1fcef643-dc9d-48fc-8a2d-bf8a42c7baf4,1702040748766422222
1b86b05d-fc04-49c5-babf-7a3877ba2052,1fcef643-dc9d-48fc-8a2d-bf8a42c7baf4,1702040748796822222
1b86b05d-fc04-49c5-babf-7a3877ba2052,1fcef643-dc9d-48fc-8a2d-bf8a42c7baf4,1702040748833200000
1b86b05d-fc04-49c5-babf-7a3877ba2052,1fcef643-dc9d-48fc-8a2d-bf8a42c7baf4,1702040748871466666
1b86b05d-fc04-49c5-babf-7a3877ba2052,1fcef643-dc9d-48fc-8a2d-bf8a42c7baf4,1702040748904944444
1b86b05d-fc04-49c5-babf-7a3877ba2052,1fcef643-dc9d-48fc-8a2d-bf8a42c7baf4,1702040748945611111
1b86b05d-fc04-49c5-babf-7a3877ba2052,1fcef643-dc9d-48fc-8a2d-bf8a42c7baf4,1702040748969577777
1b86b05d-fc04-49c5-babf-7a3877ba2052,1fcef643-dc9d-48fc-8a2d-bf8a42c7baf4,1702040749003411111
1b86b05d-fc04-49c5-babf-7a3877ba2052,1fcef643-dc9d-48fc-8a2d-bf8a42c7baf4,1702040749042677777
1b86b05d-fc04-49c5-babf-7a3877ba2052,1fcef643-dc9d-48fc-8a2d-bf8a42c7baf4,1702040749068577777
1b86b05d-fc04-49c5-babf-7a3877ba2052,1fcef643-dc9d-48fc-8a2d-bf8a42c7baf4,1702040749104288888
1b86b05d-fc04-49c5-babf-7a3877ba2052,1fcef643-dc9d-48fc-8a2d-bf8a42c7baf4,1702040749134000000
1b86b05d-fc04-49c5-babf-7a3877ba2052,1fcef643-dc9d-48fc-8a2d-bf8a42c7baf4,1702040749164900000
1b86b05d-fc04-49c5-babf-7a3877ba2052,1fcef643-dc9d-48fc-8a2d-bf8a42c7baf4,1702040749197122222
1b86b05d-fc04-49c5-babf-7a3877ba2052,1fcef643-dc9d-48fc-8a2d-bf8a42c7baf4,1702040749236766666
1b86b05d-fc04-49c5-babf-7a3877ba2052,1fcef643-dc9d-48fc-8a2d-bf8a42c7baf4,1702040749272888888
1b86b05d-fc04-49c5-babf-7a3877ba2052,1fcef643-dc9d-48fc-8a2d-bf8a42c7baf4,1702040749300377777
1b86b05d-fc04-49c5-babf-7a3877ba2052,1fcef643-dc9d-48fc-8a2d-bf8a42c7baf4,1702040749333900000
1b86b05d-fc04-49c5-babf-7a3877ba2052,1fcef643-dc9d-48fc-8a2d-bf8a42c7baf4,1702040749365522222
1b86b05d-fc04-49c5-babf-7a3877ba2052,1fcef643-dc9d-48fc-8a2d-bf8a42c7baf4,1702040749404311111
1b86b05d-fc04-49c5-babf-7a3877ba2052,1fcef643-dc9d-48fc-8a2d-bf8a42c7baf4,1702040749434433333
1b86b05d-fc04-49c5-babf-7a3877ba2052,1fcef643-dc9d-48fc-8a2d-bf8a42c7baf4,1702040749466666666
1b86b05d-fc04-49c5-babf-7a3877ba2052,1fcef643-dc9d-48fc-8a2d-bf8a42c7baf4,1702040749498011111
1b86b05d-fc04-49c5-babf-7a3877ba2052,1fcef643-dc9d-48fc-8a2d-bf8a42c7baf4,1702040749535766666
1b86b05d-fc04-49c5-babf-7a3877ba2052,1fcef643-dc9d-48fc-8a2d-bf8a42c7baf4,1702040749567788888
1b86b05d-fc04-49c5-babf-7a3877ba2052,1fcef643-dc9d-48fc-8a2d-bf8a42c7baf4,1702040749599755555
1b86b05d-fc04-49c5-babf-7a3877ba2052,1fcef643-dc9d-48fc-8a2d-bf8a42c7baf4,1702040749633511111
1b86b05d-fc04-49c5-babf-7a3877ba2052,1fcef643-dc9d-48fc-8a2d-bf8a42c7baf4,1702040749667333333
1b86b05d-fc04-49c5-babf-7a3877ba2052,1fcef643-dc9d-48fc-8a2d-bf8a42c7baf4,1702040749698500000
1b86b05d-fc04-49c5-babf-7a3877ba2052,1fcef643-dc9d-48fc-8a2d-bf8a42c7baf4,1702040749734333333
1b86b05d-fc04-49c5-babf-7a3877ba2052,1fcef643-dc9d-48fc-8a2d-bf8a42c7baf4,1702040749765433333
1b86b05d-fc04-49c5-babf-7a3877ba2052,1fcef643-dc9d-48fc-8a2d-bf8a42c7baf4,1702040749800344444
1b86b05d-fc04-49c5-babf-7a3877ba2052,1fcef643-dc9d-48fc-8a2d-bf8a42c7baf4,1702040749836688888
1b86b05d-fc04-49c5-babf-7a3877ba2052,1fcef643-dc9d-48fc-8a2d-bf8a42c7baf4,1702040749867555555
1b86b05d-fc04-49c5-babf-7a3877ba2052,1fcef643-dc9d-48fc-8a2d-bf8a42c7baf4,1702040749902477777
1b86b05d-fc04-49c5-babf-7a3877ba2052,1fcef643-dc9d-48fc-8a2d-bf8a42c7baf4,1702040749934711111
1b86b05d-fc04-49c5-babf-7a3877ba2052,1fcef643-dc9d-48fc-8a2d-bf8a42c7baf4,1702040749966366666
1b86b05d-fc04-49c5-babf-7a3877ba2052,1fcef643-dc9d-48fc-8a2d-bf8a42c7baf4,1702040750001177777
1b86b05d-fc04-49c5-babf-7a3877ba2052,1fcef643-dc9d-48fc-8a2d-bf8a42c7baf4,1702040750036888888
1b86b05d-fc04-49c5-babf-7a3877ba2052,1fcef643-dc9d-48fc-8a2d-bf8a42c7baf4,1702040750067288888
1b86b05d-fc04-49c5-babf-7a3877ba2052,1fcef643-dc9d-48fc-8a2d-bf8a42c7baf4,1702040750099455555
1b86b05d-fc04-49c5-babf-7a3877ba2052,1fcef643-dc9d-48fc-8a2d-bf8a42c7baf4,1702040750137088888
1b86b05d-fc04-49c5-babf-7a3877ba2052,1fcef643-dc9d-48fc-8a2d-bf8a42c7baf4,1702040750167111111
1b86b05d-fc04-49c5-babf-7a3877ba2052,1fcef643-dc9d-48fc-8a2d-bf8a42c7baf4,1702040750199877777
1b86b05d-fc04-49c5-babf-7a3877ba2052,1fcef643-dc9d-48fc-8a2d-bf8a42c7baf4,1702040750233922222
1b86b05d-fc04-49c5-babf-7a3877ba2052,1fcef643-dc9d-48fc-8a2d-bf8a42c7baf4,1702040750269411111
1b86b05d-fc04-49c5-babf-7a3877ba2052,1fcef643-dc9d-48fc-8a2d-bf8a42c7baf4,1702040750297911111
1b86b05d-fc04-49c5-babf-7a3877ba2052,1fcef643-dc9d-48fc-8a2d-bf8a42c7baf4,1702040750333588888
1b86b05d-fc04-49c5-babf-7a3877ba2052,1fcef643-dc9d-48fc-8a2d-bf8a42c7baf4,1702040750365833333
1b86b05d-fc04-49c5-babf-7a3877ba2052,1fcef643-dc9d-48fc-8a2d-bf8a42c7baf4,1702040750398422222
1b86b05d-fc04-49c5-babf-7a3877ba2052,1fcef643-dc9d-48fc-8a2d-bf8a42c7baf4,1702040750431055555
1b86b05d-fc04-49c5-babf-7a3877ba2052,1fcef643-dc9d-48fc-8a2d-bf8a42c7baf4,1702040750465988888
1b86b05d-fc04-49c5-babf-7a3877ba2052,1fcef643-dc9d-48fc-8a2d-bf8a42c7baf4,1702040750497244444
1b86b05d-fc04-49c5-babf-7a3877ba2052,1fcef643-dc9d-48fc-8a2d-bf8a42c7baf4,1702040750529711111
1b86b05d-fc04-49c5-babf-7a3877ba2052,1fcef643-dc9d-48fc-8a2d-bf8a42c7baf4,1702040750565466666
1b86b05d-fc04-49c5-babf-7a3877ba2052,1fcef643-dc9d-48fc-8a2d-bf8a42c7baf4,1702040750602744444
1b86b05d-fc04-49c5-babf-7a3877ba2052,1fcef643-dc9d-48fc-8a2d-bf8a42c7baf4,1702040750636566666
1b86b05d-fc04-49c5-babf-7a3877ba2052,1fcef643-dc9d-48fc-8a2d-bf8a42c7baf4,1702040750668333333
1b86b05d-fc04-49c5-babf-7a3877ba2052,1fcef643-dc9d-48fc-8a2d-bf8a42c7baf4,1702040750700355555
1b86b05d-fc04-49c5-babf-7a3877ba2052,1fcef643-dc9d-48fc-8a2d-bf8a42c7baf4,1702040750734133333
1b86b05d-fc04-49c5-babf-7a3877ba2052,1fcef643-dc9d-48fc-8a2d-bf8a42c7baf4,1702040750767033333
1b86b05d-fc04-49c5-babf-7a3877ba2052,1fcef643-dc9d-48fc-8a2d-bf8a42c7baf4,1702040750800077777
1b86b05d-fc04-49c5-babf-7a3877ba2052,1fcef643-dc9d-48fc-8a2d-bf8a42c7baf4,1702040750832522222
1b86b05d-fc04-49c5-babf-7a3877ba2052,1fcef643-dc9d-48fc-8a2d-bf8a42c7baf4,1702040750866288888
1b86b05d-fc04-49c5-babf-7a3877ba2052,1fcef643-dc9d-48fc-8a2d-bf8a42c7baf4,1702040750899733333
1b86b05d-fc04-49c5-babf-7a3877ba2052,1fcef643-dc9d-48fc-8a2d-bf8a42c7baf4,1702040750930000000
1b86b05d-fc04-49c5-babf-7a3877ba2052,1fcef643-dc9d-48fc-8a2d-bf8a42c7baf4,1702040750965922222
1b86b05d-fc04-49c5-babf-7a3877ba2052,1fcef643-dc9d-48fc-8a2d-bf8a42c7baf4,1702040750999600000
1b86b05d-fc04-49c5-babf-7a3877ba2052,1fcef643-dc9d-48fc-8a2d-bf8a42c7baf4,1702040751030577777
1b86b05d-fc04-49c5-babf-7a3877ba2052,1fcef643-dc9d-48fc-8a2d-bf8a42c7baf4,1702040751067277777
1b86b05d-fc04-49c5-babf-7a3877ba2052,1fcef643-dc9d-48fc-8a2d-bf8a42c7baf4,1702040751096777777
1b86b05d-fc04-49c5-babf-7a3877ba2052,1fcef643-dc9d-48fc-8a2d-bf8a42c7baf4,1702040751129200000
1b86b05d-fc04-49c5-babf-7a3877ba2052,1fcef643-dc9d-48fc-8a2d-bf8a42c7baf4,1702040751167300000
1b86b05d-fc04-49c5-babf-7a3877ba2052,1fcef643-dc9d-48fc-8a2d-bf8a42c7baf4,1702040751200955555
1b86b05d-fc04-49c5-babf-7a3877ba2052,1fcef643-dc9d-48fc-8a2d-bf8a42c7baf4,1702040751229577777
1b86b05d-fc04-49c5-babf-7a3877ba2052,1fcef643-dc9d-48fc-8a2d-bf8a42c7baf4,1702040751267000000
1b86b05d-fc04-49c5-babf-7a3877ba2052,1fcef643-dc9d-48fc-8a2d-bf8a42c7baf4,1702040751299422222
1b86b05d-fc04-49c5-babf-7a3877ba2052,1fcef643-dc9d-48fc-8a2d-bf8a42c7baf4,1702040751331766666
1b86b05d-fc04-49c5-babf-7a3877ba2052,1fcef643-dc9d-48fc-8a2d-bf8a42c7baf4,1702040751366955555
1b86b05d-fc04-49c5-babf-7a3877ba2052,1fcef643-dc9d-48fc-8a2d-bf8a42c7baf4,1702040751399277777
1b86b05d-fc04-49c5-babf-7a3877ba2052,1fcef643-dc9d-48fc-8a2d-bf8a42c7baf4,1702040751430588888
1b86b05d-fc04-49c5-babf-7a3877ba2052,1fcef643-dc9d-48fc-8a2d-bf8a42c7baf4,1702040751467377777
1b86b05d-fc04-49c5-babf-7a3877ba2052,1fcef643-dc9d-48fc-8a2d-bf8a42c7baf4,1702040751497444444
1b86b05d-fc04-49c5-babf-7a3877ba2052,1fcef643-dc9d-48fc-8a2d-bf8a42c7baf4,1702040751529922222
1b86b05d-fc04-49c5-babf-7a3877ba2052,1fcef643-dc9d-48fc-8a2d-bf8a42c7baf4,1702040751568788888
1b86b05d-fc04-49c5-babf-7a3877ba2052,1fcef643-dc9d-48fc-8a2d-bf8a42c7baf4,1702040751601133333
1b86b05d-fc04-49c5-babf-7a3877ba2052,1fcef643-dc9d-48fc-8a2d-bf8a42c7baf4,1702040751632877777
1b86b05d-fc04-49c5-babf-7a3877ba2052,1fcef643-dc9d-48fc-8a2d-bf8a42c7baf4,1702040751665133333
1b86b05d-fc04-49c5-babf-7a3877ba2052,1fcef643-dc9d-48fc-8a2d-bf8a42c7baf4,1702040751697422222
1b86b05d-fc04-49c5-babf-7a3877ba2052,1fcef643-dc9d-48fc-8a2d-bf8a42c7baf4,1702040751730577777
1b86b05d-fc04-49c5-babf-7a3877ba2052,1fcef643-dc9d-48fc-8a2d-bf8a42c7baf4,1702040751767300000
1b86b05d-fc04-49c5-babf-7a3877ba2052,1fcef643-dc9d-48fc-8a2d-bf8a42c7baf4,1702040751803077777
1b86b05d-fc04-49c5-babf-7a3877ba2052,1fcef643-dc9d-48fc-8a2d-bf8a42c7baf4,1702040751831511111
1b86b05d-fc04-49c5-babf-7a3877ba2052,1fcef643-dc9d-48fc-8a2d-bf8a42c7baf4,1702040751865411111
1b86b05d-fc04-49c5-babf-7a3877ba2052,1fcef643-dc9d-48fc-8a2d-bf8a42c7baf4,1702040751900033333
1b86b05d-fc04-49c5-babf-7a3877ba2052,1fcef643-dc9d-48fc-8a2d-bf8a42c7baf4,1702040751932377777
1b86b05d-fc04-49c5-babf-7a3877ba2052,1fcef643-dc9d-48fc-8a2d-bf8a42c7baf4,1702040751966122222
1b86b05d-fc04-49c5-babf-7a3877ba2052,1fcef643-dc9d-48fc-8a2d-bf8a42c7baf4,1702040751999911111
1b86b05d-fc04-49c5-babf-7a3877ba2052,1fcef643-dc9d-48fc-8a2d-bf8a42c7baf4,1702040752031733333
1b86b05d-fc04-49c5-babf-7a3877ba2052,1fcef643-dc9d-48fc-8a2d-bf8a42c7baf4,1702040752065522222
1b86b05d-fc04-49c5-babf-7a3877ba2052,1fcef643-dc9d-48fc-8a2d-bf8a42c7baf4,1702040752097444444
1b86b05d-fc04-49c5-babf-7a3877ba2052,1fcef643-dc9d-48fc-8a2d-bf8a42c7baf4,1702040752129733333
1b86b05d-fc04-49c5-babf-7a3877ba2052,1fcef643-dc9d-48fc-8a2d-bf8a42c7baf4,1702040752169755555
1b86b05d-fc04-49c5-babf-7a3877ba2052,1fcef643-dc9d-48fc-8a2d-bf8a42c7baf4,1702040752199822222
1b86b05d-fc04-49c5-babf-7a3877ba2052,1fcef643-dc9d-48fc-8a2d-bf8a42c7baf4,1702040752232088888
1b86b05d-fc04-49c5-babf-7a3877ba2052,1fcef643-dc9d-48fc-8a2d-bf8a42c7baf4,1702040752265522222
1b86b05d-fc04-49c5-babf-7a3877ba2052,1fcef643-dc9d-48fc-8a2d-bf8a42c7baf4,1702040752298122222
1b86b05d-fc04-49c5-babf-7a3877ba2052,1fcef643-dc9d-48fc-8a2d-bf8a42c7baf4,1702040752328833333
1b86b05d-fc04-49c5-babf-7a3877ba2052,1fcef643-dc9d-48fc-8a2d-bf8a42c7baf4,1702040752365655555
1b86b05d-fc04-49c5-babf-7a3877ba2052,1fcef643-dc9d-48fc-8a2d-bf8a42c7baf4,1702040752404455555
1b86b05d-fc04-49c5-babf-7a3877ba2052,1fcef643-dc9d-48fc-8a2d-bf8a42c7baf4,1702040752433511111
1b86b05d-fc04-49c5-babf-7a3877ba2052,1fcef643-dc9d-48fc-8a2d-bf8a42c7baf4,1702040752465633333
1b86b05d-fc04-49c5-babf-7a3877ba2052,1fcef643-dc9d-48fc-8a2d-bf8a42c7baf4,1702040752501877777
1b86b05d-fc04-49c5-babf-7a3877ba2052,1fcef643-dc9d-48fc-8a2d-bf8a42c7baf4,1702040752530200000
1b86b05d-fc04-49c5-babf-7a3877ba2052,1fcef643-dc9d-48fc-8a2d-bf8a42c7baf4,1702040752568277777
1b86b05d-fc04-49c5-babf-7a3877ba2052,1fcef643-dc9d-48fc-8a2d-bf8a42c7baf4,1702040752600866666
1b86b05d-fc04-49c5-babf-7a3877ba2052,1fcef643-dc9d-48fc-8a2d-bf8a42c7baf4,1702040752633077777
1b86b05d-fc04-49c5-babf-7a3877ba2052,1fcef643-dc9d-48fc-8a2d-bf8a42c7baf4,1702040752664800000
1b86b05d-fc04-49c5-babf-7a3877ba2052,1fcef643-dc9d-48fc-8a2d-bf8a42c7baf4,1702040752698700000
1b86b05d-fc04-49c5-babf-7a3877ba2052,1fcef643-dc9d-48fc-8a2d-bf8a42c7baf4,1702040752729622222
1b86b05d-fc04-49c5-babf-7a3877ba2052,1fcef643-dc9d-48fc-8a2d-bf8a42c7baf4,1702040752766777777
1b86b05d-fc04-49c5-babf-7a3877ba2052,1fcef643-dc9d-48fc-8a2d-bf8a42c7baf4,1702040752802088888
1b86b05d-fc04-49c5-babf-7a3877ba2052,1fcef643-dc9d-48fc-8a2d-bf8a42c7baf4,1702040752829977777
1b86b05d-fc04-49c5-babf-7a3877ba2052,1fcef643-dc9d-48fc-8a2d-bf8a42c7baf4,1702040752865488888
1b86b05d-fc04-49c5-babf-7a3877ba2052,1fcef643-dc9d-48fc-8a2d-bf8a42c7baf4,1702040752898177777
1b86b05d-fc04-49c5-babf-7a3877ba2052,1fcef643-dc9d-48fc-8a2d-bf8a42c7baf4,1702040752932900000
1b86b05d-fc04-49c5-babf-7a3877ba2052,1fcef643-dc9d-48fc-8a2d-bf8a42c7baf4,1702040752974488888
1b86b05d-fc04-49c5-babf-7a3877ba2052,1fcef643-dc9d-48fc-8a2d-bf8a42c7baf4,1702040753000388888
1b86b05d-fc04-49c5-babf-7a3877ba2052,1fcef643-dc9d-48fc-8a2d-bf8a42c7baf4,1702040753036344444
1b86b05d-fc04-49c5-babf-7a3877ba2052,1fcef643-dc9d-48fc-8a2d-bf8a42c7baf4,1702040753066200000
1b86b05d-fc04-49c5-babf-7a3877ba2052,1fcef643-dc9d-48fc-8a2d-bf8a42c7baf4,1702040753098766666
1b86b05d-fc04-49c5-babf-7a3877ba2052,1fcef643-dc9d-48fc-8a2d-bf8a42c7baf4,1702040753131822222
1b86b05d-fc04-49c5-babf-7a3877ba2052,1fcef643-dc9d-48fc-8a2d-bf8a42c7baf4,1702040753165844444
1b86b05d-fc04-49c5-babf-7a3877ba2052,1fcef643-dc9d-48fc-8a2d-bf8a42c7baf4,1702040753200044444
1b86b05d-fc04-49c5-babf-7a3877ba2052,1fcef643-dc9d-48fc-8a2d-bf8a42c7baf4,1702040753229055555
1b86b05d-fc04-49c5-babf-7a3877ba2052,1fcef643-dc9d-48fc-8a2d-bf8a42c7baf4,1702040753265177777
1b86b05d-fc04-49c5-babf-7a3877ba2052,1fcef643-dc9d-48fc-8a2d-bf8a42c7baf4,1702040753297744444
1b86b05d-fc04-49c5-babf-7a3877ba2052,1fcef643-dc9d-48fc-8a2d-bf8a42c7baf4,1702040753333400000
1b86b05d-fc04-49c5-babf-7a3877ba2052,1fcef643-dc9d-48fc-8a2d-bf8a42c7baf4,1702040753369177777
1b86b05d-fc04-49c5-babf-7a3877ba2052,1fcef643-dc9d-48fc-8a2d-bf8a42c7baf4,1702040753399677777
1b86b05d-fc04-49c5-babf-7a3877ba2052,1fcef643-dc9d-48fc-8a2d-bf8a42c7baf4,1702040753432911111
1b86b05d-fc04-49c5-babf-7a3877ba2052,1fcef643-dc9d-48fc-8a2d-bf8a42c7baf4,1702040753461600000
1b86b05d-fc04-49c5-babf-7a3877ba2052,1fcef643-dc9d-48fc-8a2d-bf8a42c7baf4,1702040753497488888
1b86b05d-fc04-49c5-babf-7a3877ba2052,1fcef643-dc9d-48fc-8a2d-bf8a42c7baf4,1702040753532111111
1b86b05d-fc04-49c5-babf-7a3877ba2052,1fcef643-dc9d-48fc-8a2d-bf8a42c7baf4,1702040753563988888
1b86b05d-fc04-49c5-babf-7a3877ba2052,1fcef643-dc9d-48fc-8a2d-bf8a42c7baf4,1702040753599388888
1b86b05d-fc04-49c5-babf-7a3877ba2052,1fcef643-dc9d-48fc-8a2d-bf8a42c7baf4,1702040753630922222
1b86b05d-fc04-49c5-babf-7a3877ba2052,1fcef643-dc9d-48fc-8a2d-bf8a42c7baf4,1702040753663333333
1b86b05d-fc04-49c5-babf-7a3877ba2052,1fcef643-dc9d-48fc-8a2d-bf8a42c7baf4,1702040753698211111
1b86b05d-fc04-49c5-babf-7a3877ba2052,1fcef643-dc9d-48fc-8a2d-bf8a42c7baf4,1702040753730477777
1b86b05d-fc04-49c5-babf-7a3877ba2052,1fcef643-dc9d-48fc-8a2d-bf8a42c7baf4,1702040753765722222
1b86b05d-fc04-49c5-babf-7a3877ba2052,1fcef643-dc9d-48fc-8a2d-bf8a42c7baf4,1702040753804188888
1b86b05d-fc04-49c5-babf-7a3877ba2052,1fcef643-dc9d-48fc-8a2d-bf8a42c7baf4,1702040753828711111
1b86b05d-fc04-49c5-babf-7a3877ba2052,1fcef643-dc9d-48fc-8a2d-bf8a42c7baf4,1702040753862233333
1b86b05d-fc04-49c5-babf-7a3877ba2052,1fcef643-dc9d-48fc-8a2d-bf8a42c7baf4,1702040753897155555
1b86b05d-fc04-49c5-babf-7a3877ba2052,1fcef643-dc9d-48fc-8a2d-bf8a42c7baf4,1702040753930188888
1b86b05d-fc04-49c5-babf-7a3877ba2052,1fcef643-dc9d-48fc-8a2d-bf8a42c7baf4,1702040753965011111
1b86b05d-fc04-49c5-babf-7a3877ba2052,1fcef643-dc9d-48fc-8a2d-bf8a42c7baf4,1702040753998633333
1b86b05d-fc04-49c5-babf-7a3877ba2052,1fcef643-dc9d-48fc-8a2d-bf8a42c7baf4,1702040754029433333
1b86b05d-fc04-49c5-babf-7a3877ba2052,1fcef643-dc9d-48fc-8a2d-bf8a42c7baf4,1702040754062700000
1b86b05d-fc04-49c5-babf-7a3877ba2052,1fcef643-dc9d-48fc-8a2d-bf8a42c7baf4,1702040754097611111
1b86b05d-fc04-49c5-babf-7a3877ba2052,1fcef643-dc9d-48fc-8a2d-bf8a42c7baf4,1702040754133344444
1b86b05d-fc04-49c5-babf-7a3877ba2052,1fcef643-dc9d-48fc-8a2d-bf8a42c7baf4,1702040754164744444
1b86b05d-fc04-49c5-babf-7a3877ba2052,1fcef643-dc9d-48fc-8a2d-bf8a42c7baf4,1702040754200444444
1b86b05d-fc04-49c5-babf-7a3877ba2052,1fcef643-dc9d-48fc-8a2d-bf8a42c7baf4,1702040754232500000
1b86b05d-fc04-49c5-babf-7a3877ba2052,1fcef643-dc9d-48fc-8a2d-bf8a42c7baf4,1702040754265022222
1b86b05d-fc04-49c5-babf-7a3877ba2052,1fcef643-dc9d-48fc-8a2d-bf8a42c7baf4,1702040754303888888
1b86b05d-fc04-49c5-babf-7a3877ba2052,1fcef643-dc9d-48fc-8a2d-bf8a42c7baf4,1702040754330622222
1b86b05d-fc04-49c5-babf-7a3877ba2052,1fcef643-dc9d-48fc-8a2d-bf8a42c7baf4,1702040754365855555
1b86b05d-fc04-49c5-babf-7a3877ba2052,1fcef643-dc9d-48fc-8a2d-bf8a42c7baf4,1702040754400100000
1b86b05d-fc04-49c5-babf-7a3877ba2052,1fcef643-dc9d-48fc-8a2d-bf8a42c7baf4,1702040754428688888
1b86b05d-fc04-49c5-babf-7a3877ba2052,1fcef643-dc9d-48fc-8a2d-bf8a42c7baf4,1702040754462033333
1b86b05d-fc04-49c5-babf-7a3877ba2052,1fcef643-dc9d-48fc-8a2d-bf8a42c7baf4,1702040754497822222
1b86b05d-fc04-49c5-babf-7a3877ba2052,1fcef643-dc9d-48fc-8a2d-bf8a42c7baf4,1702040754534400000
1b86b05d-fc04-49c5-babf-7a3877ba2052,1fcef643-dc9d-48fc-8a2d-bf8a42c7baf4,1702040754562911111
1b86b05d-fc04-49c5-babf-7a3877ba2052,1fcef643-dc9d-48fc-8a2d-bf8a42c7baf4,1702040754597188888
1b86b05d-fc04-49c5-babf-7a3877ba2052,1fcef643-dc9d-48fc-8a2d-bf8a42c7baf4,1702040754633200000
1b86b05d-fc04-49c5-babf-7a3877ba2052,1fcef643-dc9d-48fc-8a2d-bf8a42c7baf4,1702040754662933333
1b86b05d-fc04-49c5-babf-7a3877ba2052,1fcef643-dc9d-48fc-8a2d-bf8a42c7baf4,1702040754697355555
1b86b05d-fc04-49c5-babf-7a3877ba2052,1fcef643-dc9d-48fc-8a2d-bf8a42c7baf4,1702040754733544444
1b86b05d-fc04-49c5-babf-7a3877ba2052,1fcef643-dc9d-48fc-8a2d-bf8a42c7baf4,1702040754764844444
1b86b05d-fc04-49c5-babf-7a3877ba2052,1fcef643-dc9d-48fc-8a2d-bf8a42c7baf4,1702040754803922222
1b86b05d-fc04-49c5-babf-7a3877ba2052,1fcef643-dc9d-48fc-8a2d-bf8a42c7baf4,1702040754833777777
1b86b05d-fc04-49c5-babf-7a3877ba2052,1fcef643-dc9d-48fc-8a2d-bf8a42c7baf4,1702040754867488888
1b86b05d-fc04-49c5-babf-7a3877ba2052,1fcef643-dc9d-48fc-8a2d-bf8a42c7baf4,1702040754901311111
1b86b05d-fc04-49c5-babf-7a3877ba2052,1fcef643-dc9d-48fc-8a2d-bf8a42c7baf4,1702040754932733333
1b86b05d-fc04-49c5-babf-7a3877ba2052,1fcef643-dc9d-48fc-8a2d-bf8a42c7baf4,1702040754965477777
1b86b05d-fc04-49c5-babf-7a3877ba2052,1fcef643-dc9d-48fc-8a2d-bf8a42c7baf4,1702040754997422222
1b86b05d-fc04-49c5-babf-7a3877ba2052,1fcef643-dc9d-48fc-8a2d-bf8a42c7baf4,1702040755029688888
1b86b05d-fc04-49c5-babf-7a3877ba2052,1fcef643-dc9d-48fc-8a2d-bf8a42c7baf4,1702040755066077777
1b86b05d-fc04-49c5-babf-7a3877ba2052,1fcef643-dc9d-48fc-8a2d-bf8a42c7baf4,1702040755100566666
1b86b05d-fc04-49c5-babf-7a3877ba2052,1fcef643-dc9d-48fc-8a2d-bf8a42c7baf4,1702040755131622222
1b86b05d-fc04-49c5-babf-7a3877ba2052,1fcef643-dc9d-48fc-8a2d-bf8a42c7baf4,1702040755163877777
1b86b05d-fc04-49c5-babf-7a3877ba2052,1fcef643-dc9d-48fc-8a2d-bf8a42c7baf4,1702040755197388888
1b86b05d-fc04-49c5-babf-7a3877ba2052,1fcef643-dc9d-48fc-8a2d-bf8a42c7baf4,1702040755230688888
1b86b05d-fc04-49c5-babf-7a3877ba2052,1fcef643-dc9d-48fc-8a2d-bf8a42c7baf4,1702040755262444444
1b86b05d-fc04-49c5-babf-7a3877ba2052,1fcef643-dc9d-48fc-8a2d-bf8a42c7baf4,1702040755297555555
1b86b05d-fc04-49c5-babf-7a3877ba2052,1fcef643-dc9d-48fc-8a2d-bf8a42c7baf4,1702040755334966666
1b86b05d-fc04-49c5-babf-7a3877ba2052,1fcef643-dc9d-48fc-8a2d-bf8a42c7baf4,1702040755365933333
1b86b05d-fc04-49c5-babf-7a3877ba2052,1fcef643-dc9d-48fc-8a2d-bf8a42c7baf4,1702040755399744444
1b86b05d-fc04-49c5-babf-7a3877ba2052,1fcef643-dc9d-48fc-8a2d-bf8a42c7baf4,1702040755433633333
1b86b05d-fc04-49c5-babf-7a3877ba2052,1fcef643-dc9d-48fc-8a2d-bf8a42c7baf4,1702040755465955555
1b86b05d-fc04-49c5-babf-7a3877ba2052,1fcef643-dc9d-48fc-8a2d-bf8a42c7baf4,1702040755503366666
1b86b05d-fc04-49c5-babf-7a3877ba2052,1fcef643-dc9d-48fc-8a2d-bf8a42c7baf4,1702040755531422222
1b86b05d-fc04-49c5-babf-7a3877ba2052,1fcef643-dc9d-48fc-8a2d-bf8a42c7baf4,1702040755564244444
1b86b05d-fc04-49c5-babf-7a3877ba2052,1fcef643-dc9d-48fc-8a2d-bf8a42c7baf4,1702040755598300000
1b86b05d-fc04-49c5-babf-7a3877ba2052,1fcef643-dc9d-48fc-8a2d-bf8a42c7baf4,1702040755632977777
1b86b05d-fc04-49c5-babf-7a3877ba2052,1fcef643-dc9d-48fc-8a2d-bf8a42c7baf4,1702040755665777777
1b86b05d-fc04-49c5-babf-7a3877ba2052,1fcef643-dc9d-48fc-8a2d-bf8a42c7baf4,1702040755703077777
1b86b05d-fc04-49c5-babf-7a3877ba2052,1fcef643-dc9d-48fc-8a2d-bf8a42c7baf4,1702040755731066666
1b86b05d-fc04-49c5-babf-7a3877ba2052,1fcef643-dc9d-48fc-8a2d-bf8a42c7baf4,1702040755763444444
1b86b05d-fc04-49c5-babf-7a3877ba2052,1fcef643-dc9d-48fc-8a2d-bf8a42c7baf4,1702040755798288888
1b86b05d-fc04-49c5-babf-7a3877ba2052,1fcef643-dc9d-48fc-8a2d-bf8a42c7baf4,1702040755830677777
1b86b05d-fc04-49c5-babf-7a3877ba2052,1fcef643-dc9d-48fc-8a2d-bf8a42c7baf4,1702040755863188888
1b86b05d-fc04-49c5-babf-7a3877ba2052,1fcef643-dc9d-48fc-8a2d-bf8a42c7baf4,1702040755898233333
1b86b05d-fc04-49c5-babf-7a3877ba2052,1fcef643-dc9d-48fc-8a2d-bf8a42c7baf4,1702040755934533333
1b86b05d-fc04-49c5-babf-7a3877ba2052,1fcef643-dc9d-48fc-8a2d-bf8a42c7baf4,1702040755967033333
1b86b05d-fc04-49c5-babf-7a3877ba2052,1fcef643-dc9d-48fc-8a2d-bf8a42c7baf4,1702040756003444444
1b86b05d-fc04-49c5-babf-7a3877ba2052,1fcef643-dc9d-48fc-8a2d-bf8a42c7baf4,1702040756032188888
1b86b05d-fc04-49c5-babf-7a3877ba2052,1fcef643-dc9d-48fc-8a2d-bf8a42c7baf4,1702040756064966666
1b86b05d-fc04-49c5-babf-7a3877ba2052,1fcef643-dc9d-48fc-8a2d-bf8a42c7baf4,1702040756102044444
1b86b05d-fc04-49c5-babf-7a3877ba2052,1fcef643-dc9d-48fc-8a2d-bf8a42c7baf4,1702040756129511111
1b86b05d-fc04-49c5-babf-7a3877ba2052,1fcef643-dc9d-48fc-8a2d-bf8a42c7baf4,1702040756161122222
1b86b05d-fc04-49c5-babf-7a3877ba2052,1fcef643-dc9d-48fc-8a2d-bf8a42c7baf4,1702040756201366666
1b86b05d-fc04-49c5-babf-7a3877ba2052,1fcef643-dc9d-48fc-8a2d-bf8a42c7baf4,1702040756231811111
1b86b05d-fc04-49c5-babf-7a3877ba2052,1fcef643-dc9d-48fc-8a2d-bf8a42c7baf4,1702040756263133333
1b86b05d-fc04-49c5-babf-7a3877ba2052,1fcef643-dc9d-48fc-8a2d-bf8a42c7baf4,1702040756298544444
1b86b05d-fc04-49c5-babf-7a3877ba2052,1fcef643-dc9d-48fc-8a2d-bf8a42c7baf4,1702040756331700000
1b86b05d-fc04-49c5-babf-7a3877ba2052,1fcef643-dc9d-48fc-8a2d-bf8a42c7baf4,1702040756361133333
1b86b05d-fc04-49c5-babf-7a3877ba2052,1fcef643-dc9d-48fc-8a2d-bf8a42c7baf4,1702040756399222222
1b86b05d-fc04-49c5-babf-7a3877ba2052,1fcef643-dc9d-48fc-8a2d-bf8a42c7baf4,1702040756428844444
1b86b05d-fc04-49c5-babf-7a3877ba2052,1fcef643-dc9d-48fc-8a2d-bf8a42c7baf4,1702040756464644444
1b86b05d-fc04-49c5-babf-7a3877ba2052,1fcef643-dc9d-48fc-8a2d-bf8a42c7baf4,1702040756502644444
1b86b05d-fc04-49c5-babf-7a3877ba2052,1fcef643-dc9d-48fc-8a2d-bf8a42c7baf4,1702040756533944444
1b86b05d-fc04-49c5-babf-7a3877ba2052,1fcef643-dc9d-48fc-8a2d-bf8a42c7baf4,1702040756567022222
1b86b05d-fc04-49c5-babf-7a3877ba2052,1fcef643-dc9d-48fc-8a2d-bf8a42c7baf4,1702040756598111111
1b86b05d-fc04-49c5-babf-7a3877ba2052,1fcef643-dc9d-48fc-8a2d-bf8a42c7baf4,1702040756634777777
1b86b05d-fc04-49c5-babf-7a3877ba2052,1fcef643-dc9d-48fc-8a2d-bf8a42c7baf4,1702040756664877777
1b86b05d-fc04-49c5-babf-7a3877ba2052,1fcef643-dc9d-48fc-8a2d-bf8a42c7baf4,1702040756697244444
1b86b05d-fc04-49c5-babf-7a3877ba2052,1fcef643-dc9d-48fc-8a2d-bf8a42c7baf4,1702040756729533333
1b86b05d-fc04-49c5-babf-7a3877ba2052,1fcef643-dc9d-48fc-8a2d-bf8a42c7baf4,1702040756761166666
1b86b05d-fc04-49c5-babf-7a3877ba2052,1fcef643-dc9d-48fc-8a2d-bf8a42c7baf4,1702040756794033333
1b86b05d-fc04-49c5-babf-7a3877ba2052,1fcef643-dc9d-48fc-8a2d-bf8a42c7baf4,1702040756834911111
1b86b05d-fc04-49c5-babf-7a3877ba2052,1fcef643-dc9d-48fc-8a2d-bf8a42c7baf4,1702040756865744444
1b86b05d-fc04-49c5-babf-7a3877ba2052,1fcef643-dc9d-48fc-8a2d-bf8a42c7baf4,1702040756896044444
1b86b05d-fc04-49c5-babf-7a3877ba2052,1fcef643-dc9d-48fc-8a2d-bf8a42c7baf4,1702040756929666666
1b86b05d-fc04-49c5-babf-7a3877ba2052,1fcef643-dc9d-48fc-8a2d-bf8a42c7baf4,1702040757008488888
1b86b05d-fc04-49c5-babf-7a3877ba2052,1fcef643-dc9d-48fc-8a2d-bf8a42c7baf4,1702040757041711111
1b86b05d-fc04-49c5-babf-7a3877ba2052,1fcef643-dc9d-48fc-8a2d-bf8a42c7baf4,1702040757061077777
1b86b05d-fc04-49c5-babf-7a3877ba2052,1fcef643-dc9d-48fc-8a2d-bf8a42c7baf4,1702040757099755555
1b86b05d-fc04-49c5-babf-7a3877ba2052,1fcef643-dc9d-48fc-8a2d-bf8a42c7baf4,1702040757138377777
1b86b05d-fc04-49c5-babf-7a3877ba2052,1fcef643-dc9d-48fc-8a2d-bf8a42c7baf4,1702040757170333333
1b86b05d-fc04-49c5-babf-7a3877ba2052,1fcef643-dc9d-48fc-8a2d-bf8a42c7baf4,1702040757203444444
1b86b05d-fc04-49c5-babf-7a3877ba2052,1fcef643-dc9d-48fc-8a2d-bf8a42c7baf4,1702040757235777777
1b86b05d-fc04-49c5-babf-7a3877ba2052,1fcef643-dc9d-48fc-8a2d-bf8a42c7baf4,1702040757272922222
1b86b05d-fc04-49c5-babf-7a3877ba2052,1fcef643-dc9d-48fc-8a2d-bf8a42c7baf4,1702040757296500000
1b86b05d-fc04-49c5-babf-7a3877ba2052,1fcef643-dc9d-48fc-8a2d-bf8a42c7baf4,1702040757330422222
1b86b05d-fc04-49c5-babf-7a3877ba2052,1fcef643-dc9d-48fc-8a2d-bf8a42c7baf4,1702040757362111111
1b86b05d-fc04-49c5-babf-7a3877ba2052,1fcef643-dc9d-48fc-8a2d-bf8a42c7baf4,1702040757395722222
1b86b05d-fc04-49c5-babf-7a3877ba2052,1fcef643-dc9d-48fc-8a2d-bf8a42c7baf4,1702040757441633333
1b86b05d-fc04-49c5-babf-7a3877ba2052,1fcef643-dc9d-48fc-8a2d-bf8a42c7baf4,1702040757469044444
1b86b05d-fc04-49c5-babf-7a3877ba2052,1fcef643-dc9d-48fc-8a2d-bf8a42c7baf4,1702040757500322222
1b86b05d-fc04-49c5-babf-7a3877ba2052,1fcef643-dc9d-48fc-8a2d-bf8a42c7baf4,1702040757545177777
1b86b05d-fc04-49c5-babf-7a3877ba2052,1fcef643-dc9d-48fc-8a2d-bf8a42c7baf4,1702040757570644444
1b86b05d-fc04-49c5-babf-7a3877ba2052,1fcef643-dc9d-48fc-8a2d-bf8a42c7baf4,1702040757601844444
1b86b05d-fc04-49c5-babf-7a3877ba2052,1fcef643-dc9d-48fc-8a2d-bf8a42c7baf4,1702040757635500000
1b86b05d-fc04-49c5-babf-7a3877ba2052,1fcef643-dc9d-48fc-8a2d-bf8a42c7baf4,1702040757667122222
1b86b05d-fc04-49c5-babf-7a3877ba2052,1fcef643-dc9d-48fc-8a2d-bf8a42c7baf4,1702040757699677777
1b86b05d-fc04-49c5-babf-7a3877ba2052,1fcef643-dc9d-48fc-8a2d-bf8a42c7baf4,1702040757737555555
1b86b05d-fc04-49c5-babf-7a3877ba2052,1fcef643-dc9d-48fc-8a2d-bf8a42c7baf4,1702040757769977777
1b86b05d-fc04-49c5-babf-7a3877ba2052,1fcef643-dc9d-48fc-8a2d-bf8a42c7baf4,1702040757808400000
1b86b05d-fc04-49c5-babf-7a3877ba2052,1fcef643-dc9d-48fc-8a2d-bf8a42c7baf4,1702040757836366666
1b86b05d-fc04-49c5-babf-7a3877ba2052,1fcef643-dc9d-48fc-8a2d-bf8a42c7baf4,1702040757876333333
1b86b05d-fc04-49c5-babf-7a3877ba2052,1fcef643-dc9d-48fc-8a2d-bf8a42c7baf4,1702040757899744444
1b86b05d-fc04-49c5-babf-7a3877ba2052,1fcef643-dc9d-48fc-8a2d-bf8a42c7baf4,1702040757937988888
1b86b05d-fc04-49c5-babf-7a3877ba2052,1fcef643-dc9d-48fc-8a2d-bf8a42c7baf4,1702040757971111111
1b86b05d-fc04-49c5-babf-7a3877ba2052,1fcef643-dc9d-48fc-8a2d-bf8a42c7baf4,1702040758002122222
1b86b05d-fc04-49c5-babf-7a3877ba2052,1fcef643-dc9d-48fc-8a2d-bf8a42c7baf4,1702040758041833333
1b86b05d-fc04-49c5-babf-7a3877ba2052,1fcef643-dc9d-48fc-8a2d-bf8a42c7baf4,1702040758074133333
1b86b05d-fc04-49c5-babf-7a3877ba2052,1fcef643-dc9d-48fc-8a2d-bf8a42c7baf4,1702040758100866666
1b86b05d-fc04-49c5-babf-7a3877ba2052,1fcef643-dc9d-48fc-8a2d-bf8a42c7baf4,1702040758138088888
1b86b05d-fc04-49c5-babf-7a3877ba2052,1fcef643-dc9d-48fc-8a2d-bf8a42c7baf4,1702040758174155555
1b86b05d-fc04-49c5-babf-7a3877ba2052,1fcef643-dc9d-48fc-8a2d-bf8a42c7baf4,1702040758202177777
1b86b05d-fc04-49c5-babf-7a3877ba2052,1fcef643-dc9d-48fc-8a2d-bf8a42c7baf4,1702040758236733333
1b86b05d-fc04-49c5-babf-7a3877ba2052,1fcef643-dc9d-48fc-8a2d-bf8a42c7baf4,1702040758264688888
1b86b05d-fc04-49c5-babf-7a3877ba2052,1fcef643-dc9d-48fc-8a2d-bf8a42c7baf4,1702040758295533333
1b86b05d-fc04-49c5-babf-7a3877ba2052,1fcef643-dc9d-48fc-8a2d-bf8a42c7baf4,1702040758329900000
1b86b05d-fc04-49c5-babf-7a3877ba2052,1fcef643-dc9d-48fc-8a2d-bf8a42c7baf4,1702040758372255555
1b86b05d-fc04-49c5-babf-7a3877ba2052,1fcef643-dc9d-48fc-8a2d-bf8a42c7baf4,1702040758408233333
1b86b05d-fc04-49c5-babf-7a3877ba2052,1fcef643-dc9d-48fc-8a2d-bf8a42c7baf4,1702040758436688888
1b86b05d-fc04-49c5-babf-7a3877ba2052,1fcef643-dc9d-48fc-8a2d-bf8a42c7baf4,1702040758474066666
1b86b05d-fc04-49c5-babf-7a3877ba2052,1fcef643-dc9d-48fc-8a2d-bf8a42c7baf4,1702040758505922222
1b86b05d-fc04-49c5-babf-7a3877ba2052,1fcef643-dc9d-48fc-8a2d-bf8a42c7baf4,1702040758540455555
1b86b05d-fc04-49c5-babf-7a3877ba2052,1fcef643-dc9d-48fc-8a2d-bf8a42c7baf4,1702040758570644444
1b86b05d-fc04-49c5-babf-7a3877ba2052,1fcef643-dc9d-48fc-8a2d-bf8a42c7baf4,1702040758596266666
1b86b05d-fc04-49c5-babf-7a3877ba2052,1fcef643-dc9d-48fc-8a2d-bf8a42c7baf4,1702040758636455555
1b86b05d-fc04-49c5-babf-7a3877ba2052,1fcef643-dc9d-48fc-8a2d-bf8a42c7baf4,1702040758669500000
1b86b05d-fc04-49c5-babf-7a3877ba2052,1fcef643-dc9d-48fc-8a2d-bf8a42c7baf4,1702040758709277777
1b86b05d-fc04-49c5-babf-7a3877ba2052,1fcef643-dc9d-48fc-8a2d-bf8a42c7baf4,1702040758742044444
1b86b05d-fc04-49c5-babf-7a3877ba2052,1fcef643-dc9d-48fc-8a2d-bf8a42c7baf4,1702040758772900000
1b86b05d-fc04-49c5-babf-7a3877ba2052,1fcef643-dc9d-48fc-8a2d-bf8a42c7baf4,1702040758807455555
1b86b05d-fc04-49c5-babf-7a3877ba2052,1fcef643-dc9d-48fc-8a2d-bf8a42c7baf4,1702040758836788888
1b86b05d-fc04-49c5-babf-7a3877ba2052,1fcef643-dc9d-48fc-8a2d-bf8a42c7baf4,1702040758867166666
1b86b05d-fc04-49c5-babf-7a3877ba2052,1fcef643-dc9d-48fc-8a2d-bf8a42c7baf4,1702040758900411111
1b86b05d-fc04-49c5-babf-7a3877ba2052,1fcef643-dc9d-48fc-8a2d-bf8a42c7baf4,1702040758941166666
1b86b05d-fc04-49c5-babf-7a3877ba2052,1fcef643-dc9d-48fc-8a2d-bf8a42c7baf4,1702040758969044444
1b86b05d-fc04-49c5-babf-7a3877ba2052,1fcef643-dc9d-48fc-8a2d-bf8a42c7baf4,1702040758993377777
1b86b05d-fc04-49c5-babf-7a3877ba2052,1fcef643-dc9d-48fc-8a2d-bf8a42c7baf4,1702040759036022222
1b86b05d-fc04-49c5-babf-7a3877ba2052,1fcef643-dc9d-48fc-8a2d-bf8a42c7baf4,1702040759075888888
1b86b05d-fc04-49c5-babf-7a3877ba2052,1fcef643-dc9d-48fc-8a2d-bf8a42c7baf4,1702040759106166666
1b86b05d-fc04-49c5-babf-7a3877ba2052,1fcef643-dc9d-48fc-8a2d-bf8a42c7baf4,1702040759138011111
1b86b05d-fc04-49c5-babf-7a3877ba2052,1fcef643-dc9d-48fc-8a2d-bf8a42c7baf4,1702040759170722222
1b86b05d-fc04-49c5-babf-7a3877ba2052,1fcef643-dc9d-48fc-8a2d-bf8a42c7baf4,1702040759202544444
1b86b05d-fc04-49c5-babf-7a3877ba2052,1fcef643-dc9d-48fc-8a2d-bf8a42c7baf4,1702040759233388888
1b86b05d-fc04-49c5-babf-7a3877ba2052,1fcef643-dc9d-48fc-8a2d-bf8a42c7baf4,1702040759263966666
1b86b05d-fc04-49c5-babf-7a3877ba2052,1fcef643-dc9d-48fc-8a2d-bf8a42c7baf4,1702040759297255555
1b86b05d-fc04-49c5-babf-7a3877ba2052,1fcef643-dc9d-48fc-8a2d-bf8a42c7baf4,1702040759333311111
1b86b05d-fc04-49c5-babf-7a3877ba2052,1fcef643-dc9d-48fc-8a2d-bf8a42c7baf4,1702040759377811111
1b86b05d-fc04-49c5-babf-7a3877ba2052,1fcef643-dc9d-48fc-8a2d-bf8a42c7baf4,1702040759403822222
1b86b05d-fc04-49c5-babf-7a3877ba2052,1fcef643-dc9d-48fc-8a2d-bf8a42c7baf4,1702040759436622222
1b86b05d-fc04-49c5-babf-7a3877ba2052,1fcef643-dc9d-48fc-8a2d-bf8a42c7baf4,1702040759468711111
1b86b05d-fc04-49c5-babf-7a3877ba2052,1fcef643-dc9d-48fc-8a2d-bf8a42c7baf4,1702040759507233333
1b86b05d-fc04-49c5-babf-7a3877ba2052,1fcef643-dc9d-48fc-8a2d-bf8a42c7baf4,1702040759539566666
1b86b05d-fc04-49c5-babf-7a3877ba2052,1fcef643-dc9d-48fc-8a2d-bf8a42c7baf4,1702040759570922222
1b86b05d-fc04-49c5-babf-7a3877ba2052,1fcef643-dc9d-48fc-8a2d-bf8a42c7baf4,1702040759602422222
1b86b05d-fc04-49c5-babf-7a3877ba2052,1fcef643-dc9d-48fc-8a2d-bf8a42c7baf4,1702040759626400000
1b86b05d-fc04-49c5-babf-7a3877ba2052,1fcef643-dc9d-48fc-8a2d-bf8a42c7baf4,1702040759672911111
1b86b05d-fc04-49c5-babf-7a3877ba2052,1fcef643-dc9d-48fc-8a2d-bf8a42c7baf4,1702040759698222222
1b86b05d-fc04-49c5-babf-7a3877ba2052,1fcef643-dc9d-48fc-8a2d-bf8a42c7baf4,1702040759737966666
1b86b05d-fc04-49c5-babf-7a3877ba2052,1fcef643-dc9d-48fc-8a2d-bf8a42c7baf4,1702040759770366666
1b86b05d-fc04-49c5-babf-7a3877ba2052,1fcef643-dc9d-48fc-8a2d-bf8a42c7baf4,1702040759803155555
1b86b05d-fc04-49c5-babf-7a3877ba2052,1fcef643-dc9d-48fc-8a2d-bf8a42c7baf4,1702040759835222222
1b86b05d-fc04-49c5-babf-7a3877ba2052,1fcef643-dc9d-48fc-8a2d-bf8a42c7baf4,1702040759875544444
1b86b05d-fc04-49c5-babf-7a3877ba2052,1fcef643-dc9d-48fc-8a2d-bf8a42c7baf4,1702040759900822222
1b86b05d-fc04-49c5-babf-7a3877ba2052,1fcef643-dc9d-48fc-8a2d-bf8a42c7baf4,1702040759933055555
1b86b05d-fc04-49c5-babf-7a3877ba2052,1fcef643-dc9d-48fc-8a2d-bf8a42c7baf4,1702040759970155555
1b86b05d-fc04-49c5-babf-7a3877ba2052,1fcef643-dc9d-48fc-8a2d-bf8a42c7baf4,1702040760008211111
1b86b05d-fc04-49c5-babf-7a3877ba2052,1fcef643-dc9d-48fc-8a2d-bf8a42c7baf4,1702040760037499999
1b86b05d-fc04-49c5-babf-7a3877ba2052,1fcef643-dc9d-48fc-8a2d-bf8a42c7baf4,1702040760073777777
1b86b05d-fc04-49c5-babf-7a3877ba2052,1fcef643-dc9d-48fc-8a2d-bf8a42c7baf4,1702040760107311111
1b86b05d-fc04-49c5-babf-7a3877ba2052,1fcef643-dc9d-48fc-8a2d-bf8a42c7baf4,1702040760138266666
1b86b05d-fc04-49c5-babf-7a3877ba2052,1fcef643-dc9d-48fc-8a2d-bf8a42c7baf4,1702040760171811111
1b86b05d-fc04-49c5-babf-7a3877ba2052,1fcef643-dc9d-48fc-8a2d-bf8a42c7baf4,1702040760203055555
1b86b05d-fc04-49c5-babf-7a3877ba2052,1fcef643-dc9d-48fc-8a2d-bf8a42c7baf4,1702040760237266666
1b86b05d-fc04-49c5-babf-7a3877ba2052,1fcef643-dc9d-48fc-8a2d-bf8a42c7baf4,1702040760263366666
1b86b05d-fc04-49c5-babf-7a3877ba2052,1fcef643-dc9d-48fc-8a2d-bf8a42c7baf4,1702040760297266666
1b86b05d-fc04-49c5-babf-7a3877ba2052,1fcef643-dc9d-48fc-8a2d-bf8a42c7baf4,1702040760327911111
1b86b05d-fc04-49c5-babf-7a3877ba2052,1fcef643-dc9d-48fc-8a2d-bf8a42c7baf4,1702040760369244444
1b86b05d-fc04-49c5-babf-7a3877ba2052,1fcef643-dc9d-48fc-8a2d-bf8a42c7baf4,1702040760402388888
1b86b05d-fc04-49c5-babf-7a3877ba2052,1fcef643-dc9d-48fc-8a2d-bf8a42c7baf4,1702040760434677777
1b86b05d-fc04-49c5-babf-7a3877ba2052,1fcef643-dc9d-48fc-8a2d-bf8a42c7baf4,1702040760470144444
1b86b05d-fc04-49c5-babf-7a3877ba2052,1fcef643-dc9d-48fc-8a2d-bf8a42c7baf4,1702040760500344444
1b86b05d-fc04-49c5-babf-7a3877ba2052,1fcef643-dc9d-48fc-8a2d-bf8a42c7baf4,1702040760530011111
1b86b05d-fc04-49c5-babf-7a3877ba2052,1fcef643-dc9d-48fc-8a2d-bf8a42c7baf4,1702040760571300000
1b86b05d-fc04-49c5-babf-7a3877ba2052,1fcef643-dc9d-48fc-8a2d-bf8a42c7baf4,1702040760603688888
1b86b05d-fc04-49c5-babf-7a3877ba2052,1fcef643-dc9d-48fc-8a2d-bf8a42c7baf4,1702040760634566666
1b86b05d-fc04-49c5-babf-7a3877ba2052,1fcef643-dc9d-48fc-8a2d-bf8a42c7baf4,1702040760675600000
1b86b05d-fc04-49c5-babf-7a3877ba2052,1fcef643-dc9d-48fc-8a2d-bf8a42c7baf4,1702040760700311111
1b86b05d-fc04-49c5-babf-7a3877ba2052,1fcef643-dc9d-48fc-8a2d-bf8a42c7baf4,1702040760738088888
1b86b05d-fc04-49c5-babf-7a3877ba2052,1fcef643-dc9d-48fc-8a2d-bf8a42c7baf4,1702040760762500000
1b86b05d-fc04-49c5-babf-7a3877ba2052,1fcef643-dc9d-48fc-8a2d-bf8a42c7baf4,1702040760795044444
1b86b05d-fc04-49c5-babf-7a3877ba2052,1fcef643-dc9d-48fc-8a2d-bf8a42c7baf4,1702040760840944444
1b86b05d-fc04-49c5-babf-7a3877ba2052,1fcef643-dc9d-48fc-8a2d-bf8a42c7baf4,1702040760863122222
1b86b05d-fc04-49c5-babf-7a3877ba2052,1fcef643-dc9d-48fc-8a2d-bf8a42c7baf4,1702040760894055555
1b86b05d-fc04-49c5-babf-7a3877ba2052,1fcef643-dc9d-48fc-8a2d-bf8a42c7baf4,1702040760931366666
1b86b05d-fc04-49c5-babf-7a3877ba2052,1fcef643-dc9d-48fc-8a2d-bf8a42c7baf4,1702040760973955555
1b86b05d-fc04-49c5-babf-7a3877ba2052,1fcef643-dc9d-48fc-8a2d-bf8a42c7baf4,1702040761000811111
1b86b05d-fc04-49c5-babf-7a3877ba2052,1fcef643-dc9d-48fc-8a2d-bf8a42c7baf4,1702040761025055555
1b86b05d-fc04-49c5-babf-7a3877ba2052,1fcef643-dc9d-48fc-8a2d-bf8a42c7baf4,1702040761061233333
1b86b05d-fc04-49c5-babf-7a3877ba2052,1fcef643-dc9d-48fc-8a2d-bf8a42c7baf4,1702040761096288888
1b86b05d-fc04-49c5-babf-7a3877ba2052,1fcef643-dc9d-48fc-8a2d-bf8a42c7baf4,1702040761126722222
1b86b05d-fc04-49c5-babf-7a3877ba2052,1fcef643-dc9d-48fc-8a2d-bf8a42c7baf4,1702040761163222222
1b86b05d-fc04-49c5-babf-7a3877ba2052,1fcef643-dc9d-48fc-8a2d-bf8a42c7baf4,1702040761194555555
1b86b05d-fc04-49c5-babf-7a3877ba2052,1fcef643-dc9d-48fc-8a2d-bf8a42c7baf4,1702040761225744444
1b86b05d-fc04-49c5-babf-7a3877ba2052,1fcef643-dc9d-48fc-8a2d-bf8a42c7baf4,1702040761262066666
1b86b05d-fc04-49c5-babf-7a3877ba2052,1fcef643-dc9d-48fc-8a2d-bf8a42c7baf4,1702040761294955555
1b86b05d-fc04-49c5-babf-7a3877ba2052,1fcef643-dc9d-48fc-8a2d-bf8a42c7baf4,1702040761326388888
1b86b05d-fc04-49c5-babf-7a3877ba2052,1fcef643-dc9d-48fc-8a2d-bf8a42c7baf4,1702040761363988888
1b86b05d-fc04-49c5-babf-7a3877ba2052,1fcef643-dc9d-48fc-8a2d-bf8a42c7baf4,1702040761394733333
1b86b05d-fc04-49c5-babf-7a3877ba2052,1fcef643-dc9d-48fc-8a2d-bf8a42c7baf4,1702040761425722222
1b86b05d-fc04-49c5-babf-7a3877ba2052,1fcef643-dc9d-48fc-8a2d-bf8a42c7baf4,1702040761464000000
1b86b05d-fc04-49c5-babf-7a3877ba2052,1fcef643-dc9d-48fc-8a2d-bf8a42c7baf4,1702040761495611111
1b86b05d-fc04-49c5-babf-7a3877ba2052,1fcef643-dc9d-48fc-8a2d-bf8a42c7baf4,1702040761528922222
1b86b05d-fc04-49c5-babf-7a3877ba2052,1fcef643-dc9d-48fc-8a2d-bf8a42c7baf4,1702040761561477777
1b86b05d-fc04-49c5-babf-7a3877ba2052,1fcef643-dc9d-48fc-8a2d-bf8a42c7baf4,1702040761595166666
1b86b05d-fc04-49c5-babf-7a3877ba2052,1fcef643-dc9d-48fc-8a2d-bf8a42c7baf4,1702040761629633333
