section id,recording id,timestamp [ns]
6184b5a5-91f4-4a7b-9b78-dd673e07b867,f10c436a-228b-465f-8c3a-c5be3213245e,1702286280759000000
6184b5a5-91f4-4a7b-9b78-dd673e07b867,f10c436a-228b-465f-8c3a-c5be3213245e,1702286280809000000
6184b5a5-91f4-4a7b-9b78-dd673e07b867,f10c436a-228b-465f-8c3a-c5be3213245e,1702286280859000000
6184b5a5-91f4-4a7b-9b78-dd673e07b867,f10c436a-228b-465f-8c3a-c5be3213245e,1702286280909000000
6184b5a5-91f4-4a7b-9b78-dd673e07b867,f10c436a-228b-465f-8c3a-c5be3213245e,1702286280959000000
6184b5a5-91f4-4a7b-9b78-dd673e07b867,f10c436a-228b-465f-8c3a-c5be3213245e,1702286281009000000
6184b5a5-91f4-4a7b-9b78-dd673e07b867,f10c436a-228b-465f-8c3a-c5be3213245e,1702286281059000000
6184b5a5-91f4-4a7b-9b78-dd673e07b867,f10c436a-228b-465f-8c3a-c5be3213245e,1702286281109000000
6184b5a5-91f4-4a7b-9b78-dd673e07b867,f10c436a-228b-465f-8c3a-c5be3213245e,1702286281159000000
6184b5a5-91f4-4a7b-9b78-dd673e07b867,f10c436a-228b-465f-8c3a-c5be3213245e,1702286281209000000
6184b5a5-91f4-4a7b-9b78-dd673e07b867,f10c436a-228b-465f-8c3a-c5be3213245e,1702286281259000000
6184b5a5-91f4-4a7b-9b78-dd673e07b867,f10c436a-228b-465f-8c3a-c5be3213245e,1702286281309000000
6184b5a5-91f4-4a7b-9b78-dd673e07b867,f10c436a-228b-465f-8c3a-c5be3213245e,1702286281359000000
6184b5a5-91f4-4a7b-9b78-dd673e07b867,f10c436a-228b-465f-8c3a-c5be3213245e,1702286281409000000
6184b5a5-91f4-4a7b-9b78-dd673e07b867,f10c436a-228b-465f-8c3a-c5be3213245e,1702286281459000000
6184b5a5-91f4-4a7b-9b78-dd673e07b867,f10c436a-228b-465f-8c3a-c5be3213245e,1702286281509000000
6184b5a5-91f4-4a7b-9b78-dd673e07b867,f10c436a-228b-465f-8c3a-c5be3213245e,1702286281559000000
6184b5a5-91f4-4a7b-9b78-dd673e07b867,f10c436a-228b-465f-8c3a-c5be3213245e,1702286281609000000
6184b5a5-91f4-4a7b-9b78-dd673e07b867,f10c436a-228b-465f-8c3a-c5be3213245e,1702286281659000000
6184b5a5-91f4-4a7b-9b78-dd673e07b867,f10c436a-228b-465f-8c3a-c5be3213245e,1702286281709000000
6184b5a5-91f4-4a7b-9b78-dd673e07b867,f10c436a-228b-465f-8c3a-c5be3213245e,1702286281759000000
6184b5a5-91f4-4a7b-9b78-dd673e07b867,f10c436a-228b-465f-8c3a-c5be3213245e,1702286281809000000
6184b5a5-91f4-4a7b-9b78-dd673e07b867,f10c436a-228b-465f-8c3a-c5be3213245e,1702286281859000000
6184b5a5-91f4-4a7b-9b78-dd673e07b867,f10c436a-228b-465f-8c3a-c5be3213245e,1702286281909000000
6184b5a5-91f4-4a7b-9b78-dd673e07b867,f10c436a-228b-465f-8c3a-c5be3213245e,1702286281959000000
6184b5a5-91f4-4a7b-9b78-dd673e07b867,f10c436a-228b-465f-8c3a-c5be3213245e,1702286282009000000
6184b5a5-91f4-4a7b-9b78-dd673e07b867,f10c436a-228b-465f-8c3a-c5be3213245e,1702286282059000000
6184b5a5-91f4-4a7b-9b78-dd673e07b867,f10c436a-228b-465f-8c3a-c5be3213245e,1702286282109000000
6184b5a5-91f4-4a7b-9b78-dd673e07b867,f10c436a-228b-465f-8c3a-c5be3213245e,1702286282159000000
6184b5a5-91f4-4a7b-9b78-dd673e07b867,f10c436a-228b-465f-8c3a-c5be3213245e,1702286282209000000
6184b5a5-91f4-4a7b-9b78-dd673e07b867,f10c436a-228b-465f-8c3a-c5be3213245e,1702286282259000000
6184b5a5-91f4-4a7b-9b78-dd673e07b867,f10c436a-228b-465f-8c3a-c5be3213245e,1702286282309000000
6184b5a5-91f4-4a7b-9b78-dd673e07b867,f10c436a-228b-465f-8c3a-c5be3213245e,1702286282359000000
6184b5a5-91f4-4a7b-9b78-dd673e07b867,f10c436a-228b-465f-8c3a-c5be3213245e,1702286282409000000
6184b5a5-91f4-4a7b-9b78-dd673e07b867,f10c436a-228b-465f-8c3a-c5be3213245e,1702286282459000000
6184b5a5-91f4-4a7b-9b78-dd673e07b867,f10c436a-228b-465f-8c3a-c5be3213245e,1702286282509000000
6184b5a5-91f4-4a7b-9b78-dd673e07b867,f10c436a-228b-465f-8c3a-c5be3213245e,1702286282559000000
6184b5a5-91f4-4a7b-9b78-dd673e07b867,f10c436a-228b-465f-8c3a-c5be3213245e,1702286282609000000
6184b5a5-91f4-4a7b-9b78-dd673e07b867,f10c436a-228b-465f-8c3a-c5be3213245e,1702286282659000000
6184b5a5-91f4-4a7b-9b78-dd673e07b867,f10c436a-228b-465f-8c3a-c5be3213245e,1702286282709000000
6184b5a5-91f4-4a7b-9b78-dd673e07b867,f10c436a-228b-465f-8c3a-c5be3213245e,1702286282759000000
6184b5a5-91f4-4a7b-9b78-dd673e07b867,f10c436a-228b-465f-8c3a-c5be3213245e,1702286282793566666
6184b5a5-91f4-4a7b-9b78-dd673e07b867,f10c436a-228b-465f-8c3a-c5be3213245e,1702286282825711111
6184b5a5-91f4-4a7b-9b78-dd673e07b867,f10c436a-228b-465f-8c3a-c5be3213245e,1702286282858433333
6184b5a5-91f4-4a7b-9b78-dd673e07b867,f10c436a-228b-465f-8c3a-c5be3213245e,1702286282888444444
6184b5a5-91f4-4a7b-9b78-dd673e07b867,f10c436a-228b-465f-8c3a-c5be3213245e,1702286282929655555
6184b5a5-91f4-4a7b-9b78-dd673e07b867,f10c436a-228b-465f-8c3a-c5be3213245e,1702286282956588888
6184b5a5-91f4-4a7b-9b78-dd673e07b867,f10c436a-228b-465f-8c3a-c5be3213245e,1702286282991777777
6184b5a5-91f4-4a7b-9b78-dd673e07b867,f10c436a-228b-465f-8c3a-c5be3213245e,1702286283031833333
6184b5a5-91f4-4a7b-9b78-dd673e07b867,f10c436a-228b-465f-8c3a-c5be3213245e,1702286283062400000
6184b5a5-91f4-4a7b-9b78-dd673e07b867,f10c436a-228b-465f-8c3a-c5be3213245e,1702286283094522222
6184b5a5-91f4-4a7b-9b78-dd673e07b867,f10c436a-228b-465f-8c3a-c5be3213245e,1702286283128177777
6184b5a5-91f4-4a7b-9b78-dd673e07b867,f10c436a-228b-465f-8c3a-c5be3213245e,1702286283162744444
6184b5a5-91f4-4a7b-9b78-dd673e07b867,f10c436a-228b-465f-8c3a-c5be3213245e,1702286283190733333
6184b5a5-91f4-4a7b-9b78-dd673e07b867,f10c436a-228b-465f-8c3a-c5be3213245e,1702286283228322222
6184b5a5-91f4-4a7b-9b78-dd673e07b867,f10c436a-228b-465f-8c3a-c5be3213245e,1702286283259400000
6184b5a5-91f4-4a7b-9b78-dd673e07b867,f10c436a-228b-465f-8c3a-c5be3213245e,1702286283292944444
6184b5a5-91f4-4a7b-9b78-dd673e07b867,f10c436a-228b-465f-8c3a-c5be3213245e,1702286283328022222
6184b5a5-91f4-4a7b-9b78-dd673e07b867,f10c436a-228b-465f-8c3a-c5be3213245e,1702286283360355555
6184b5a5-91f4-4a7b-9b78-dd673e07b867,f10c436a-228b-465f-8c3a-c5be3213245e,1702286283396055555
6184b5a5-91f4-4a7b-9b78-dd673e07b867,f10c436a-228b-465f-8c3a-c5be3213245e,1702286283431977777
6184b5a5-91f4-4a7b-9b78-dd673e07b867,f10c436a-228b-465f-8c3a-c5be3213245e,1702286283457200000
6184b5a5-91f4-4a7b-9b78-dd673e07b867,f10c436a-228b-465f-8c3a-c5be3213245e,1702286283490377777
6184b5a5-91f4-4a7b-9b78-dd673e07b867,f10c436a-228b-465f-8c3a-c5be3213245e,1702286283528166666
6184b5a5-91f4-4a7b-9b78-dd673e07b867,f10c436a-228b-465f-8c3a-c5be3213245e,1702286283562144444
6184b5a5-91f4-4a7b-9b78-dd673e07b867,f10c436a-228b-465f-8c3a-c5be3213245e,1702286283594122222
6184b5a5-91f4-4a7b-9b78-dd673e07b867,f10c436a-228b-465f-8c3a-c5be3213245e,1702286283632233333
6184b5a5-91f4-4a7b-9b78-dd673e07b867,f10c436a-228b-465f-8c3a-c5be3213245e,1702286283660388888
6184b5a5-91f4-4a7b-9b78-dd673e07b867,f10c436a-228b-465f-8c3a-c5be3213245e,1702286283693422222
6184b5a5-91f4-4a7b-9b78-dd673e07b867,f10c436a-228b-465f-8c3a-c5be3213245e,1702286283728677777
6184b5a5-91f4-4a7b-9b78-dd673e07b867,f10c436a-228b-465f-8c3a-c5be3213245e,1702286283762111111
6184b5a5-91f4-4a7b-9b78-dd673e07b867,f10c436a-228b-465f-8c3a-c5be3213245e,1702286283795133333
6184b5a5-91f4-4a7b-9b78-dd673e07b867,f10c436a-228b-465f-8c3a-c5be3213245e,1702286283832411111
6184b5a5-91f4-4a7b-9b78-dd673e07b867,f10c436a-228b-465f-8c3a-c5be3213245e,1702286283863155555
6184b5a5-91f4-4a7b-9b78-dd673e07b867,f10c436a-228b-465f-8c3a-c5be3213245e,1702286283896077777
6184b5a5-91f4-4a7b-9b78-dd673e07b867,f10c436a-228b-465f-8c3a-c5be3213245e,1702286283931333333
6184b5a5-91f4-4a7b-9b78-dd673e07b867,f10c436a-228b-465f-8c3a-c5be3213245e,1702286283960144444
6184b5a5-91f4-4a7b-9b78-dd673e07b867,f10c436a-228b-465f-8c3a-c5be3213245e,1702286283993666666
6184b5a5-91f4-4a7b-9b78-dd673e07b867,f10c436a-228b-465f-8c3a-c5be3213245e,1702286284028722222
6184b5a5-91f4-4a7b-9b78-dd673e07b867,f10c436a-228b-465f-8c3a-c5be3213245e,1702286284061977777
6184b5a5-91f4-4a7b-9b78-dd673e07b867,f10c436a-228b-465f-8c3a-c5be3213245e,1702286284092355555
6184b5a5-91f4-4a7b-9b78-dd673e07b867,f10c436a-228b-465f-8c3a-c5be3213245e,1702286284128255555
6184b5a5-91f4-4a7b-9b78-dd673e07b867,f10c436a-228b-465f-8c3a-c5be3213245e,1702286284163633333
6184b5a5-91f4-4a7b-9b78-dd673e07b867,f10c436a-228b-465f-8c3a-c5be3213245e,1702286284191733333
6184b5a5-91f4-4a7b-9b78-dd673e07b867,f10c436a-228b-465f-8c3a-c5be3213245e,1702286284238966666
6184b5a5-91f4-4a7b-9b78-dd673e07b867,f10c436a-228b-465f-8c3a-c5be3213245e,1702286284261100000
6184b5a5-91f4-4a7b-9b78-dd673e07b867,f10c436a-228b-465f-8c3a-c5be3213245e,1702286284296211111
6184b5a5-91f4-4a7b-9b78-dd673e07b867,f10c436a-228b-465f-8c3a-c5be3213245e,1702286284329711111
6184b5a5-91f4-4a7b-9b78-dd673e07b867,f10c436a-228b-465f-8c3a-c5be3213245e,1702286284361533333
6184b5a5-91f4-4a7b-9b78-dd673e07b867,f10c436a-228b-465f-8c3a-c5be3213245e,1702286284394022222
6184b5a5-91f4-4a7b-9b78-dd673e07b867,f10c436a-228b-465f-8c3a-c5be3213245e,1702286284432000000
6184b5a5-91f4-4a7b-9b78-dd673e07b867,f10c436a-228b-465f-8c3a-c5be3213245e,1702286284463133333
6184b5a5-91f4-4a7b-9b78-dd673e07b867,f10c436a-228b-465f-8c3a-c5be3213245e,1702286284494188888
6184b5a5-91f4-4a7b-9b78-dd673e07b867,f10c436a-228b-465f-8c3a-c5be3213245e,1702286284529911111
6184b5a5-91f4-4a7b-9b78-dd673e07b867,f10c436a-228b-465f-8c3a-c5be3213245e,1702286284561288888
6184b5a5-91f4-4a7b-9b78-dd673e07b867,f10c436a-228b-465f-8c3a-c5be3213245e,1702286284597811111
6184b5a5-91f4-4a7b-9b78-dd673e07b867,f10c436a-228b-465f-8c3a-c5be3213245e,1702286284629622222
6184b5a5-91f4-4a7b-9b78-dd673e07b867,f10c436a-228b-465f-8c3a-c5be3213245e,1702286284662855555
6184b5a5-91f4-4a7b-9b78-dd673e07b867,f10c436a-228b-465f-8c3a-c5be3213245e,1702286284694900000
6184b5a5-91f4-4a7b-9b78-dd673e07b867,f10c436a-228b-465f-8c3a-c5be3213245e,1702286284732755555
6184b5a5-91f4-4a7b-9b78-dd673e07b867,f10c436a-228b-465f-8c3a-c5be3213245e,1702286284764211111
6184b5a5-91f4-4a7b-9b78-dd673e07b867,f10c436a-228b-465f-8c3a-c5be3213245e,1702286284793266666
6184b5a5-91f4-4a7b-9b78-dd673e07b867,f10c436a-228b-465f-8c3a-c5be3213245e,1702286284830833333
6184b5a5-91f4-4a7b-9b78-dd673e07b867,f10c436a-228b-465f-8c3a-c5be3213245e,1702286284863255555
6184b5a5-91f4-4a7b-9b78-dd673e07b867,f10c436a-228b-465f-8c3a-c5be3213245e,1702286284896388888
6184b5a5-91f4-4a7b-9b78-dd673e07b867,f10c436a-228b-465f-8c3a-c5be3213245e,1702286284928077777
6184b5a5-91f4-4a7b-9b78-dd673e07b867,f10c436a-228b-465f-8c3a-c5be3213245e,1702286284966122222
6184b5a5-91f4-4a7b-9b78-dd673e07b867,f10c436a-228b-465f-8c3a-c5be3213245e,1702286284991800000
6184b5a5-91f4-4a7b-9b78-dd673e07b867,f10c436a-228b-465f-8c3a-c5be3213245e,1702286285029699999
6184b5a5-91f4-4a7b-9b78-dd673e07b867,f10c436a-228b-465f-8c3a-c5be3213245e,1702286285062122222
6184b5a5-91f4-4a7b-9b78-dd673e07b867,f10c436a-228b-465f-8c3a-c5be3213245e,1702286285096255555
6184b5a5-91f4-4a7b-9b78-dd673e07b867,f10c436a-228b-465f-8c3a-c5be3213245e,1702286285124588888
6184b5a5-91f4-4a7b-9b78-dd673e07b867,f10c436a-228b-465f-8c3a-c5be3213245e,1702286285163722222
6184b5a5-91f4-4a7b-9b78-dd673e07b867,f10c436a-228b-465f-8c3a-c5be3213245e,1702286285196300000
6184b5a5-91f4-4a7b-9b78-dd673e07b867,f10c436a-228b-465f-8c3a-c5be3213245e,1702286285227588888
6184b5a5-91f4-4a7b-9b78-dd673e07b867,f10c436a-228b-465f-8c3a-c5be3213245e,1702286285266422222
6184b5a5-91f4-4a7b-9b78-dd673e07b867,f10c436a-228b-465f-8c3a-c5be3213245e,1702286285294522222
6184b5a5-91f4-4a7b-9b78-dd673e07b867,f10c436a-228b-465f-8c3a-c5be3213245e,1702286285329033333
6184b5a5-91f4-4a7b-9b78-dd673e07b867,f10c436a-228b-465f-8c3a-c5be3213245e,1702286285365566666
6184b5a5-91f4-4a7b-9b78-dd673e07b867,f10c436a-228b-465f-8c3a-c5be3213245e,1702286285391700000
6184b5a5-91f4-4a7b-9b78-dd673e07b867,f10c436a-228b-465f-8c3a-c5be3213245e,1702286285424400000
6184b5a5-91f4-4a7b-9b78-dd673e07b867,f10c436a-228b-465f-8c3a-c5be3213245e,1702286285462600000
6184b5a5-91f4-4a7b-9b78-dd673e07b867,f10c436a-228b-465f-8c3a-c5be3213245e,1702286285493877777
6184b5a5-91f4-4a7b-9b78-dd673e07b867,f10c436a-228b-465f-8c3a-c5be3213245e,1702286285524122222
6184b5a5-91f4-4a7b-9b78-dd673e07b867,f10c436a-228b-465f-8c3a-c5be3213245e,1702286285558900000
6184b5a5-91f4-4a7b-9b78-dd673e07b867,f10c436a-228b-465f-8c3a-c5be3213245e,1702286285592066666
6184b5a5-91f4-4a7b-9b78-dd673e07b867,f10c436a-228b-465f-8c3a-c5be3213245e,1702286285624322222
6184b5a5-91f4-4a7b-9b78-dd673e07b867,f10c436a-228b-465f-8c3a-c5be3213245e,1702286285659377777
6184b5a5-91f4-4a7b-9b78-dd673e07b867,f10c436a-228b-465f-8c3a-c5be3213245e,1702286285694200000
6184b5a5-91f4-4a7b-9b78-dd673e07b867,f10c436a-228b-465f-8c3a-c5be3213245e,1702286285724400000
6184b5a5-91f4-4a7b-9b78-dd673e07b867,f10c436a-228b-465f-8c3a-c5be3213245e,1702286285760222222
6184b5a5-91f4-4a7b-9b78-dd673e07b867,f10c436a-228b-465f-8c3a-c5be3213245e,1702286285793955555
6184b5a5-91f4-4a7b-9b78-dd673e07b867,f10c436a-228b-465f-8c3a-c5be3213245e,1702286285825977777
6184b5a5-91f4-4a7b-9b78-dd673e07b867,f10c436a-228b-465f-8c3a-c5be3213245e,1702286285862077777
6184b5a5-91f4-4a7b-9b78-dd673e07b867,f10c436a-228b-465f-8c3a-c5be3213245e,1702286285892322222
6184b5a5-91f4-4a7b-9b78-dd673e07b867,f10c436a-228b-465f-8c3a-c5be3213245e,1702286285930788888
6184b5a5-91f4-4a7b-9b78-dd673e07b867,f10c436a-228b-465f-8c3a-c5be3213245e,1702286285964200000
6184b5a5-91f4-4a7b-9b78-dd673e07b867,f10c436a-228b-465f-8c3a-c5be3213245e,1702286285998855555
6184b5a5-91f4-4a7b-9b78-dd673e07b867,f10c436a-228b-465f-8c3a-c5be3213245e,1702286286031555555
6184b5a5-91f4-4a7b-9b78-dd673e07b867,f10c436a-228b-465f-8c3a-c5be3213245e,1702286286064366666
6184b5a5-91f4-4a7b-9b78-dd673e07b867,f10c436a-228b-465f-8c3a-c5be3213245e,1702286286099688888
6184b5a5-91f4-4a7b-9b78-dd673e07b867,f10c436a-228b-465f-8c3a-c5be3213245e,1702286286130666666
6184b5a5-91f4-4a7b-9b78-dd673e07b867,f10c436a-228b-465f-8c3a-c5be3213245e,1702286286165111111
6184b5a5-91f4-4a7b-9b78-dd673e07b867,f10c436a-228b-465f-8c3a-c5be3213245e,1702286286197155555
6184b5a5-91f4-4a7b-9b78-dd673e07b867,f10c436a-228b-465f-8c3a-c5be3213245e,1702286286224844444
6184b5a5-91f4-4a7b-9b78-dd673e07b867,f10c436a-228b-465f-8c3a-c5be3213245e,1702286286258288888
6184b5a5-91f4-4a7b-9b78-dd673e07b867,f10c436a-228b-465f-8c3a-c5be3213245e,1702286286290533333
6184b5a5-91f4-4a7b-9b78-dd673e07b867,f10c436a-228b-465f-8c3a-c5be3213245e,1702286286320655555
6184b5a5-91f4-4a7b-9b78-dd673e07b867,f10c436a-228b-465f-8c3a-c5be3213245e,1702286286357688888
6184b5a5-91f4-4a7b-9b78-dd673e07b867,f10c436a-228b-465f-8c3a-c5be3213245e,1702286286388977777
6184b5a5-91f4-4a7b-9b78-dd673e07b867,f10c436a-228b-465f-8c3a-c5be3213245e,1702286286421688888
6184b5a5-91f4-4a7b-9b78-dd673e07b867,f10c436a-228b-465f-8c3a-c5be3213245e,1702286286456500000
6184b5a5-91f4-4a7b-9b78-dd673e07b867,f10c436a-228b-465f-8c3a-c5be3213245e,1702286286489366666
6184b5a5-91f4-4a7b-9b78-dd673e07b867,f10c436a-228b-465f-8c3a-c5be3213245e,1702286286533444444
6184b5a5-91f4-4a7b-9b78-dd673e07b867,f10c436a-228b-465f-8c3a-c5be3213245e,1702286286558322222
6184b5a5-91f4-4a7b-9b78-dd673e07b867,f10c436a-228b-465f-8c3a-c5be3213245e,1702286286588500000
6184b5a5-91f4-4a7b-9b78-dd673e07b867,f10c436a-228b-465f-8c3a-c5be3213245e,1702286286623188888
6184b5a5-91f4-4a7b-9b78-dd673e07b867,f10c436a-228b-465f-8c3a-c5be3213245e,1702286286657277777
6184b5a5-91f4-4a7b-9b78-dd673e07b867,f10c436a-228b-465f-8c3a-c5be3213245e,1702286286689122222
6184b5a5-91f4-4a7b-9b78-dd673e07b867,f10c436a-228b-465f-8c3a-c5be3213245e,1702286286727477777
6184b5a5-91f4-4a7b-9b78-dd673e07b867,f10c436a-228b-465f-8c3a-c5be3213245e,1702286286757077777
6184b5a5-91f4-4a7b-9b78-dd673e07b867,f10c436a-228b-465f-8c3a-c5be3213245e,1702286286789100000
6184b5a5-91f4-4a7b-9b78-dd673e07b867,f10c436a-228b-465f-8c3a-c5be3213245e,1702286286821677777
6184b5a5-91f4-4a7b-9b78-dd673e07b867,f10c436a-228b-465f-8c3a-c5be3213245e,1702286286856788888
6184b5a5-91f4-4a7b-9b78-dd673e07b867,f10c436a-228b-465f-8c3a-c5be3213245e,1702286286890055555
6184b5a5-91f4-4a7b-9b78-dd673e07b867,f10c436a-228b-465f-8c3a-c5be3213245e,1702286286920866666
6184b5a5-91f4-4a7b-9b78-dd673e07b867,f10c436a-228b-465f-8c3a-c5be3213245e,1702286286957133333
6184b5a5-91f4-4a7b-9b78-dd673e07b867,f10c436a-228b-465f-8c3a-c5be3213245e,1702286286989044444
6184b5a5-91f4-4a7b-9b78-dd673e07b867,f10c436a-228b-465f-8c3a-c5be3213245e,1702286287020622222
6184b5a5-91f4-4a7b-9b78-dd673e07b867,f10c436a-228b-465f-8c3a-c5be3213245e,1702286287056777777
6184b5a5-91f4-4a7b-9b78-dd673e07b867,f10c436a-228b-465f-8c3a-c5be3213245e,1702286287089166666
6184b5a5-91f4-4a7b-9b78-dd673e07b867,f10c436a-228b-465f-8c3a-c5be3213245e,1702286287121100000
6184b5a5-91f4-4a7b-9b78-dd673e07b867,f10c436a-228b-465f-8c3a-c5be3213245e,1702286287157622222
6184b5a5-91f4-4a7b-9b78-dd673e07b867,f10c436a-228b-465f-8c3a-c5be3213245e,1702286287189288888
6184b5a5-91f4-4a7b-9b78-dd673e07b867,f10c436a-228b-465f-8c3a-c5be3213245e,1702286287220822222
6184b5a5-91f4-4a7b-9b78-dd673e07b867,f10c436a-228b-465f-8c3a-c5be3213245e,1702286287258400000
6184b5a5-91f4-4a7b-9b78-dd673e07b867,f10c436a-228b-465f-8c3a-c5be3213245e,1702286287288866666
6184b5a5-91f4-4a7b-9b78-dd673e07b867,f10c436a-228b-465f-8c3a-c5be3213245e,1702286287320944444
6184b5a5-91f4-4a7b-9b78-dd673e07b867,f10c436a-228b-465f-8c3a-c5be3213245e,1702286287358944444
6184b5a5-91f4-4a7b-9b78-dd673e07b867,f10c436a-228b-465f-8c3a-c5be3213245e,1702286287390644444
6184b5a5-91f4-4a7b-9b78-dd673e07b867,f10c436a-228b-465f-8c3a-c5be3213245e,1702286287421211111
6184b5a5-91f4-4a7b-9b78-dd673e07b867,f10c436a-228b-465f-8c3a-c5be3213245e,1702286287458422222
6184b5a5-91f4-4a7b-9b78-dd673e07b867,f10c436a-228b-465f-8c3a-c5be3213245e,1702286287490833333
6184b5a5-91f4-4a7b-9b78-dd673e07b867,f10c436a-228b-465f-8c3a-c5be3213245e,1702286287520922222
6184b5a5-91f4-4a7b-9b78-dd673e07b867,f10c436a-228b-465f-8c3a-c5be3213245e,1702286287557422222
6184b5a5-91f4-4a7b-9b78-dd673e07b867,f10c436a-228b-465f-8c3a-c5be3213245e,1702286287589333333
6184b5a5-91f4-4a7b-9b78-dd673e07b867,f10c436a-228b-465f-8c3a-c5be3213245e,1702286287623255555
6184b5a5-91f4-4a7b-9b78-dd673e07b867,f10c436a-228b-465f-8c3a-c5be3213245e,1702286287656766666
6184b5a5-91f4-4a7b-9b78-dd673e07b867,f10c436a-228b-465f-8c3a-c5be3213245e,1702286287692844444
6184b5a5-91f4-4a7b-9b78-dd673e07b867,f10c436a-228b-465f-8c3a-c5be3213245e,1702286287727622222
6184b5a5-91f4-4a7b-9b78-dd673e07b867,f10c436a-228b-465f-8c3a-c5be3213245e,1702286287768822222
6184b5a5-91f4-4a7b-9b78-dd673e07b867,f10c436a-228b-465f-8c3a-c5be3213245e,1702286287789311111
6184b5a5-91f4-4a7b-9b78-dd673e07b867,f10c436a-228b-465f-8c3a-c5be3213245e,1702286287822433333
6184b5a5-91f4-4a7b-9b78-dd673e07b867,f10c436a-228b-465f-8c3a-c5be3213245e,1702286287860044444
6184b5a5-91f4-4a7b-9b78-dd673e07b867,f10c436a-228b-465f-8c3a-c5be3213245e,1702286287896888888
6184b5a5-91f4-4a7b-9b78-dd673e07b867,f10c436a-228b-465f-8c3a-c5be3213245e,1702286287929633333
6184b5a5-91f4-4a7b-9b78-dd673e07b867,f10c436a-228b-465f-8c3a-c5be3213245e,1702286287958677777
6184b5a5-91f4-4a7b-9b78-dd673e07b867,f10c436a-228b-465f-8c3a-c5be3213245e,1702286287992455555
6184b5a5-91f4-4a7b-9b78-dd673e07b867,f10c436a-228b-465f-8c3a-c5be3213245e,1702286288027233333
6184b5a5-91f4-4a7b-9b78-dd673e07b867,f10c436a-228b-465f-8c3a-c5be3213245e,1702286288060544444
6184b5a5-91f4-4a7b-9b78-dd673e07b867,f10c436a-228b-465f-8c3a-c5be3213245e,1702286288094900000
6184b5a5-91f4-4a7b-9b78-dd673e07b867,f10c436a-228b-465f-8c3a-c5be3213245e,1702286288126577777
6184b5a5-91f4-4a7b-9b78-dd673e07b867,f10c436a-228b-465f-8c3a-c5be3213245e,1702286288160033333
6184b5a5-91f4-4a7b-9b78-dd673e07b867,f10c436a-228b-465f-8c3a-c5be3213245e,1702286288189211111
6184b5a5-91f4-4a7b-9b78-dd673e07b867,f10c436a-228b-465f-8c3a-c5be3213245e,1702286288221088888
6184b5a5-91f4-4a7b-9b78-dd673e07b867,f10c436a-228b-465f-8c3a-c5be3213245e,1702286288258766666
6184b5a5-91f4-4a7b-9b78-dd673e07b867,f10c436a-228b-465f-8c3a-c5be3213245e,1702286288299633333
6184b5a5-91f4-4a7b-9b78-dd673e07b867,f10c436a-228b-465f-8c3a-c5be3213245e,1702286288325488888
6184b5a5-91f4-4a7b-9b78-dd673e07b867,f10c436a-228b-465f-8c3a-c5be3213245e,1702286288355311111
6184b5a5-91f4-4a7b-9b78-dd673e07b867,f10c436a-228b-465f-8c3a-c5be3213245e,1702286288390677777
6184b5a5-91f4-4a7b-9b78-dd673e07b867,f10c436a-228b-465f-8c3a-c5be3213245e,1702286288423300000
6184b5a5-91f4-4a7b-9b78-dd673e07b867,f10c436a-228b-465f-8c3a-c5be3213245e,1702286288461366666
6184b5a5-91f4-4a7b-9b78-dd673e07b867,f10c436a-228b-465f-8c3a-c5be3213245e,1702286288496466666
6184b5a5-91f4-4a7b-9b78-dd673e07b867,f10c436a-228b-465f-8c3a-c5be3213245e,1702286288531944444
6184b5a5-91f4-4a7b-9b78-dd673e07b867,f10c436a-228b-465f-8c3a-c5be3213245e,1702286288560155555
6184b5a5-91f4-4a7b-9b78-dd673e07b867,f10c436a-228b-465f-8c3a-c5be3213245e,1702286288602300000
6184b5a5-91f4-4a7b-9b78-dd673e07b867,f10c436a-228b-465f-8c3a-c5be3213245e,1702286288623766666
6184b5a5-91f4-4a7b-9b78-dd673e07b867,f10c436a-228b-465f-8c3a-c5be3213245e,1702286288665300000
6184b5a5-91f4-4a7b-9b78-dd673e07b867,f10c436a-228b-465f-8c3a-c5be3213245e,1702286288695733333
6184b5a5-91f4-4a7b-9b78-dd673e07b867,f10c436a-228b-465f-8c3a-c5be3213245e,1702286288725388888
6184b5a5-91f4-4a7b-9b78-dd673e07b867,f10c436a-228b-465f-8c3a-c5be3213245e,1702286288754088888
6184b5a5-91f4-4a7b-9b78-dd673e07b867,f10c436a-228b-465f-8c3a-c5be3213245e,1702286288792566666
6184b5a5-91f4-4a7b-9b78-dd673e07b867,f10c436a-228b-465f-8c3a-c5be3213245e,1702286288827188888
6184b5a5-91f4-4a7b-9b78-dd673e07b867,f10c436a-228b-465f-8c3a-c5be3213245e,1702286288860355555
6184b5a5-91f4-4a7b-9b78-dd673e07b867,f10c436a-228b-465f-8c3a-c5be3213245e,1702286288894066666
6184b5a5-91f4-4a7b-9b78-dd673e07b867,f10c436a-228b-465f-8c3a-c5be3213245e,1702286288925022222
6184b5a5-91f4-4a7b-9b78-dd673e07b867,f10c436a-228b-465f-8c3a-c5be3213245e,1702286288953311111
6184b5a5-91f4-4a7b-9b78-dd673e07b867,f10c436a-228b-465f-8c3a-c5be3213245e,1702286288990188888
6184b5a5-91f4-4a7b-9b78-dd673e07b867,f10c436a-228b-465f-8c3a-c5be3213245e,1702286289025944444
6184b5a5-91f4-4a7b-9b78-dd673e07b867,f10c436a-228b-465f-8c3a-c5be3213245e,1702286289063966666
6184b5a5-91f4-4a7b-9b78-dd673e07b867,f10c436a-228b-465f-8c3a-c5be3213245e,1702286289093833333
6184b5a5-91f4-4a7b-9b78-dd673e07b867,f10c436a-228b-465f-8c3a-c5be3213245e,1702286289132244444
6184b5a5-91f4-4a7b-9b78-dd673e07b867,f10c436a-228b-465f-8c3a-c5be3213245e,1702286289157566666
6184b5a5-91f4-4a7b-9b78-dd673e07b867,f10c436a-228b-465f-8c3a-c5be3213245e,1702286289201577777
6184b5a5-91f4-4a7b-9b78-dd673e07b867,f10c436a-228b-465f-8c3a-c5be3213245e,1702286289228700000
6184b5a5-91f4-4a7b-9b78-dd673e07b867,f10c436a-228b-465f-8c3a-c5be3213245e,1702286289262666666
6184b5a5-91f4-4a7b-9b78-dd673e07b867,f10c436a-228b-465f-8c3a-c5be3213245e,1702286289296088888
6184b5a5-91f4-4a7b-9b78-dd673e07b867,f10c436a-228b-465f-8c3a-c5be3213245e,1702286289324733333
6184b5a5-91f4-4a7b-9b78-dd673e07b867,f10c436a-228b-465f-8c3a-c5be3213245e,1702286289353122222
6184b5a5-91f4-4a7b-9b78-dd673e07b867,f10c436a-228b-465f-8c3a-c5be3213245e,1702286289389133333
6184b5a5-91f4-4a7b-9b78-dd673e07b867,f10c436a-228b-465f-8c3a-c5be3213245e,1702286289429933333
6184b5a5-91f4-4a7b-9b78-dd673e07b867,f10c436a-228b-465f-8c3a-c5be3213245e,1702286289461133333
6184b5a5-91f4-4a7b-9b78-dd673e07b867,f10c436a-228b-465f-8c3a-c5be3213245e,1702286289496088888
6184b5a5-91f4-4a7b-9b78-dd673e07b867,f10c436a-228b-465f-8c3a-c5be3213245e,1702286289522300000
6184b5a5-91f4-4a7b-9b78-dd673e07b867,f10c436a-228b-465f-8c3a-c5be3213245e,1702286289554388888
6184b5a5-91f4-4a7b-9b78-dd673e07b867,f10c436a-228b-465f-8c3a-c5be3213245e,1702286289599044444
6184b5a5-91f4-4a7b-9b78-dd673e07b867,f10c436a-228b-465f-8c3a-c5be3213245e,1702286289627388888
6184b5a5-91f4-4a7b-9b78-dd673e07b867,f10c436a-228b-465f-8c3a-c5be3213245e,1702286289660111111
6184b5a5-91f4-4a7b-9b78-dd673e07b867,f10c436a-228b-465f-8c3a-c5be3213245e,1702286289695344444
6184b5a5-91f4-4a7b-9b78-dd673e07b867,f10c436a-228b-465f-8c3a-c5be3213245e,1702286289730855555
6184b5a5-91f4-4a7b-9b78-dd673e07b867,f10c436a-228b-465f-8c3a-c5be3213245e,1702286289762066666
6184b5a5-91f4-4a7b-9b78-dd673e07b867,f10c436a-228b-465f-8c3a-c5be3213245e,1702286289796777777
6184b5a5-91f4-4a7b-9b78-dd673e07b867,f10c436a-228b-465f-8c3a-c5be3213245e,1702286289833077777
6184b5a5-91f4-4a7b-9b78-dd673e07b867,f10c436a-228b-465f-8c3a-c5be3213245e,1702286289856011111
6184b5a5-91f4-4a7b-9b78-dd673e07b867,f10c436a-228b-465f-8c3a-c5be3213245e,1702286289897266666
6184b5a5-91f4-4a7b-9b78-dd673e07b867,f10c436a-228b-465f-8c3a-c5be3213245e,1702286289920744444
6184b5a5-91f4-4a7b-9b78-dd673e07b867,f10c436a-228b-465f-8c3a-c5be3213245e,1702286289952888888
6184b5a5-91f4-4a7b-9b78-dd673e07b867,f10c436a-228b-465f-8c3a-c5be3213245e,1702286289998566666
6184b5a5-91f4-4a7b-9b78-dd673e07b867,f10c436a-228b-465f-8c3a-c5be3213245e,1702286290029222222
6184b5a5-91f4-4a7b-9b78-dd673e07b867,f10c436a-228b-465f-8c3a-c5be3213245e,1702286290062011111
6184b5a5-91f4-4a7b-9b78-dd673e07b867,f10c436a-228b-465f-8c3a-c5be3213245e,1702286290089411111
6184b5a5-91f4-4a7b-9b78-dd673e07b867,f10c436a-228b-465f-8c3a-c5be3213245e,1702286290121422222
6184b5a5-91f4-4a7b-9b78-dd673e07b867,f10c436a-228b-465f-8c3a-c5be3213245e,1702286290157722222
6184b5a5-91f4-4a7b-9b78-dd673e07b867,f10c436a-228b-465f-8c3a-c5be3213245e,1702286290197833333
6184b5a5-91f4-4a7b-9b78-dd673e07b867,f10c436a-228b-465f-8c3a-c5be3213245e,1702286290228588888
6184b5a5-91f4-4a7b-9b78-dd673e07b867,f10c436a-228b-465f-8c3a-c5be3213245e,1702286290260433333
6184b5a5-91f4-4a7b-9b78-dd673e07b867,f10c436a-228b-465f-8c3a-c5be3213245e,1702286290292944444
6184b5a5-91f4-4a7b-9b78-dd673e07b867,f10c436a-228b-465f-8c3a-c5be3213245e,1702286290325488888
6184b5a5-91f4-4a7b-9b78-dd673e07b867,f10c436a-228b-465f-8c3a-c5be3213245e,1702286290355811111
6184b5a5-91f4-4a7b-9b78-dd673e07b867,f10c436a-228b-465f-8c3a-c5be3213245e,1702286290399900000
6184b5a5-91f4-4a7b-9b78-dd673e07b867,f10c436a-228b-465f-8c3a-c5be3213245e,1702286290425088888
6184b5a5-91f4-4a7b-9b78-dd673e07b867,f10c436a-228b-465f-8c3a-c5be3213245e,1702286290460900000
6184b5a5-91f4-4a7b-9b78-dd673e07b867,f10c436a-228b-465f-8c3a-c5be3213245e,1702286290489188888
6184b5a5-91f4-4a7b-9b78-dd673e07b867,f10c436a-228b-465f-8c3a-c5be3213245e,1702286290520688888
6184b5a5-91f4-4a7b-9b78-dd673e07b867,f10c436a-228b-465f-8c3a-c5be3213245e,1702286290552877777
6184b5a5-91f4-4a7b-9b78-dd673e07b867,f10c436a-228b-465f-8c3a-c5be3213245e,1702286290599777777
6184b5a5-91f4-4a7b-9b78-dd673e07b867,f10c436a-228b-465f-8c3a-c5be3213245e,1702286290624111111
6184b5a5-91f4-4a7b-9b78-dd673e07b867,f10c436a-228b-465f-8c3a-c5be3213245e,1702286290654388888
6184b5a5-91f4-4a7b-9b78-dd673e07b867,f10c436a-228b-465f-8c3a-c5be3213245e,1702286290689088888
6184b5a5-91f4-4a7b-9b78-dd673e07b867,f10c436a-228b-465f-8c3a-c5be3213245e,1702286290720944444
6184b5a5-91f4-4a7b-9b78-dd673e07b867,f10c436a-228b-465f-8c3a-c5be3213245e,1702286290759344444
6184b5a5-91f4-4a7b-9b78-dd673e07b867,f10c436a-228b-465f-8c3a-c5be3213245e,1702286290796133333
6184b5a5-91f4-4a7b-9b78-dd673e07b867,f10c436a-228b-465f-8c3a-c5be3213245e,1702286290830333333
6184b5a5-91f4-4a7b-9b78-dd673e07b867,f10c436a-228b-465f-8c3a-c5be3213245e,1702286290861988888
6184b5a5-91f4-4a7b-9b78-dd673e07b867,f10c436a-228b-465f-8c3a-c5be3213245e,1702286290893755555
6184b5a5-91f4-4a7b-9b78-dd673e07b867,f10c436a-228b-465f-8c3a-c5be3213245e,1702286290928466666
6184b5a5-91f4-4a7b-9b78-dd673e07b867,f10c436a-228b-465f-8c3a-c5be3213245e,1702286290963466666
6184b5a5-91f4-4a7b-9b78-dd673e07b867,f10c436a-228b-465f-8c3a-c5be3213245e,1702286290997033333
6184b5a5-91f4-4a7b-9b78-dd673e07b867,f10c436a-228b-465f-8c3a-c5be3213245e,1702286291031522222
6184b5a5-91f4-4a7b-9b78-dd673e07b867,f10c436a-228b-465f-8c3a-c5be3213245e,1702286291053544444
6184b5a5-91f4-4a7b-9b78-dd673e07b867,f10c436a-228b-465f-8c3a-c5be3213245e,1702286291089077777
6184b5a5-91f4-4a7b-9b78-dd673e07b867,f10c436a-228b-465f-8c3a-c5be3213245e,1702286291120511111
6184b5a5-91f4-4a7b-9b78-dd673e07b867,f10c436a-228b-465f-8c3a-c5be3213245e,1702286291159377777
6184b5a5-91f4-4a7b-9b78-dd673e07b867,f10c436a-228b-465f-8c3a-c5be3213245e,1702286291190588888
6184b5a5-91f4-4a7b-9b78-dd673e07b867,f10c436a-228b-465f-8c3a-c5be3213245e,1702286291224988888
6184b5a5-91f4-4a7b-9b78-dd673e07b867,f10c436a-228b-465f-8c3a-c5be3213245e,1702286291252666666
6184b5a5-91f4-4a7b-9b78-dd673e07b867,f10c436a-228b-465f-8c3a-c5be3213245e,1702286291285044444
6184b5a5-91f4-4a7b-9b78-dd673e07b867,f10c436a-228b-465f-8c3a-c5be3213245e,1702286291323300000
6184b5a5-91f4-4a7b-9b78-dd673e07b867,f10c436a-228b-465f-8c3a-c5be3213245e,1702286291356733333
6184b5a5-91f4-4a7b-9b78-dd673e07b867,f10c436a-228b-465f-8c3a-c5be3213245e,1702286291393100000
6184b5a5-91f4-4a7b-9b78-dd673e07b867,f10c436a-228b-465f-8c3a-c5be3213245e,1702286291428966666
6184b5a5-91f4-4a7b-9b78-dd673e07b867,f10c436a-228b-465f-8c3a-c5be3213245e,1702286291458477777
6184b5a5-91f4-4a7b-9b78-dd673e07b867,f10c436a-228b-465f-8c3a-c5be3213245e,1702286291487866666
6184b5a5-91f4-4a7b-9b78-dd673e07b867,f10c436a-228b-465f-8c3a-c5be3213245e,1702286291532155555
6184b5a5-91f4-4a7b-9b78-dd673e07b867,f10c436a-228b-465f-8c3a-c5be3213245e,1702286291558922222
6184b5a5-91f4-4a7b-9b78-dd673e07b867,f10c436a-228b-465f-8c3a-c5be3213245e,1702286291593722222
6184b5a5-91f4-4a7b-9b78-dd673e07b867,f10c436a-228b-465f-8c3a-c5be3213245e,1702286291626122222
6184b5a5-91f4-4a7b-9b78-dd673e07b867,f10c436a-228b-465f-8c3a-c5be3213245e,1702286291653111111
6184b5a5-91f4-4a7b-9b78-dd673e07b867,f10c436a-228b-465f-8c3a-c5be3213245e,1702286291684833333
6184b5a5-91f4-4a7b-9b78-dd673e07b867,f10c436a-228b-465f-8c3a-c5be3213245e,1702286291726344444
6184b5a5-91f4-4a7b-9b78-dd673e07b867,f10c436a-228b-465f-8c3a-c5be3213245e,1702286291758022222
6184b5a5-91f4-4a7b-9b78-dd673e07b867,f10c436a-228b-465f-8c3a-c5be3213245e,1702286291797177777
6184b5a5-91f4-4a7b-9b78-dd673e07b867,f10c436a-228b-465f-8c3a-c5be3213245e,1702286291821977777
6184b5a5-91f4-4a7b-9b78-dd673e07b867,f10c436a-228b-465f-8c3a-c5be3213245e,1702286291852888888
6184b5a5-91f4-4a7b-9b78-dd673e07b867,f10c436a-228b-465f-8c3a-c5be3213245e,1702286291887588888
6184b5a5-91f4-4a7b-9b78-dd673e07b867,f10c436a-228b-465f-8c3a-c5be3213245e,1702286291929577777
6184b5a5-91f4-4a7b-9b78-dd673e07b867,f10c436a-228b-465f-8c3a-c5be3213245e,1702286291959000000
6184b5a5-91f4-4a7b-9b78-dd673e07b867,f10c436a-228b-465f-8c3a-c5be3213245e,1702286291989455555
6184b5a5-91f4-4a7b-9b78-dd673e07b867,f10c436a-228b-465f-8c3a-c5be3213245e,1702286292032055555
6184b5a5-91f4-4a7b-9b78-dd673e07b867,f10c436a-228b-465f-8c3a-c5be3213245e,1702286292060833333
6184b5a5-91f4-4a7b-9b78-dd673e07b867,f10c436a-228b-465f-8c3a-c5be3213245e,1702286292091755555
6184b5a5-91f4-4a7b-9b78-dd673e07b867,f10c436a-228b-465f-8c3a-c5be3213245e,1702286292129388888
6184b5a5-91f4-4a7b-9b78-dd673e07b867,f10c436a-228b-465f-8c3a-c5be3213245e,1702286292162911111
6184b5a5-91f4-4a7b-9b78-dd673e07b867,f10c436a-228b-465f-8c3a-c5be3213245e,1702286292185422222
6184b5a5-91f4-4a7b-9b78-dd673e07b867,f10c436a-228b-465f-8c3a-c5be3213245e,1702286292220955555
6184b5a5-91f4-4a7b-9b78-dd673e07b867,f10c436a-228b-465f-8c3a-c5be3213245e,1702286292252611111
6184b5a5-91f4-4a7b-9b78-dd673e07b867,f10c436a-228b-465f-8c3a-c5be3213245e,1702286292290633333
6184b5a5-91f4-4a7b-9b78-dd673e07b867,f10c436a-228b-465f-8c3a-c5be3213245e,1702286292329800000
6184b5a5-91f4-4a7b-9b78-dd673e07b867,f10c436a-228b-465f-8c3a-c5be3213245e,1702286292364622222
6184b5a5-91f4-4a7b-9b78-dd673e07b867,f10c436a-228b-465f-8c3a-c5be3213245e,1702286292385811111
6184b5a5-91f4-4a7b-9b78-dd673e07b867,f10c436a-228b-465f-8c3a-c5be3213245e,1702286292423500000
6184b5a5-91f4-4a7b-9b78-dd673e07b867,f10c436a-228b-465f-8c3a-c5be3213245e,1702286292455722222
6184b5a5-91f4-4a7b-9b78-dd673e07b867,f10c436a-228b-465f-8c3a-c5be3213245e,1702286292490433333
6184b5a5-91f4-4a7b-9b78-dd673e07b867,f10c436a-228b-465f-8c3a-c5be3213245e,1702286292527811111
6184b5a5-91f4-4a7b-9b78-dd673e07b867,f10c436a-228b-465f-8c3a-c5be3213245e,1702286292561411111
6184b5a5-91f4-4a7b-9b78-dd673e07b867,f10c436a-228b-465f-8c3a-c5be3213245e,1702286292592166666
6184b5a5-91f4-4a7b-9b78-dd673e07b867,f10c436a-228b-465f-8c3a-c5be3213245e,1702286292628611111
6184b5a5-91f4-4a7b-9b78-dd673e07b867,f10c436a-228b-465f-8c3a-c5be3213245e,1702286292660433333
6184b5a5-91f4-4a7b-9b78-dd673e07b867,f10c436a-228b-465f-8c3a-c5be3213245e,1702286292694977777
6184b5a5-91f4-4a7b-9b78-dd673e07b867,f10c436a-228b-465f-8c3a-c5be3213245e,1702286292727488888
6184b5a5-91f4-4a7b-9b78-dd673e07b867,f10c436a-228b-465f-8c3a-c5be3213245e,1702286292756688888
6184b5a5-91f4-4a7b-9b78-dd673e07b867,f10c436a-228b-465f-8c3a-c5be3213245e,1702286292787422222
6184b5a5-91f4-4a7b-9b78-dd673e07b867,f10c436a-228b-465f-8c3a-c5be3213245e,1702286292821733333
6184b5a5-91f4-4a7b-9b78-dd673e07b867,f10c436a-228b-465f-8c3a-c5be3213245e,1702286292860166666
6184b5a5-91f4-4a7b-9b78-dd673e07b867,f10c436a-228b-465f-8c3a-c5be3213245e,1702286292891300000
6184b5a5-91f4-4a7b-9b78-dd673e07b867,f10c436a-228b-465f-8c3a-c5be3213245e,1702286292931533333
6184b5a5-91f4-4a7b-9b78-dd673e07b867,f10c436a-228b-465f-8c3a-c5be3213245e,1702286292955677777
6184b5a5-91f4-4a7b-9b78-dd673e07b867,f10c436a-228b-465f-8c3a-c5be3213245e,1702286292986166666
6184b5a5-91f4-4a7b-9b78-dd673e07b867,f10c436a-228b-465f-8c3a-c5be3213245e,1702286293020733333
6184b5a5-91f4-4a7b-9b78-dd673e07b867,f10c436a-228b-465f-8c3a-c5be3213245e,1702286293060222222
6184b5a5-91f4-4a7b-9b78-dd673e07b867,f10c436a-228b-465f-8c3a-c5be3213245e,1702286293093088888
6184b5a5-91f4-4a7b-9b78-dd673e07b867,f10c436a-228b-465f-8c3a-c5be3213245e,1702286293130866666
6184b5a5-91f4-4a7b-9b78-dd673e07b867,f10c436a-228b-465f-8c3a-c5be3213245e,1702286293159977777
6184b5a5-91f4-4a7b-9b78-dd673e07b867,f10c436a-228b-465f-8c3a-c5be3213245e,1702286293192500000
6184b5a5-91f4-4a7b-9b78-dd673e07b867,f10c436a-228b-465f-8c3a-c5be3213245e,1702286293226344444
6184b5a5-91f4-4a7b-9b78-dd673e07b867,f10c436a-228b-465f-8c3a-c5be3213245e,1702286293260066666
6184b5a5-91f4-4a7b-9b78-dd673e07b867,f10c436a-228b-465f-8c3a-c5be3213245e,1702286293292455555
6184b5a5-91f4-4a7b-9b78-dd673e07b867,f10c436a-228b-465f-8c3a-c5be3213245e,1702286293328866666
6184b5a5-91f4-4a7b-9b78-dd673e07b867,f10c436a-228b-465f-8c3a-c5be3213245e,1702286293353344444
6184b5a5-91f4-4a7b-9b78-dd673e07b867,f10c436a-228b-465f-8c3a-c5be3213245e,1702286293384811111
6184b5a5-91f4-4a7b-9b78-dd673e07b867,f10c436a-228b-465f-8c3a-c5be3213245e,1702286293421033333
6184b5a5-91f4-4a7b-9b78-dd673e07b867,f10c436a-228b-465f-8c3a-c5be3213245e,1702286293456688888
6184b5a5-91f4-4a7b-9b78-dd673e07b867,f10c436a-228b-465f-8c3a-c5be3213245e,1702286293494122222
6184b5a5-91f4-4a7b-9b78-dd673e07b867,f10c436a-228b-465f-8c3a-c5be3213245e,1702286293525555555
6184b5a5-91f4-4a7b-9b78-dd673e07b867,f10c436a-228b-465f-8c3a-c5be3213245e,1702286293555011111
6184b5a5-91f4-4a7b-9b78-dd673e07b867,f10c436a-228b-465f-8c3a-c5be3213245e,1702286293585600000
6184b5a5-91f4-4a7b-9b78-dd673e07b867,f10c436a-228b-465f-8c3a-c5be3213245e,1702286293627033333
6184b5a5-91f4-4a7b-9b78-dd673e07b867,f10c436a-228b-465f-8c3a-c5be3213245e,1702286293657700000
6184b5a5-91f4-4a7b-9b78-dd673e07b867,f10c436a-228b-465f-8c3a-c5be3213245e,1702286293689477777
6184b5a5-91f4-4a7b-9b78-dd673e07b867,f10c436a-228b-465f-8c3a-c5be3213245e,1702286293724744444
6184b5a5-91f4-4a7b-9b78-dd673e07b867,f10c436a-228b-465f-8c3a-c5be3213245e,1702286293757655555
6184b5a5-91f4-4a7b-9b78-dd673e07b867,f10c436a-228b-465f-8c3a-c5be3213245e,1702286293788022222
6184b5a5-91f4-4a7b-9b78-dd673e07b867,f10c436a-228b-465f-8c3a-c5be3213245e,1702286293832866666
6184b5a5-91f4-4a7b-9b78-dd673e07b867,f10c436a-228b-465f-8c3a-c5be3213245e,1702286293856177777
6184b5a5-91f4-4a7b-9b78-dd673e07b867,f10c436a-228b-465f-8c3a-c5be3213245e,1702286293891622222
6184b5a5-91f4-4a7b-9b78-dd673e07b867,f10c436a-228b-465f-8c3a-c5be3213245e,1702286293921455555
6184b5a5-91f4-4a7b-9b78-dd673e07b867,f10c436a-228b-465f-8c3a-c5be3213245e,1702286293953344444
6184b5a5-91f4-4a7b-9b78-dd673e07b867,f10c436a-228b-465f-8c3a-c5be3213245e,1702286293987411111
6184b5a5-91f4-4a7b-9b78-dd673e07b867,f10c436a-228b-465f-8c3a-c5be3213245e,1702286294031488888
6184b5a5-91f4-4a7b-9b78-dd673e07b867,f10c436a-228b-465f-8c3a-c5be3213245e,1702286294059100000
6184b5a5-91f4-4a7b-9b78-dd673e07b867,f10c436a-228b-465f-8c3a-c5be3213245e,1702286294091455555
6184b5a5-91f4-4a7b-9b78-dd673e07b867,f10c436a-228b-465f-8c3a-c5be3213245e,1702286294121322222
6184b5a5-91f4-4a7b-9b78-dd673e07b867,f10c436a-228b-465f-8c3a-c5be3213245e,1702286294154633333
6184b5a5-91f4-4a7b-9b78-dd673e07b867,f10c436a-228b-465f-8c3a-c5be3213245e,1702286294184977777
6184b5a5-91f4-4a7b-9b78-dd673e07b867,f10c436a-228b-465f-8c3a-c5be3213245e,1702286294223822222
6184b5a5-91f4-4a7b-9b78-dd673e07b867,f10c436a-228b-465f-8c3a-c5be3213245e,1702286294259122222
6184b5a5-91f4-4a7b-9b78-dd673e07b867,f10c436a-228b-465f-8c3a-c5be3213245e,1702286294292888888
6184b5a5-91f4-4a7b-9b78-dd673e07b867,f10c436a-228b-465f-8c3a-c5be3213245e,1702286294323688888
6184b5a5-91f4-4a7b-9b78-dd673e07b867,f10c436a-228b-465f-8c3a-c5be3213245e,1702286294357300000
6184b5a5-91f4-4a7b-9b78-dd673e07b867,f10c436a-228b-465f-8c3a-c5be3213245e,1702286294391866666
6184b5a5-91f4-4a7b-9b78-dd673e07b867,f10c436a-228b-465f-8c3a-c5be3213245e,1702286294426100000
6184b5a5-91f4-4a7b-9b78-dd673e07b867,f10c436a-228b-465f-8c3a-c5be3213245e,1702286294457444444
6184b5a5-91f4-4a7b-9b78-dd673e07b867,f10c436a-228b-465f-8c3a-c5be3213245e,1702286294498877777
6184b5a5-91f4-4a7b-9b78-dd673e07b867,f10c436a-228b-465f-8c3a-c5be3213245e,1702286294517788888
6184b5a5-91f4-4a7b-9b78-dd673e07b867,f10c436a-228b-465f-8c3a-c5be3213245e,1702286294562555555
6184b5a5-91f4-4a7b-9b78-dd673e07b867,f10c436a-228b-465f-8c3a-c5be3213245e,1702286294596577777
6184b5a5-91f4-4a7b-9b78-dd673e07b867,f10c436a-228b-465f-8c3a-c5be3213245e,1702286294622988888
6184b5a5-91f4-4a7b-9b78-dd673e07b867,f10c436a-228b-465f-8c3a-c5be3213245e,1702286294659944444
6184b5a5-91f4-4a7b-9b78-dd673e07b867,f10c436a-228b-465f-8c3a-c5be3213245e,1702286294684877777
6184b5a5-91f4-4a7b-9b78-dd673e07b867,f10c436a-228b-465f-8c3a-c5be3213245e,1702286294717988888
6184b5a5-91f4-4a7b-9b78-dd673e07b867,f10c436a-228b-465f-8c3a-c5be3213245e,1702286294753111111
6184b5a5-91f4-4a7b-9b78-dd673e07b867,f10c436a-228b-465f-8c3a-c5be3213245e,1702286294791366666
6184b5a5-91f4-4a7b-9b78-dd673e07b867,f10c436a-228b-465f-8c3a-c5be3213245e,1702286294824277777
6184b5a5-91f4-4a7b-9b78-dd673e07b867,f10c436a-228b-465f-8c3a-c5be3213245e,1702286294861577777
6184b5a5-91f4-4a7b-9b78-dd673e07b867,f10c436a-228b-465f-8c3a-c5be3213245e,1702286294887200000
6184b5a5-91f4-4a7b-9b78-dd673e07b867,f10c436a-228b-465f-8c3a-c5be3213245e,1702286294919355555
6184b5a5-91f4-4a7b-9b78-dd673e07b867,f10c436a-228b-465f-8c3a-c5be3213245e,1702286294957688888
6184b5a5-91f4-4a7b-9b78-dd673e07b867,f10c436a-228b-465f-8c3a-c5be3213245e,1702286294996011111
6184b5a5-91f4-4a7b-9b78-dd673e07b867,f10c436a-228b-465f-8c3a-c5be3213245e,1702286295022977777
6184b5a5-91f4-4a7b-9b78-dd673e07b867,f10c436a-228b-465f-8c3a-c5be3213245e,1702286295054388888
6184b5a5-91f4-4a7b-9b78-dd673e07b867,f10c436a-228b-465f-8c3a-c5be3213245e,1702286295084866666
6184b5a5-91f4-4a7b-9b78-dd673e07b867,f10c436a-228b-465f-8c3a-c5be3213245e,1702286295116955555
6184b5a5-91f4-4a7b-9b78-dd673e07b867,f10c436a-228b-465f-8c3a-c5be3213245e,1702286295161444444
6184b5a5-91f4-4a7b-9b78-dd673e07b867,f10c436a-228b-465f-8c3a-c5be3213245e,1702286295190244444
6184b5a5-91f4-4a7b-9b78-dd673e07b867,f10c436a-228b-465f-8c3a-c5be3213245e,1702286295223777777
6184b5a5-91f4-4a7b-9b78-dd673e07b867,f10c436a-228b-465f-8c3a-c5be3213245e,1702286295253733333
6184b5a5-91f4-4a7b-9b78-dd673e07b867,f10c436a-228b-465f-8c3a-c5be3213245e,1702286295287577777
6184b5a5-91f4-4a7b-9b78-dd673e07b867,f10c436a-228b-465f-8c3a-c5be3213245e,1702286295316900000
6184b5a5-91f4-4a7b-9b78-dd673e07b867,f10c436a-228b-465f-8c3a-c5be3213245e,1702286295360133333
6184b5a5-91f4-4a7b-9b78-dd673e07b867,f10c436a-228b-465f-8c3a-c5be3213245e,1702286295396233333
6184b5a5-91f4-4a7b-9b78-dd673e07b867,f10c436a-228b-465f-8c3a-c5be3213245e,1702286295425922222
6184b5a5-91f4-4a7b-9b78-dd673e07b867,f10c436a-228b-465f-8c3a-c5be3213245e,1702286295453688888
6184b5a5-91f4-4a7b-9b78-dd673e07b867,f10c436a-228b-465f-8c3a-c5be3213245e,1702286295487688888
6184b5a5-91f4-4a7b-9b78-dd673e07b867,f10c436a-228b-465f-8c3a-c5be3213245e,1702286295521988888
6184b5a5-91f4-4a7b-9b78-dd673e07b867,f10c436a-228b-465f-8c3a-c5be3213245e,1702286295560711111
6184b5a5-91f4-4a7b-9b78-dd673e07b867,f10c436a-228b-465f-8c3a-c5be3213245e,1702286295590500000
6184b5a5-91f4-4a7b-9b78-dd673e07b867,f10c436a-228b-465f-8c3a-c5be3213245e,1702286295618177777
6184b5a5-91f4-4a7b-9b78-dd673e07b867,f10c436a-228b-465f-8c3a-c5be3213245e,1702286295653166666
6184b5a5-91f4-4a7b-9b78-dd673e07b867,f10c436a-228b-465f-8c3a-c5be3213245e,1702286295686455555
6184b5a5-91f4-4a7b-9b78-dd673e07b867,f10c436a-228b-465f-8c3a-c5be3213245e,1702286295727688888
6184b5a5-91f4-4a7b-9b78-dd673e07b867,f10c436a-228b-465f-8c3a-c5be3213245e,1702286295760177777
6184b5a5-91f4-4a7b-9b78-dd673e07b867,f10c436a-228b-465f-8c3a-c5be3213245e,1702286295796155555
6184b5a5-91f4-4a7b-9b78-dd673e07b867,f10c436a-228b-465f-8c3a-c5be3213245e,1702286295819877777
6184b5a5-91f4-4a7b-9b78-dd673e07b867,f10c436a-228b-465f-8c3a-c5be3213245e,1702286295853233333
6184b5a5-91f4-4a7b-9b78-dd673e07b867,f10c436a-228b-465f-8c3a-c5be3213245e,1702286295885122222
6184b5a5-91f4-4a7b-9b78-dd673e07b867,f10c436a-228b-465f-8c3a-c5be3213245e,1702286295923077777
6184b5a5-91f4-4a7b-9b78-dd673e07b867,f10c436a-228b-465f-8c3a-c5be3213245e,1702286295959366666
6184b5a5-91f4-4a7b-9b78-dd673e07b867,f10c436a-228b-465f-8c3a-c5be3213245e,1702286295989044444
6184b5a5-91f4-4a7b-9b78-dd673e07b867,f10c436a-228b-465f-8c3a-c5be3213245e,1702286296025633333
6184b5a5-91f4-4a7b-9b78-dd673e07b867,f10c436a-228b-465f-8c3a-c5be3213245e,1702286296057688888
6184b5a5-91f4-4a7b-9b78-dd673e07b867,f10c436a-228b-465f-8c3a-c5be3213245e,1702286296087222222
6184b5a5-91f4-4a7b-9b78-dd673e07b867,f10c436a-228b-465f-8c3a-c5be3213245e,1702286296122333333
6184b5a5-91f4-4a7b-9b78-dd673e07b867,f10c436a-228b-465f-8c3a-c5be3213245e,1702286296154633333
6184b5a5-91f4-4a7b-9b78-dd673e07b867,f10c436a-228b-465f-8c3a-c5be3213245e,1702286296188355555
6184b5a5-91f4-4a7b-9b78-dd673e07b867,f10c436a-228b-465f-8c3a-c5be3213245e,1702286296217655555
6184b5a5-91f4-4a7b-9b78-dd673e07b867,f10c436a-228b-465f-8c3a-c5be3213245e,1702286296254788888
6184b5a5-91f4-4a7b-9b78-dd673e07b867,f10c436a-228b-465f-8c3a-c5be3213245e,1702286296286577777
6184b5a5-91f4-4a7b-9b78-dd673e07b867,f10c436a-228b-465f-8c3a-c5be3213245e,1702286296317033333
6184b5a5-91f4-4a7b-9b78-dd673e07b867,f10c436a-228b-465f-8c3a-c5be3213245e,1702286296356255555
6184b5a5-91f4-4a7b-9b78-dd673e07b867,f10c436a-228b-465f-8c3a-c5be3213245e,1702286296385344444
6184b5a5-91f4-4a7b-9b78-dd673e07b867,f10c436a-228b-465f-8c3a-c5be3213245e,1702286296418488888
6184b5a5-91f4-4a7b-9b78-dd673e07b867,f10c436a-228b-465f-8c3a-c5be3213245e,1702286296456011111
6184b5a5-91f4-4a7b-9b78-dd673e07b867,f10c436a-228b-465f-8c3a-c5be3213245e,1702286296489411111
6184b5a5-91f4-4a7b-9b78-dd673e07b867,f10c436a-228b-465f-8c3a-c5be3213245e,1702286296519888888
6184b5a5-91f4-4a7b-9b78-dd673e07b867,f10c436a-228b-465f-8c3a-c5be3213245e,1702286296561188888
6184b5a5-91f4-4a7b-9b78-dd673e07b867,f10c436a-228b-465f-8c3a-c5be3213245e,1702286296587766666
6184b5a5-91f4-4a7b-9b78-dd673e07b867,f10c436a-228b-465f-8c3a-c5be3213245e,1702286296624244444
6184b5a5-91f4-4a7b-9b78-dd673e07b867,f10c436a-228b-465f-8c3a-c5be3213245e,1702286296663844444
6184b5a5-91f4-4a7b-9b78-dd673e07b867,f10c436a-228b-465f-8c3a-c5be3213245e,1702286296690088888
6184b5a5-91f4-4a7b-9b78-dd673e07b867,f10c436a-228b-465f-8c3a-c5be3213245e,1702286296722877777
6184b5a5-91f4-4a7b-9b78-dd673e07b867,f10c436a-228b-465f-8c3a-c5be3213245e,1702286296767522222
6184b5a5-91f4-4a7b-9b78-dd673e07b867,f10c436a-228b-465f-8c3a-c5be3213245e,1702286296786055555
6184b5a5-91f4-4a7b-9b78-dd673e07b867,f10c436a-228b-465f-8c3a-c5be3213245e,1702286296816844444
6184b5a5-91f4-4a7b-9b78-dd673e07b867,f10c436a-228b-465f-8c3a-c5be3213245e,1702286296854544444
6184b5a5-91f4-4a7b-9b78-dd673e07b867,f10c436a-228b-465f-8c3a-c5be3213245e,1702286296892522222
6184b5a5-91f4-4a7b-9b78-dd673e07b867,f10c436a-228b-465f-8c3a-c5be3213245e,1702286296925433333
6184b5a5-91f4-4a7b-9b78-dd673e07b867,f10c436a-228b-465f-8c3a-c5be3213245e,1702286296957644444
6184b5a5-91f4-4a7b-9b78-dd673e07b867,f10c436a-228b-465f-8c3a-c5be3213245e,1702286296985299999
6184b5a5-91f4-4a7b-9b78-dd673e07b867,f10c436a-228b-465f-8c3a-c5be3213245e,1702286297018144444
6184b5a5-91f4-4a7b-9b78-dd673e07b867,f10c436a-228b-465f-8c3a-c5be3213245e,1702286297053811111
6184b5a5-91f4-4a7b-9b78-dd673e07b867,f10c436a-228b-465f-8c3a-c5be3213245e,1702286297091755555
6184b5a5-91f4-4a7b-9b78-dd673e07b867,f10c436a-228b-465f-8c3a-c5be3213245e,1702286297123788888
6184b5a5-91f4-4a7b-9b78-dd673e07b867,f10c436a-228b-465f-8c3a-c5be3213245e,1702286297159933333
6184b5a5-91f4-4a7b-9b78-dd673e07b867,f10c436a-228b-465f-8c3a-c5be3213245e,1702286297188188888
6184b5a5-91f4-4a7b-9b78-dd673e07b867,f10c436a-228b-465f-8c3a-c5be3213245e,1702286297221499999
6184b5a5-91f4-4a7b-9b78-dd673e07b867,f10c436a-228b-465f-8c3a-c5be3213245e,1702286297257366666
6184b5a5-91f4-4a7b-9b78-dd673e07b867,f10c436a-228b-465f-8c3a-c5be3213245e,1702286297292033333
6184b5a5-91f4-4a7b-9b78-dd673e07b867,f10c436a-228b-465f-8c3a-c5be3213245e,1702286297322011111
6184b5a5-91f4-4a7b-9b78-dd673e07b867,f10c436a-228b-465f-8c3a-c5be3213245e,1702286297355666666
6184b5a5-91f4-4a7b-9b78-dd673e07b867,f10c436a-228b-465f-8c3a-c5be3213245e,1702286297385311111
6184b5a5-91f4-4a7b-9b78-dd673e07b867,f10c436a-228b-465f-8c3a-c5be3213245e,1702286297418033333
6184b5a5-91f4-4a7b-9b78-dd673e07b867,f10c436a-228b-465f-8c3a-c5be3213245e,1702286297452622222
6184b5a5-91f4-4a7b-9b78-dd673e07b867,f10c436a-228b-465f-8c3a-c5be3213245e,1702286297488877777
6184b5a5-91f4-4a7b-9b78-dd673e07b867,f10c436a-228b-465f-8c3a-c5be3213245e,1702286297525188888
6184b5a5-91f4-4a7b-9b78-dd673e07b867,f10c436a-228b-465f-8c3a-c5be3213245e,1702286297553000000
6184b5a5-91f4-4a7b-9b78-dd673e07b867,f10c436a-228b-465f-8c3a-c5be3213245e,1702286297585333333
6184b5a5-91f4-4a7b-9b78-dd673e07b867,f10c436a-228b-465f-8c3a-c5be3213245e,1702286297619244444
6184b5a5-91f4-4a7b-9b78-dd673e07b867,f10c436a-228b-465f-8c3a-c5be3213245e,1702286297655300000
6184b5a5-91f4-4a7b-9b78-dd673e07b867,f10c436a-228b-465f-8c3a-c5be3213245e,1702286297697622222
6184b5a5-91f4-4a7b-9b78-dd673e07b867,f10c436a-228b-465f-8c3a-c5be3213245e,1702286297722577777
6184b5a5-91f4-4a7b-9b78-dd673e07b867,f10c436a-228b-465f-8c3a-c5be3213245e,1702286297759266666
6184b5a5-91f4-4a7b-9b78-dd673e07b867,f10c436a-228b-465f-8c3a-c5be3213245e,1702286297790900000
6184b5a5-91f4-4a7b-9b78-dd673e07b867,f10c436a-228b-465f-8c3a-c5be3213245e,1702286297824055555
6184b5a5-91f4-4a7b-9b78-dd673e07b867,f10c436a-228b-465f-8c3a-c5be3213245e,1702286297856044444
6184b5a5-91f4-4a7b-9b78-dd673e07b867,f10c436a-228b-465f-8c3a-c5be3213245e,1702286297892622222
6184b5a5-91f4-4a7b-9b78-dd673e07b867,f10c436a-228b-465f-8c3a-c5be3213245e,1702286297924155555
6184b5a5-91f4-4a7b-9b78-dd673e07b867,f10c436a-228b-465f-8c3a-c5be3213245e,1702286297952111111
6184b5a5-91f4-4a7b-9b78-dd673e07b867,f10c436a-228b-465f-8c3a-c5be3213245e,1702286297986933333
6184b5a5-91f4-4a7b-9b78-dd673e07b867,f10c436a-228b-465f-8c3a-c5be3213245e,1702286298017300000
6184b5a5-91f4-4a7b-9b78-dd673e07b867,f10c436a-228b-465f-8c3a-c5be3213245e,1702286298053688888
6184b5a5-91f4-4a7b-9b78-dd673e07b867,f10c436a-228b-465f-8c3a-c5be3213245e,1702286298090288888
6184b5a5-91f4-4a7b-9b78-dd673e07b867,f10c436a-228b-465f-8c3a-c5be3213245e,1702286298121077777
6184b5a5-91f4-4a7b-9b78-dd673e07b867,f10c436a-228b-465f-8c3a-c5be3213245e,1702286298149377777
6184b5a5-91f4-4a7b-9b78-dd673e07b867,f10c436a-228b-465f-8c3a-c5be3213245e,1702286298185077777
6184b5a5-91f4-4a7b-9b78-dd673e07b867,f10c436a-228b-465f-8c3a-c5be3213245e,1702286298223966666
6184b5a5-91f4-4a7b-9b78-dd673e07b867,f10c436a-228b-465f-8c3a-c5be3213245e,1702286298260411111
6184b5a5-91f4-4a7b-9b78-dd673e07b867,f10c436a-228b-465f-8c3a-c5be3213245e,1702286298292200000
6184b5a5-91f4-4a7b-9b78-dd673e07b867,f10c436a-228b-465f-8c3a-c5be3213245e,1702286298321055555
6184b5a5-91f4-4a7b-9b78-dd673e07b867,f10c436a-228b-465f-8c3a-c5be3213245e,1702286298360400000
6184b5a5-91f4-4a7b-9b78-dd673e07b867,f10c436a-228b-465f-8c3a-c5be3213245e,1702286298389677777
6184b5a5-91f4-4a7b-9b78-dd673e07b867,f10c436a-228b-465f-8c3a-c5be3213245e,1702286298425000000
6184b5a5-91f4-4a7b-9b78-dd673e07b867,f10c436a-228b-465f-8c3a-c5be3213245e,1702286298458244444
6184b5a5-91f4-4a7b-9b78-dd673e07b867,f10c436a-228b-465f-8c3a-c5be3213245e,1702286298492077777
6184b5a5-91f4-4a7b-9b78-dd673e07b867,f10c436a-228b-465f-8c3a-c5be3213245e,1702286298522588888
6184b5a5-91f4-4a7b-9b78-dd673e07b867,f10c436a-228b-465f-8c3a-c5be3213245e,1702286298550566666
6184b5a5-91f4-4a7b-9b78-dd673e07b867,f10c436a-228b-465f-8c3a-c5be3213245e,1702286298584866666
6184b5a5-91f4-4a7b-9b78-dd673e07b867,f10c436a-228b-465f-8c3a-c5be3213245e,1702286298620888888
6184b5a5-91f4-4a7b-9b78-dd673e07b867,f10c436a-228b-465f-8c3a-c5be3213245e,1702286298659966666
6184b5a5-91f4-4a7b-9b78-dd673e07b867,f10c436a-228b-465f-8c3a-c5be3213245e,1702286298691044444
6184b5a5-91f4-4a7b-9b78-dd673e07b867,f10c436a-228b-465f-8c3a-c5be3213245e,1702286298716755555
6184b5a5-91f4-4a7b-9b78-dd673e07b867,f10c436a-228b-465f-8c3a-c5be3213245e,1702286298749766666
6184b5a5-91f4-4a7b-9b78-dd673e07b867,f10c436a-228b-465f-8c3a-c5be3213245e,1702286298796511111
6184b5a5-91f4-4a7b-9b78-dd673e07b867,f10c436a-228b-465f-8c3a-c5be3213245e,1702286298821288888
6184b5a5-91f4-4a7b-9b78-dd673e07b867,f10c436a-228b-465f-8c3a-c5be3213245e,1702286298857777777
6184b5a5-91f4-4a7b-9b78-dd673e07b867,f10c436a-228b-465f-8c3a-c5be3213245e,1702286298896722222
6184b5a5-91f4-4a7b-9b78-dd673e07b867,f10c436a-228b-465f-8c3a-c5be3213245e,1702286298921200000
6184b5a5-91f4-4a7b-9b78-dd673e07b867,f10c436a-228b-465f-8c3a-c5be3213245e,1702286298956122222
6184b5a5-91f4-4a7b-9b78-dd673e07b867,f10c436a-228b-465f-8c3a-c5be3213245e,1702286298990544444
6184b5a5-91f4-4a7b-9b78-dd673e07b867,f10c436a-228b-465f-8c3a-c5be3213245e,1702286299020866666
6184b5a5-91f4-4a7b-9b78-dd673e07b867,f10c436a-228b-465f-8c3a-c5be3213245e,1702286299052711111
6184b5a5-91f4-4a7b-9b78-dd673e07b867,f10c436a-228b-465f-8c3a-c5be3213245e,1702286299092844444
6184b5a5-91f4-4a7b-9b78-dd673e07b867,f10c436a-228b-465f-8c3a-c5be3213245e,1702286299120433333
6184b5a5-91f4-4a7b-9b78-dd673e07b867,f10c436a-228b-465f-8c3a-c5be3213245e,1702286299149933333
6184b5a5-91f4-4a7b-9b78-dd673e07b867,f10c436a-228b-465f-8c3a-c5be3213245e,1702286299186233333
6184b5a5-91f4-4a7b-9b78-dd673e07b867,f10c436a-228b-465f-8c3a-c5be3213245e,1702286299225277777
6184b5a5-91f4-4a7b-9b78-dd673e07b867,f10c436a-228b-465f-8c3a-c5be3213245e,1702286299252866666
6184b5a5-91f4-4a7b-9b78-dd673e07b867,f10c436a-228b-465f-8c3a-c5be3213245e,1702286299286433333
6184b5a5-91f4-4a7b-9b78-dd673e07b867,f10c436a-228b-465f-8c3a-c5be3213245e,1702286299317455555
6184b5a5-91f4-4a7b-9b78-dd673e07b867,f10c436a-228b-465f-8c3a-c5be3213245e,1702286299352033333
6184b5a5-91f4-4a7b-9b78-dd673e07b867,f10c436a-228b-465f-8c3a-c5be3213245e,1702286299396544444
6184b5a5-91f4-4a7b-9b78-dd673e07b867,f10c436a-228b-465f-8c3a-c5be3213245e,1702286299424411111
6184b5a5-91f4-4a7b-9b78-dd673e07b867,f10c436a-228b-465f-8c3a-c5be3213245e,1702286299460844444
6184b5a5-91f4-4a7b-9b78-dd673e07b867,f10c436a-228b-465f-8c3a-c5be3213245e,1702286299491811111
6184b5a5-91f4-4a7b-9b78-dd673e07b867,f10c436a-228b-465f-8c3a-c5be3213245e,1702286299520322222
6184b5a5-91f4-4a7b-9b78-dd673e07b867,f10c436a-228b-465f-8c3a-c5be3213245e,1702286299557388888
6184b5a5-91f4-4a7b-9b78-dd673e07b867,f10c436a-228b-465f-8c3a-c5be3213245e,1702286299588611111
6184b5a5-91f4-4a7b-9b78-dd673e07b867,f10c436a-228b-465f-8c3a-c5be3213245e,1702286299620200000
6184b5a5-91f4-4a7b-9b78-dd673e07b867,f10c436a-228b-465f-8c3a-c5be3213245e,1702286299655644444
6184b5a5-91f4-4a7b-9b78-dd673e07b867,f10c436a-228b-465f-8c3a-c5be3213245e,1702286299685077777
6184b5a5-91f4-4a7b-9b78-dd673e07b867,f10c436a-228b-465f-8c3a-c5be3213245e,1702286299719011111
6184b5a5-91f4-4a7b-9b78-dd673e07b867,f10c436a-228b-465f-8c3a-c5be3213245e,1702286299748800000
6184b5a5-91f4-4a7b-9b78-dd673e07b867,f10c436a-228b-465f-8c3a-c5be3213245e,1702286299790722222
6184b5a5-91f4-4a7b-9b78-dd673e07b867,f10c436a-228b-465f-8c3a-c5be3213245e,1702286299824422222
6184b5a5-91f4-4a7b-9b78-dd673e07b867,f10c436a-228b-465f-8c3a-c5be3213245e,1702286299850733333
6184b5a5-91f4-4a7b-9b78-dd673e07b867,f10c436a-228b-465f-8c3a-c5be3213245e,1702286299885500000
6184b5a5-91f4-4a7b-9b78-dd673e07b867,f10c436a-228b-465f-8c3a-c5be3213245e,1702286299921044444
6184b5a5-91f4-4a7b-9b78-dd673e07b867,f10c436a-228b-465f-8c3a-c5be3213245e,1702286299959044444
6184b5a5-91f4-4a7b-9b78-dd673e07b867,f10c436a-228b-465f-8c3a-c5be3213245e,1702286299990277777
6184b5a5-91f4-4a7b-9b78-dd673e07b867,f10c436a-228b-465f-8c3a-c5be3213245e,1702286300025277777
6184b5a5-91f4-4a7b-9b78-dd673e07b867,f10c436a-228b-465f-8c3a-c5be3213245e,1702286300056688888
6184b5a5-91f4-4a7b-9b78-dd673e07b867,f10c436a-228b-465f-8c3a-c5be3213245e,1702286300088666666
6184b5a5-91f4-4a7b-9b78-dd673e07b867,f10c436a-228b-465f-8c3a-c5be3213245e,1702286300125177777
6184b5a5-91f4-4a7b-9b78-dd673e07b867,f10c436a-228b-465f-8c3a-c5be3213245e,1702286300159044444
6184b5a5-91f4-4a7b-9b78-dd673e07b867,f10c436a-228b-465f-8c3a-c5be3213245e,1702286300191166666
6184b5a5-91f4-4a7b-9b78-dd673e07b867,f10c436a-228b-465f-8c3a-c5be3213245e,1702286300228466666
6184b5a5-91f4-4a7b-9b78-dd673e07b867,f10c436a-228b-465f-8c3a-c5be3213245e,1702286300250422222
6184b5a5-91f4-4a7b-9b78-dd673e07b867,f10c436a-228b-465f-8c3a-c5be3213245e,1702286300280811111
6184b5a5-91f4-4a7b-9b78-dd673e07b867,f10c436a-228b-465f-8c3a-c5be3213245e,1702286300316777777
6184b5a5-91f4-4a7b-9b78-dd673e07b867,f10c436a-228b-465f-8c3a-c5be3213245e,1702286300356744444
6184b5a5-91f4-4a7b-9b78-dd673e07b867,f10c436a-228b-465f-8c3a-c5be3213245e,1702286300388911111
6184b5a5-91f4-4a7b-9b78-dd673e07b867,f10c436a-228b-465f-8c3a-c5be3213245e,1702286300417677777
6184b5a5-91f4-4a7b-9b78-dd673e07b867,f10c436a-228b-465f-8c3a-c5be3213245e,1702286300448933333
6184b5a5-91f4-4a7b-9b78-dd673e07b867,f10c436a-228b-465f-8c3a-c5be3213245e,1702286300484211111
6184b5a5-91f4-4a7b-9b78-dd673e07b867,f10c436a-228b-465f-8c3a-c5be3213245e,1702286300527811111
6184b5a5-91f4-4a7b-9b78-dd673e07b867,f10c436a-228b-465f-8c3a-c5be3213245e,1702286300555800000
6184b5a5-91f4-4a7b-9b78-dd673e07b867,f10c436a-228b-465f-8c3a-c5be3213245e,1702286300586755555
6184b5a5-91f4-4a7b-9b78-dd673e07b867,f10c436a-228b-465f-8c3a-c5be3213245e,1702286300623100000
6184b5a5-91f4-4a7b-9b78-dd673e07b867,f10c436a-228b-465f-8c3a-c5be3213245e,1702286300657777777
6184b5a5-91f4-4a7b-9b78-dd673e07b867,f10c436a-228b-465f-8c3a-c5be3213245e,1702286300689866666
6184b5a5-91f4-4a7b-9b78-dd673e07b867,f10c436a-228b-465f-8c3a-c5be3213245e,1702286300726688888
6184b5a5-91f4-4a7b-9b78-dd673e07b867,f10c436a-228b-465f-8c3a-c5be3213245e,1702286300761211111
6184b5a5-91f4-4a7b-9b78-dd673e07b867,f10c436a-228b-465f-8c3a-c5be3213245e,1702286300788411111
6184b5a5-91f4-4a7b-9b78-dd673e07b867,f10c436a-228b-465f-8c3a-c5be3213245e,1702286300819922222
6184b5a5-91f4-4a7b-9b78-dd673e07b867,f10c436a-228b-465f-8c3a-c5be3213245e,1702286300849488888
6184b5a5-91f4-4a7b-9b78-dd673e07b867,f10c436a-228b-465f-8c3a-c5be3213245e,1702286300881211111
6184b5a5-91f4-4a7b-9b78-dd673e07b867,f10c436a-228b-465f-8c3a-c5be3213245e,1702286300923833333
6184b5a5-91f4-4a7b-9b78-dd673e07b867,f10c436a-228b-465f-8c3a-c5be3213245e,1702286300953377777
6184b5a5-91f4-4a7b-9b78-dd673e07b867,f10c436a-228b-465f-8c3a-c5be3213245e,1702286300980988888
6184b5a5-91f4-4a7b-9b78-dd673e07b867,f10c436a-228b-465f-8c3a-c5be3213245e,1702286301017088888
6184b5a5-91f4-4a7b-9b78-dd673e07b867,f10c436a-228b-465f-8c3a-c5be3213245e,1702286301049322222
6184b5a5-91f4-4a7b-9b78-dd673e07b867,f10c436a-228b-465f-8c3a-c5be3213245e,1702286301088555555
6184b5a5-91f4-4a7b-9b78-dd673e07b867,f10c436a-228b-465f-8c3a-c5be3213245e,1702286301125377777
6184b5a5-91f4-4a7b-9b78-dd673e07b867,f10c436a-228b-465f-8c3a-c5be3213245e,1702286301154900000
6184b5a5-91f4-4a7b-9b78-dd673e07b867,f10c436a-228b-465f-8c3a-c5be3213245e,1702286301189344444
6184b5a5-91f4-4a7b-9b78-dd673e07b867,f10c436a-228b-465f-8c3a-c5be3213245e,1702286301225366666
6184b5a5-91f4-4a7b-9b78-dd673e07b867,f10c436a-228b-465f-8c3a-c5be3213245e,1702286301254822222
6184b5a5-91f4-4a7b-9b78-dd673e07b867,f10c436a-228b-465f-8c3a-c5be3213245e,1702286301285311111
6184b5a5-91f4-4a7b-9b78-dd673e07b867,f10c436a-228b-465f-8c3a-c5be3213245e,1702286301326200000
6184b5a5-91f4-4a7b-9b78-dd673e07b867,f10c436a-228b-465f-8c3a-c5be3213245e,1702286301351866666
6184b5a5-91f4-4a7b-9b78-dd673e07b867,f10c436a-228b-465f-8c3a-c5be3213245e,1702286301383477777
6184b5a5-91f4-4a7b-9b78-dd673e07b867,f10c436a-228b-465f-8c3a-c5be3213245e,1702286301419400000
6184b5a5-91f4-4a7b-9b78-dd673e07b867,f10c436a-228b-465f-8c3a-c5be3213245e,1702286301449544444
6184b5a5-91f4-4a7b-9b78-dd673e07b867,f10c436a-228b-465f-8c3a-c5be3213245e,1702286301482966666
6184b5a5-91f4-4a7b-9b78-dd673e07b867,f10c436a-228b-465f-8c3a-c5be3213245e,1702286301524055555
6184b5a5-91f4-4a7b-9b78-dd673e07b867,f10c436a-228b-465f-8c3a-c5be3213245e,1702286301549733333
6184b5a5-91f4-4a7b-9b78-dd673e07b867,f10c436a-228b-465f-8c3a-c5be3213245e,1702286301581022222
6184b5a5-91f4-4a7b-9b78-dd673e07b867,f10c436a-228b-465f-8c3a-c5be3213245e,1702286301620211111
6184b5a5-91f4-4a7b-9b78-dd673e07b867,f10c436a-228b-465f-8c3a-c5be3213245e,1702286301657944444
6184b5a5-91f4-4a7b-9b78-dd673e07b867,f10c436a-228b-465f-8c3a-c5be3213245e,1702286301685500000
6184b5a5-91f4-4a7b-9b78-dd673e07b867,f10c436a-228b-465f-8c3a-c5be3213245e,1702286301724222222
6184b5a5-91f4-4a7b-9b78-dd673e07b867,f10c436a-228b-465f-8c3a-c5be3213245e,1702286301758166666
6184b5a5-91f4-4a7b-9b78-dd673e07b867,f10c436a-228b-465f-8c3a-c5be3213245e,1702286301787211111
6184b5a5-91f4-4a7b-9b78-dd673e07b867,f10c436a-228b-465f-8c3a-c5be3213245e,1702286301824277777
6184b5a5-91f4-4a7b-9b78-dd673e07b867,f10c436a-228b-465f-8c3a-c5be3213245e,1702286301856288888
6184b5a5-91f4-4a7b-9b78-dd673e07b867,f10c436a-228b-465f-8c3a-c5be3213245e,1702286301888377777
6184b5a5-91f4-4a7b-9b78-dd673e07b867,f10c436a-228b-465f-8c3a-c5be3213245e,1702286301924300000
6184b5a5-91f4-4a7b-9b78-dd673e07b867,f10c436a-228b-465f-8c3a-c5be3213245e,1702286301955922222
6184b5a5-91f4-4a7b-9b78-dd673e07b867,f10c436a-228b-465f-8c3a-c5be3213245e,1702286301983600000
6184b5a5-91f4-4a7b-9b78-dd673e07b867,f10c436a-228b-465f-8c3a-c5be3213245e,1702286302018355555
6184b5a5-91f4-4a7b-9b78-dd673e07b867,f10c436a-228b-465f-8c3a-c5be3213245e,1702286302049844444
6184b5a5-91f4-4a7b-9b78-dd673e07b867,f10c436a-228b-465f-8c3a-c5be3213245e,1702286302086811111
6184b5a5-91f4-4a7b-9b78-dd673e07b867,f10c436a-228b-465f-8c3a-c5be3213245e,1702286302119333333
6184b5a5-91f4-4a7b-9b78-dd673e07b867,f10c436a-228b-465f-8c3a-c5be3213245e,1702286302149277777
6184b5a5-91f4-4a7b-9b78-dd673e07b867,f10c436a-228b-465f-8c3a-c5be3213245e,1702286302181277777
6184b5a5-91f4-4a7b-9b78-dd673e07b867,f10c436a-228b-465f-8c3a-c5be3213245e,1702286302221555555
6184b5a5-91f4-4a7b-9b78-dd673e07b867,f10c436a-228b-465f-8c3a-c5be3213245e,1702286302256344444
6184b5a5-91f4-4a7b-9b78-dd673e07b867,f10c436a-228b-465f-8c3a-c5be3213245e,1702286302283400000
6184b5a5-91f4-4a7b-9b78-dd673e07b867,f10c436a-228b-465f-8c3a-c5be3213245e,1702286302331077777
6184b5a5-91f4-4a7b-9b78-dd673e07b867,f10c436a-228b-465f-8c3a-c5be3213245e,1702286302352200000
6184b5a5-91f4-4a7b-9b78-dd673e07b867,f10c436a-228b-465f-8c3a-c5be3213245e,1702286302387988888
6184b5a5-91f4-4a7b-9b78-dd673e07b867,f10c436a-228b-465f-8c3a-c5be3213245e,1702286302426722222
6184b5a5-91f4-4a7b-9b78-dd673e07b867,f10c436a-228b-465f-8c3a-c5be3213245e,1702286302453366666
6184b5a5-91f4-4a7b-9b78-dd673e07b867,f10c436a-228b-465f-8c3a-c5be3213245e,1702286302492277777
6184b5a5-91f4-4a7b-9b78-dd673e07b867,f10c436a-228b-465f-8c3a-c5be3213245e,1702286302526066666
6184b5a5-91f4-4a7b-9b78-dd673e07b867,f10c436a-228b-465f-8c3a-c5be3213245e,1702286302555611111
6184b5a5-91f4-4a7b-9b78-dd673e07b867,f10c436a-228b-465f-8c3a-c5be3213245e,1702286302582177777
6184b5a5-91f4-4a7b-9b78-dd673e07b867,f10c436a-228b-465f-8c3a-c5be3213245e,1702286302617733333
6184b5a5-91f4-4a7b-9b78-dd673e07b867,f10c436a-228b-465f-8c3a-c5be3213245e,1702286302651611111
6184b5a5-91f4-4a7b-9b78-dd673e07b867,f10c436a-228b-465f-8c3a-c5be3213245e,1702286302687622222
6184b5a5-91f4-4a7b-9b78-dd673e07b867,f10c436a-228b-465f-8c3a-c5be3213245e,1702286302716811111
6184b5a5-91f4-4a7b-9b78-dd673e07b867,f10c436a-228b-465f-8c3a-c5be3213245e,1702286302748655555
6184b5a5-91f4-4a7b-9b78-dd673e07b867,f10c436a-228b-465f-8c3a-c5be3213245e,1702286302787755555
6184b5a5-91f4-4a7b-9b78-dd673e07b867,f10c436a-228b-465f-8c3a-c5be3213245e,1702286302823433333
6184b5a5-91f4-4a7b-9b78-dd673e07b867,f10c436a-228b-465f-8c3a-c5be3213245e,1702286302852300000
6184b5a5-91f4-4a7b-9b78-dd673e07b867,f10c436a-228b-465f-8c3a-c5be3213245e,1702286302888711111
6184b5a5-91f4-4a7b-9b78-dd673e07b867,f10c436a-228b-465f-8c3a-c5be3213245e,1702286302921755555
6184b5a5-91f4-4a7b-9b78-dd673e07b867,f10c436a-228b-465f-8c3a-c5be3213245e,1702286302953411111
6184b5a5-91f4-4a7b-9b78-dd673e07b867,f10c436a-228b-465f-8c3a-c5be3213245e,1702286302989744444
6184b5a5-91f4-4a7b-9b78-dd673e07b867,f10c436a-228b-465f-8c3a-c5be3213245e,1702286303022366666
6184b5a5-91f4-4a7b-9b78-dd673e07b867,f10c436a-228b-465f-8c3a-c5be3213245e,1702286303056633333
6184b5a5-91f4-4a7b-9b78-dd673e07b867,f10c436a-228b-465f-8c3a-c5be3213245e,1702286303087688888
6184b5a5-91f4-4a7b-9b78-dd673e07b867,f10c436a-228b-465f-8c3a-c5be3213245e,1702286303120344444
6184b5a5-91f4-4a7b-9b78-dd673e07b867,f10c436a-228b-465f-8c3a-c5be3213245e,1702286303149188888
6184b5a5-91f4-4a7b-9b78-dd673e07b867,f10c436a-228b-465f-8c3a-c5be3213245e,1702286303182077777
6184b5a5-91f4-4a7b-9b78-dd673e07b867,f10c436a-228b-465f-8c3a-c5be3213245e,1702286303221455555
6184b5a5-91f4-4a7b-9b78-dd673e07b867,f10c436a-228b-465f-8c3a-c5be3213245e,1702286303251366666
6184b5a5-91f4-4a7b-9b78-dd673e07b867,f10c436a-228b-465f-8c3a-c5be3213245e,1702286303281877777
6184b5a5-91f4-4a7b-9b78-dd673e07b867,f10c436a-228b-465f-8c3a-c5be3213245e,1702286303313511111
6184b5a5-91f4-4a7b-9b78-dd673e07b867,f10c436a-228b-465f-8c3a-c5be3213245e,1702286303350544444
6184b5a5-91f4-4a7b-9b78-dd673e07b867,f10c436a-228b-465f-8c3a-c5be3213245e,1702286303382955555
6184b5a5-91f4-4a7b-9b78-dd673e07b867,f10c436a-228b-465f-8c3a-c5be3213245e,1702286303414166666
6184b5a5-91f4-4a7b-9b78-dd673e07b867,f10c436a-228b-465f-8c3a-c5be3213245e,1702286303450644444
6184b5a5-91f4-4a7b-9b78-dd673e07b867,f10c436a-228b-465f-8c3a-c5be3213245e,1702286303483188888
6184b5a5-91f4-4a7b-9b78-dd673e07b867,f10c436a-228b-465f-8c3a-c5be3213245e,1702286303517322222
6184b5a5-91f4-4a7b-9b78-dd673e07b867,f10c436a-228b-465f-8c3a-c5be3213245e,1702286303551788888
6184b5a5-91f4-4a7b-9b78-dd673e07b867,f10c436a-228b-465f-8c3a-c5be3213245e,1702286303582455555
6184b5a5-91f4-4a7b-9b78-dd673e07b867,f10c436a-228b-465f-8c3a-c5be3213245e,1702286303614133333
6184b5a5-91f4-4a7b-9b78-dd673e07b867,f10c436a-228b-465f-8c3a-c5be3213245e,1702286303651011111
6184b5a5-91f4-4a7b-9b78-dd673e07b867,f10c436a-228b-465f-8c3a-c5be3213245e,1702286303684322222
6184b5a5-91f4-4a7b-9b78-dd673e07b867,f10c436a-228b-465f-8c3a-c5be3213245e,1702286303714755555
6184b5a5-91f4-4a7b-9b78-dd673e07b867,f10c436a-228b-465f-8c3a-c5be3213245e,1702286303752266666
6184b5a5-91f4-4a7b-9b78-dd673e07b867,f10c436a-228b-465f-8c3a-c5be3213245e,1702286303783722222
6184b5a5-91f4-4a7b-9b78-dd673e07b867,f10c436a-228b-465f-8c3a-c5be3213245e,1702286303815577777
6184b5a5-91f4-4a7b-9b78-dd673e07b867,f10c436a-228b-465f-8c3a-c5be3213245e,1702286303848988888
6184b5a5-91f4-4a7b-9b78-dd673e07b867,f10c436a-228b-465f-8c3a-c5be3213245e,1702286303881311111
6184b5a5-91f4-4a7b-9b78-dd673e07b867,f10c436a-228b-465f-8c3a-c5be3213245e,1702286303913677777
6184b5a5-91f4-4a7b-9b78-dd673e07b867,f10c436a-228b-465f-8c3a-c5be3213245e,1702286303952622222
6184b5a5-91f4-4a7b-9b78-dd673e07b867,f10c436a-228b-465f-8c3a-c5be3213245e,1702286303984111111
6184b5a5-91f4-4a7b-9b78-dd673e07b867,f10c436a-228b-465f-8c3a-c5be3213245e,1702286304014044444
6184b5a5-91f4-4a7b-9b78-dd673e07b867,f10c436a-228b-465f-8c3a-c5be3213245e,1702286304050977777
6184b5a5-91f4-4a7b-9b78-dd673e07b867,f10c436a-228b-465f-8c3a-c5be3213245e,1702286304084244444
6184b5a5-91f4-4a7b-9b78-dd673e07b867,f10c436a-228b-465f-8c3a-c5be3213245e,1702286304116377777
6184b5a5-91f4-4a7b-9b78-dd673e07b867,f10c436a-228b-465f-8c3a-c5be3213245e,1702286304151244444
6184b5a5-91f4-4a7b-9b78-dd673e07b867,f10c436a-228b-465f-8c3a-c5be3213245e,1702286304183722222
6184b5a5-91f4-4a7b-9b78-dd673e07b867,f10c436a-228b-465f-8c3a-c5be3213245e,1702286304218722222
6184b5a5-91f4-4a7b-9b78-dd673e07b867,f10c436a-228b-465f-8c3a-c5be3213245e,1702286304252133333
6184b5a5-91f4-4a7b-9b78-dd673e07b867,f10c436a-228b-465f-8c3a-c5be3213245e,1702286304284477777
6184b5a5-91f4-4a7b-9b78-dd673e07b867,f10c436a-228b-465f-8c3a-c5be3213245e,1702286304313677777
6184b5a5-91f4-4a7b-9b78-dd673e07b867,f10c436a-228b-465f-8c3a-c5be3213245e,1702286304350622222
6184b5a5-91f4-4a7b-9b78-dd673e07b867,f10c436a-228b-465f-8c3a-c5be3213245e,1702286304380800000
6184b5a5-91f4-4a7b-9b78-dd673e07b867,f10c436a-228b-465f-8c3a-c5be3213245e,1702286304413666666
6184b5a5-91f4-4a7b-9b78-dd673e07b867,f10c436a-228b-465f-8c3a-c5be3213245e,1702286304449188888
6184b5a5-91f4-4a7b-9b78-dd673e07b867,f10c436a-228b-465f-8c3a-c5be3213245e,1702286304481088888
6184b5a5-91f4-4a7b-9b78-dd673e07b867,f10c436a-228b-465f-8c3a-c5be3213245e,1702286304512855555
6184b5a5-91f4-4a7b-9b78-dd673e07b867,f10c436a-228b-465f-8c3a-c5be3213245e,1702286304553288888
6184b5a5-91f4-4a7b-9b78-dd673e07b867,f10c436a-228b-465f-8c3a-c5be3213245e,1702286304584266666
6184b5a5-91f4-4a7b-9b78-dd673e07b867,f10c436a-228b-465f-8c3a-c5be3213245e,1702286304616500000
6184b5a5-91f4-4a7b-9b78-dd673e07b867,f10c436a-228b-465f-8c3a-c5be3213245e,1702286304653377777
6184b5a5-91f4-4a7b-9b78-dd673e07b867,f10c436a-228b-465f-8c3a-c5be3213245e,1702286304684533333
6184b5a5-91f4-4a7b-9b78-dd673e07b867,f10c436a-228b-465f-8c3a-c5be3213245e,1702286304716344444
6184b5a5-91f4-4a7b-9b78-dd673e07b867,f10c436a-228b-465f-8c3a-c5be3213245e,1702286304751011111
6184b5a5-91f4-4a7b-9b78-dd673e07b867,f10c436a-228b-465f-8c3a-c5be3213245e,1702286304783133333
6184b5a5-91f4-4a7b-9b78-dd673e07b867,f10c436a-228b-465f-8c3a-c5be3213245e,1702286304815966666
6184b5a5-91f4-4a7b-9b78-dd673e07b867,f10c436a-228b-465f-8c3a-c5be3213245e,1702286304854022222
6184b5a5-91f4-4a7b-9b78-dd673e07b867,f10c436a-228b-465f-8c3a-c5be3213245e,1702286304883177777
6184b5a5-91f4-4a7b-9b78-dd673e07b867,f10c436a-228b-465f-8c3a-c5be3213245e,1702286304913777777
6184b5a5-91f4-4a7b-9b78-dd673e07b867,f10c436a-228b-465f-8c3a-c5be3213245e,1702286304949066666
6184b5a5-91f4-4a7b-9b78-dd673e07b867,f10c436a-228b-465f-8c3a-c5be3213245e,1702286304981611111
6184b5a5-91f4-4a7b-9b78-dd673e07b867,f10c436a-228b-465f-8c3a-c5be3213245e,1702286305014966666
6184b5a5-91f4-4a7b-9b78-dd673e07b867,f10c436a-228b-465f-8c3a-c5be3213245e,1702286305049555555
6184b5a5-91f4-4a7b-9b78-dd673e07b867,f10c436a-228b-465f-8c3a-c5be3213245e,1702286305081744444
6184b5a5-91f4-4a7b-9b78-dd673e07b867,f10c436a-228b-465f-8c3a-c5be3213245e,1702286305112600000
6184b5a5-91f4-4a7b-9b78-dd673e07b867,f10c436a-228b-465f-8c3a-c5be3213245e,1702286305152633333
6184b5a5-91f4-4a7b-9b78-dd673e07b867,f10c436a-228b-465f-8c3a-c5be3213245e,1702286305185033333
6184b5a5-91f4-4a7b-9b78-dd673e07b867,f10c436a-228b-465f-8c3a-c5be3213245e,1702286305214877777
6184b5a5-91f4-4a7b-9b78-dd673e07b867,f10c436a-228b-465f-8c3a-c5be3213245e,1702286305250300000
6184b5a5-91f4-4a7b-9b78-dd673e07b867,f10c436a-228b-465f-8c3a-c5be3213245e,1702286305285244444
6184b5a5-91f4-4a7b-9b78-dd673e07b867,f10c436a-228b-465f-8c3a-c5be3213245e,1702286305317333333
6184b5a5-91f4-4a7b-9b78-dd673e07b867,f10c436a-228b-465f-8c3a-c5be3213245e,1702286305350188888
6184b5a5-91f4-4a7b-9b78-dd673e07b867,f10c436a-228b-465f-8c3a-c5be3213245e,1702286305384088888
6184b5a5-91f4-4a7b-9b78-dd673e07b867,f10c436a-228b-465f-8c3a-c5be3213245e,1702286305414122222
6184b5a5-91f4-4a7b-9b78-dd673e07b867,f10c436a-228b-465f-8c3a-c5be3213245e,1702286305452100000
6184b5a5-91f4-4a7b-9b78-dd673e07b867,f10c436a-228b-465f-8c3a-c5be3213245e,1702286305481022222
6184b5a5-91f4-4a7b-9b78-dd673e07b867,f10c436a-228b-465f-8c3a-c5be3213245e,1702286305513866666
6184b5a5-91f4-4a7b-9b78-dd673e07b867,f10c436a-228b-465f-8c3a-c5be3213245e,1702286305549188888
6184b5a5-91f4-4a7b-9b78-dd673e07b867,f10c436a-228b-465f-8c3a-c5be3213245e,1702286305583222222
6184b5a5-91f4-4a7b-9b78-dd673e07b867,f10c436a-228b-465f-8c3a-c5be3213245e,1702286305616000000
6184b5a5-91f4-4a7b-9b78-dd673e07b867,f10c436a-228b-465f-8c3a-c5be3213245e,1702286305649577777
6184b5a5-91f4-4a7b-9b78-dd673e07b867,f10c436a-228b-465f-8c3a-c5be3213245e,1702286305681755555
6184b5a5-91f4-4a7b-9b78-dd673e07b867,f10c436a-228b-465f-8c3a-c5be3213245e,1702286305712844444
6184b5a5-91f4-4a7b-9b78-dd673e07b867,f10c436a-228b-465f-8c3a-c5be3213245e,1702286305753544444
6184b5a5-91f4-4a7b-9b78-dd673e07b867,f10c436a-228b-465f-8c3a-c5be3213245e,1702286305782500000
6184b5a5-91f4-4a7b-9b78-dd673e07b867,f10c436a-228b-465f-8c3a-c5be3213245e,1702286305815666666
6184b5a5-91f4-4a7b-9b78-dd673e07b867,f10c436a-228b-465f-8c3a-c5be3213245e,1702286305849411111
6184b5a5-91f4-4a7b-9b78-dd673e07b867,f10c436a-228b-465f-8c3a-c5be3213245e,1702286305885588888
6184b5a5-91f4-4a7b-9b78-dd673e07b867,f10c436a-228b-465f-8c3a-c5be3213245e,1702286305915166666
6184b5a5-91f4-4a7b-9b78-dd673e07b867,f10c436a-228b-465f-8c3a-c5be3213245e,1702286305950688888
6184b5a5-91f4-4a7b-9b78-dd673e07b867,f10c436a-228b-465f-8c3a-c5be3213245e,1702286305981600000
6184b5a5-91f4-4a7b-9b78-dd673e07b867,f10c436a-228b-465f-8c3a-c5be3213245e,1702286306014277777
6184b5a5-91f4-4a7b-9b78-dd673e07b867,f10c436a-228b-465f-8c3a-c5be3213245e,1702286306050277777
6184b5a5-91f4-4a7b-9b78-dd673e07b867,f10c436a-228b-465f-8c3a-c5be3213245e,1702286306081988888
6184b5a5-91f4-4a7b-9b78-dd673e07b867,f10c436a-228b-465f-8c3a-c5be3213245e,1702286306115411111
6184b5a5-91f4-4a7b-9b78-dd673e07b867,f10c436a-228b-465f-8c3a-c5be3213245e,1702286306150166666
6184b5a5-91f4-4a7b-9b78-dd673e07b867,f10c436a-228b-465f-8c3a-c5be3213245e,1702286306182577777
6184b5a5-91f4-4a7b-9b78-dd673e07b867,f10c436a-228b-465f-8c3a-c5be3213245e,1702286306213822222
6184b5a5-91f4-4a7b-9b78-dd673e07b867,f10c436a-228b-465f-8c3a-c5be3213245e,1702286306251300000
6184b5a5-91f4-4a7b-9b78-dd673e07b867,f10c436a-228b-465f-8c3a-c5be3213245e,1702286306280955555
6184b5a5-91f4-4a7b-9b78-dd673e07b867,f10c436a-228b-465f-8c3a-c5be3213245e,1702286306313855555
6184b5a5-91f4-4a7b-9b78-dd673e07b867,f10c436a-228b-465f-8c3a-c5be3213245e,1702286306350755555
6184b5a5-91f4-4a7b-9b78-dd673e07b867,f10c436a-228b-465f-8c3a-c5be3213245e,1702286306383433333
6184b5a5-91f4-4a7b-9b78-dd673e07b867,f10c436a-228b-465f-8c3a-c5be3213245e,1702286306413422222
6184b5a5-91f4-4a7b-9b78-dd673e07b867,f10c436a-228b-465f-8c3a-c5be3213245e,1702286306446455555
6184b5a5-91f4-4a7b-9b78-dd673e07b867,f10c436a-228b-465f-8c3a-c5be3213245e,1702286306483355555
6184b5a5-91f4-4a7b-9b78-dd673e07b867,f10c436a-228b-465f-8c3a-c5be3213245e,1702286306516655555
6184b5a5-91f4-4a7b-9b78-dd673e07b867,f10c436a-228b-465f-8c3a-c5be3213245e,1702286306550433333
6184b5a5-91f4-4a7b-9b78-dd673e07b867,f10c436a-228b-465f-8c3a-c5be3213245e,1702286306582522222
6184b5a5-91f4-4a7b-9b78-dd673e07b867,f10c436a-228b-465f-8c3a-c5be3213245e,1702286306614555555
6184b5a5-91f4-4a7b-9b78-dd673e07b867,f10c436a-228b-465f-8c3a-c5be3213245e,1702286306648177777
6184b5a5-91f4-4a7b-9b78-dd673e07b867,f10c436a-228b-465f-8c3a-c5be3213245e,1702286306682600000
6184b5a5-91f4-4a7b-9b78-dd673e07b867,f10c436a-228b-465f-8c3a-c5be3213245e,1702286306712888888
6184b5a5-91f4-4a7b-9b78-dd673e07b867,f10c436a-228b-465f-8c3a-c5be3213245e,1702286306746433333
6184b5a5-91f4-4a7b-9b78-dd673e07b867,f10c436a-228b-465f-8c3a-c5be3213245e,1702286306783333333
6184b5a5-91f4-4a7b-9b78-dd673e07b867,f10c436a-228b-465f-8c3a-c5be3213245e,1702286306816411111
6184b5a5-91f4-4a7b-9b78-dd673e07b867,f10c436a-228b-465f-8c3a-c5be3213245e,1702286306846822222
6184b5a5-91f4-4a7b-9b78-dd673e07b867,f10c436a-228b-465f-8c3a-c5be3213245e,1702286306880733333
6184b5a5-91f4-4a7b-9b78-dd673e07b867,f10c436a-228b-465f-8c3a-c5be3213245e,1702286306914911111
6184b5a5-91f4-4a7b-9b78-dd673e07b867,f10c436a-228b-465f-8c3a-c5be3213245e,1702286306947188888
6184b5a5-91f4-4a7b-9b78-dd673e07b867,f10c436a-228b-465f-8c3a-c5be3213245e,1702286306986333333
6184b5a5-91f4-4a7b-9b78-dd673e07b867,f10c436a-228b-465f-8c3a-c5be3213245e,1702286307020900000
6184b5a5-91f4-4a7b-9b78-dd673e07b867,f10c436a-228b-465f-8c3a-c5be3213245e,1702286307048377777
6184b5a5-91f4-4a7b-9b78-dd673e07b867,f10c436a-228b-465f-8c3a-c5be3213245e,1702286307084900000
6184b5a5-91f4-4a7b-9b78-dd673e07b867,f10c436a-228b-465f-8c3a-c5be3213245e,1702286307117300000
6184b5a5-91f4-4a7b-9b78-dd673e07b867,f10c436a-228b-465f-8c3a-c5be3213245e,1702286307148366666
6184b5a5-91f4-4a7b-9b78-dd673e07b867,f10c436a-228b-465f-8c3a-c5be3213245e,1702286307184366666
6184b5a5-91f4-4a7b-9b78-dd673e07b867,f10c436a-228b-465f-8c3a-c5be3213245e,1702286307218533333
6184b5a5-91f4-4a7b-9b78-dd673e07b867,f10c436a-228b-465f-8c3a-c5be3213245e,1702286307244900000
6184b5a5-91f4-4a7b-9b78-dd673e07b867,f10c436a-228b-465f-8c3a-c5be3213245e,1702286307281311111
6184b5a5-91f4-4a7b-9b78-dd673e07b867,f10c436a-228b-465f-8c3a-c5be3213245e,1702286307312777777
6184b5a5-91f4-4a7b-9b78-dd673e07b867,f10c436a-228b-465f-8c3a-c5be3213245e,1702286307348255555
6184b5a5-91f4-4a7b-9b78-dd673e07b867,f10c436a-228b-465f-8c3a-c5be3213245e,1702286307383922222
6184b5a5-91f4-4a7b-9b78-dd673e07b867,f10c436a-228b-465f-8c3a-c5be3213245e,1702286307413866666
6184b5a5-91f4-4a7b-9b78-dd673e07b867,f10c436a-228b-465f-8c3a-c5be3213245e,1702286307444866666
6184b5a5-91f4-4a7b-9b78-dd673e07b867,f10c436a-228b-465f-8c3a-c5be3213245e,1702286307481511111
6184b5a5-91f4-4a7b-9b78-dd673e07b867,f10c436a-228b-465f-8c3a-c5be3213245e,1702286307517833333
6184b5a5-91f4-4a7b-9b78-dd673e07b867,f10c436a-228b-465f-8c3a-c5be3213245e,1702286307547788888
6184b5a5-91f4-4a7b-9b78-dd673e07b867,f10c436a-228b-465f-8c3a-c5be3213245e,1702286307585722222
6184b5a5-91f4-4a7b-9b78-dd673e07b867,f10c436a-228b-465f-8c3a-c5be3213245e,1702286307616300000
6184b5a5-91f4-4a7b-9b78-dd673e07b867,f10c436a-228b-465f-8c3a-c5be3213245e,1702286307647055555
6184b5a5-91f4-4a7b-9b78-dd673e07b867,f10c436a-228b-465f-8c3a-c5be3213245e,1702286307683222222
6184b5a5-91f4-4a7b-9b78-dd673e07b867,f10c436a-228b-465f-8c3a-c5be3213245e,1702286307717000000
6184b5a5-91f4-4a7b-9b78-dd673e07b867,f10c436a-228b-465f-8c3a-c5be3213245e,1702286307748988888
6184b5a5-91f4-4a7b-9b78-dd673e07b867,f10c436a-228b-465f-8c3a-c5be3213245e,1702286307783611111
6184b5a5-91f4-4a7b-9b78-dd673e07b867,f10c436a-228b-465f-8c3a-c5be3213245e,1702286307819644444
6184b5a5-91f4-4a7b-9b78-dd673e07b867,f10c436a-228b-465f-8c3a-c5be3213245e,1702286307846288888
6184b5a5-91f4-4a7b-9b78-dd673e07b867,f10c436a-228b-465f-8c3a-c5be3213245e,1702286307881733333
6184b5a5-91f4-4a7b-9b78-dd673e07b867,f10c436a-228b-465f-8c3a-c5be3213245e,1702286307916677777
6184b5a5-91f4-4a7b-9b78-dd673e07b867,f10c436a-228b-465f-8c3a-c5be3213245e,1702286307947011111
6184b5a5-91f4-4a7b-9b78-dd673e07b867,f10c436a-228b-465f-8c3a-c5be3213245e,1702286307981800000
6184b5a5-91f4-4a7b-9b78-dd673e07b867,f10c436a-228b-465f-8c3a-c5be3213245e,1702286308014388888
6184b5a5-91f4-4a7b-9b78-dd673e07b867,f10c436a-228b-465f-8c3a-c5be3213245e,1702286308045044444
6184b5a5-91f4-4a7b-9b78-dd673e07b867,f10c436a-228b-465f-8c3a-c5be3213245e,1702286308082511111
6184b5a5-91f4-4a7b-9b78-dd673e07b867,f10c436a-228b-465f-8c3a-c5be3213245e,1702286308116111111
6184b5a5-91f4-4a7b-9b78-dd673e07b867,f10c436a-228b-465f-8c3a-c5be3213245e,1702286308151422222
6184b5a5-91f4-4a7b-9b78-dd673e07b867,f10c436a-228b-465f-8c3a-c5be3213245e,1702286308182522222
6184b5a5-91f4-4a7b-9b78-dd673e07b867,f10c436a-228b-465f-8c3a-c5be3213245e,1702286308214500000
6184b5a5-91f4-4a7b-9b78-dd673e07b867,f10c436a-228b-465f-8c3a-c5be3213245e,1702286308247311111
6184b5a5-91f4-4a7b-9b78-dd673e07b867,f10c436a-228b-465f-8c3a-c5be3213245e,1702286308282188888
6184b5a5-91f4-4a7b-9b78-dd673e07b867,f10c436a-228b-465f-8c3a-c5be3213245e,1702286308317477777
6184b5a5-91f4-4a7b-9b78-dd673e07b867,f10c436a-228b-465f-8c3a-c5be3213245e,1702286308350311111
6184b5a5-91f4-4a7b-9b78-dd673e07b867,f10c436a-228b-465f-8c3a-c5be3213245e,1702286308384966666
6184b5a5-91f4-4a7b-9b78-dd673e07b867,f10c436a-228b-465f-8c3a-c5be3213245e,1702286308413155555
6184b5a5-91f4-4a7b-9b78-dd673e07b867,f10c436a-228b-465f-8c3a-c5be3213245e,1702286308445588888
6184b5a5-91f4-4a7b-9b78-dd673e07b867,f10c436a-228b-465f-8c3a-c5be3213245e,1702286308484355555
6184b5a5-91f4-4a7b-9b78-dd673e07b867,f10c436a-228b-465f-8c3a-c5be3213245e,1702286308519166666
6184b5a5-91f4-4a7b-9b78-dd673e07b867,f10c436a-228b-465f-8c3a-c5be3213245e,1702286308550433333
6184b5a5-91f4-4a7b-9b78-dd673e07b867,f10c436a-228b-465f-8c3a-c5be3213245e,1702286308580866666
6184b5a5-91f4-4a7b-9b78-dd673e07b867,f10c436a-228b-465f-8c3a-c5be3213245e,1702286308613811111
6184b5a5-91f4-4a7b-9b78-dd673e07b867,f10c436a-228b-465f-8c3a-c5be3213245e,1702286308645300000
6184b5a5-91f4-4a7b-9b78-dd673e07b867,f10c436a-228b-465f-8c3a-c5be3213245e,1702286308682633333
6184b5a5-91f4-4a7b-9b78-dd673e07b867,f10c436a-228b-465f-8c3a-c5be3213245e,1702286308716488888
6184b5a5-91f4-4a7b-9b78-dd673e07b867,f10c436a-228b-465f-8c3a-c5be3213245e,1702286308747555555
6184b5a5-91f4-4a7b-9b78-dd673e07b867,f10c436a-228b-465f-8c3a-c5be3213245e,1702286308785133333
6184b5a5-91f4-4a7b-9b78-dd673e07b867,f10c436a-228b-465f-8c3a-c5be3213245e,1702286308815833333
6184b5a5-91f4-4a7b-9b78-dd673e07b867,f10c436a-228b-465f-8c3a-c5be3213245e,1702286308850455555
6184b5a5-91f4-4a7b-9b78-dd673e07b867,f10c436a-228b-465f-8c3a-c5be3213245e,1702286308885333333
6184b5a5-91f4-4a7b-9b78-dd673e07b867,f10c436a-228b-465f-8c3a-c5be3213245e,1702286308916422222
6184b5a5-91f4-4a7b-9b78-dd673e07b867,f10c436a-228b-465f-8c3a-c5be3213245e,1702286308949233333
6184b5a5-91f4-4a7b-9b78-dd673e07b867,f10c436a-228b-465f-8c3a-c5be3213245e,1702286308984477777
6184b5a5-91f4-4a7b-9b78-dd673e07b867,f10c436a-228b-465f-8c3a-c5be3213245e,1702286309012900000
6184b5a5-91f4-4a7b-9b78-dd673e07b867,f10c436a-228b-465f-8c3a-c5be3213245e,1702286309045566666
6184b5a5-91f4-4a7b-9b78-dd673e07b867,f10c436a-228b-465f-8c3a-c5be3213245e,1702286309083822222
6184b5a5-91f4-4a7b-9b78-dd673e07b867,f10c436a-228b-465f-8c3a-c5be3213245e,1702286309116144444
6184b5a5-91f4-4a7b-9b78-dd673e07b867,f10c436a-228b-465f-8c3a-c5be3213245e,1702286309145044444
6184b5a5-91f4-4a7b-9b78-dd673e07b867,f10c436a-228b-465f-8c3a-c5be3213245e,1702286309182666666
6184b5a5-91f4-4a7b-9b78-dd673e07b867,f10c436a-228b-465f-8c3a-c5be3213245e,1702286309213044444
6184b5a5-91f4-4a7b-9b78-dd673e07b867,f10c436a-228b-465f-8c3a-c5be3213245e,1702286309244966666
6184b5a5-91f4-4a7b-9b78-dd673e07b867,f10c436a-228b-465f-8c3a-c5be3213245e,1702286309283266666
6184b5a5-91f4-4a7b-9b78-dd673e07b867,f10c436a-228b-465f-8c3a-c5be3213245e,1702286309315288888
6184b5a5-91f4-4a7b-9b78-dd673e07b867,f10c436a-228b-465f-8c3a-c5be3213245e,1702286309347944444
6184b5a5-91f4-4a7b-9b78-dd673e07b867,f10c436a-228b-465f-8c3a-c5be3213245e,1702286309384555555
6184b5a5-91f4-4a7b-9b78-dd673e07b867,f10c436a-228b-465f-8c3a-c5be3213245e,1702286309418444444
6184b5a5-91f4-4a7b-9b78-dd673e07b867,f10c436a-228b-465f-8c3a-c5be3213245e,1702286309451166666
6184b5a5-91f4-4a7b-9b78-dd673e07b867,f10c436a-228b-465f-8c3a-c5be3213245e,1702286309480000000
6184b5a5-91f4-4a7b-9b78-dd673e07b867,f10c436a-228b-465f-8c3a-c5be3213245e,1702286309516855555
6184b5a5-91f4-4a7b-9b78-dd673e07b867,f10c436a-228b-465f-8c3a-c5be3213245e,1702286309548522222
6184b5a5-91f4-4a7b-9b78-dd673e07b867,f10c436a-228b-465f-8c3a-c5be3213245e,1702286309577077777
6184b5a5-91f4-4a7b-9b78-dd673e07b867,f10c436a-228b-465f-8c3a-c5be3213245e,1702286309614155555
6184b5a5-91f4-4a7b-9b78-dd673e07b867,f10c436a-228b-465f-8c3a-c5be3213245e,1702286309645366666
6184b5a5-91f4-4a7b-9b78-dd673e07b867,f10c436a-228b-465f-8c3a-c5be3213245e,1702286309678400000
6184b5a5-91f4-4a7b-9b78-dd673e07b867,f10c436a-228b-465f-8c3a-c5be3213245e,1702286309713955555
6184b5a5-91f4-4a7b-9b78-dd673e07b867,f10c436a-228b-465f-8c3a-c5be3213245e,1702286309744377777
6184b5a5-91f4-4a7b-9b78-dd673e07b867,f10c436a-228b-465f-8c3a-c5be3213245e,1702286309777300000
6184b5a5-91f4-4a7b-9b78-dd673e07b867,f10c436a-228b-465f-8c3a-c5be3213245e,1702286309817522222
6184b5a5-91f4-4a7b-9b78-dd673e07b867,f10c436a-228b-465f-8c3a-c5be3213245e,1702286309847711111
6184b5a5-91f4-4a7b-9b78-dd673e07b867,f10c436a-228b-465f-8c3a-c5be3213245e,1702286309882244444
6184b5a5-91f4-4a7b-9b78-dd673e07b867,f10c436a-228b-465f-8c3a-c5be3213245e,1702286309916855555
6184b5a5-91f4-4a7b-9b78-dd673e07b867,f10c436a-228b-465f-8c3a-c5be3213245e,1702286309949833333
6184b5a5-91f4-4a7b-9b78-dd673e07b867,f10c436a-228b-465f-8c3a-c5be3213245e,1702286309980255555
6184b5a5-91f4-4a7b-9b78-dd673e07b867,f10c436a-228b-465f-8c3a-c5be3213245e,1702286310016300000
6184b5a5-91f4-4a7b-9b78-dd673e07b867,f10c436a-228b-465f-8c3a-c5be3213245e,1702286310047433333
6184b5a5-91f4-4a7b-9b78-dd673e07b867,f10c436a-228b-465f-8c3a-c5be3213245e,1702286310081511111
6184b5a5-91f4-4a7b-9b78-dd673e07b867,f10c436a-228b-465f-8c3a-c5be3213245e,1702286310116744444
6184b5a5-91f4-4a7b-9b78-dd673e07b867,f10c436a-228b-465f-8c3a-c5be3213245e,1702286310147844444
6184b5a5-91f4-4a7b-9b78-dd673e07b867,f10c436a-228b-465f-8c3a-c5be3213245e,1702286310178255555
6184b5a5-91f4-4a7b-9b78-dd673e07b867,f10c436a-228b-465f-8c3a-c5be3213245e,1702286310213022222
6184b5a5-91f4-4a7b-9b78-dd673e07b867,f10c436a-228b-465f-8c3a-c5be3213245e,1702286310245311111
6184b5a5-91f4-4a7b-9b78-dd673e07b867,f10c436a-228b-465f-8c3a-c5be3213245e,1702286310277600000
6184b5a5-91f4-4a7b-9b78-dd673e07b867,f10c436a-228b-465f-8c3a-c5be3213245e,1702286310313388888
6184b5a5-91f4-4a7b-9b78-dd673e07b867,f10c436a-228b-465f-8c3a-c5be3213245e,1702286310345066666
6184b5a5-91f4-4a7b-9b78-dd673e07b867,f10c436a-228b-465f-8c3a-c5be3213245e,1702286310377688888
6184b5a5-91f4-4a7b-9b78-dd673e07b867,f10c436a-228b-465f-8c3a-c5be3213245e,1702286310418633333
6184b5a5-91f4-4a7b-9b78-dd673e07b867,f10c436a-228b-465f-8c3a-c5be3213245e,1702286310447955555
6184b5a5-91f4-4a7b-9b78-dd673e07b867,f10c436a-228b-465f-8c3a-c5be3213245e,1702286310481811111
6184b5a5-91f4-4a7b-9b78-dd673e07b867,f10c436a-228b-465f-8c3a-c5be3213245e,1702286310519477777
6184b5a5-91f4-4a7b-9b78-dd673e07b867,f10c436a-228b-465f-8c3a-c5be3213245e,1702286310547577777
6184b5a5-91f4-4a7b-9b78-dd673e07b867,f10c436a-228b-465f-8c3a-c5be3213245e,1702286310580688888
6184b5a5-91f4-4a7b-9b78-dd673e07b867,f10c436a-228b-465f-8c3a-c5be3213245e,1702286310614633333
6184b5a5-91f4-4a7b-9b78-dd673e07b867,f10c436a-228b-465f-8c3a-c5be3213245e,1702286310645988888
6184b5a5-91f4-4a7b-9b78-dd673e07b867,f10c436a-228b-465f-8c3a-c5be3213245e,1702286310679655555
6184b5a5-91f4-4a7b-9b78-dd673e07b867,f10c436a-228b-465f-8c3a-c5be3213245e,1702286310715644444
6184b5a5-91f4-4a7b-9b78-dd673e07b867,f10c436a-228b-465f-8c3a-c5be3213245e,1702286310746588888
6184b5a5-91f4-4a7b-9b78-dd673e07b867,f10c436a-228b-465f-8c3a-c5be3213245e,1702286310779911111
6184b5a5-91f4-4a7b-9b78-dd673e07b867,f10c436a-228b-465f-8c3a-c5be3213245e,1702286310869822222
6184b5a5-91f4-4a7b-9b78-dd673e07b867,f10c436a-228b-465f-8c3a-c5be3213245e,1702286310887622222
6184b5a5-91f4-4a7b-9b78-dd673e07b867,f10c436a-228b-465f-8c3a-c5be3213245e,1702286310913311111
6184b5a5-91f4-4a7b-9b78-dd673e07b867,f10c436a-228b-465f-8c3a-c5be3213245e,1702286310946977777
6184b5a5-91f4-4a7b-9b78-dd673e07b867,f10c436a-228b-465f-8c3a-c5be3213245e,1702286310985088888
6184b5a5-91f4-4a7b-9b78-dd673e07b867,f10c436a-228b-465f-8c3a-c5be3213245e,1702286311019155555
6184b5a5-91f4-4a7b-9b78-dd673e07b867,f10c436a-228b-465f-8c3a-c5be3213245e,1702286311057533333
6184b5a5-91f4-4a7b-9b78-dd673e07b867,f10c436a-228b-465f-8c3a-c5be3213245e,1702286311082311111
6184b5a5-91f4-4a7b-9b78-dd673e07b867,f10c436a-228b-465f-8c3a-c5be3213245e,1702286311117044444
6184b5a5-91f4-4a7b-9b78-dd673e07b867,f10c436a-228b-465f-8c3a-c5be3213245e,1702286311148733333
6184b5a5-91f4-4a7b-9b78-dd673e07b867,f10c436a-228b-465f-8c3a-c5be3213245e,1702286311179555555
6184b5a5-91f4-4a7b-9b78-dd673e07b867,f10c436a-228b-465f-8c3a-c5be3213245e,1702286311218622222
6184b5a5-91f4-4a7b-9b78-dd673e07b867,f10c436a-228b-465f-8c3a-c5be3213245e,1702286311247855555
6184b5a5-91f4-4a7b-9b78-dd673e07b867,f10c436a-228b-465f-8c3a-c5be3213245e,1702286311286633333
6184b5a5-91f4-4a7b-9b78-dd673e07b867,f10c436a-228b-465f-8c3a-c5be3213245e,1702286311322277777
6184b5a5-91f4-4a7b-9b78-dd673e07b867,f10c436a-228b-465f-8c3a-c5be3213245e,1702286311356555555
6184b5a5-91f4-4a7b-9b78-dd673e07b867,f10c436a-228b-465f-8c3a-c5be3213245e,1702286311388000000
6184b5a5-91f4-4a7b-9b78-dd673e07b867,f10c436a-228b-465f-8c3a-c5be3213245e,1702286311423211111
6184b5a5-91f4-4a7b-9b78-dd673e07b867,f10c436a-228b-465f-8c3a-c5be3213245e,1702286311448066666
6184b5a5-91f4-4a7b-9b78-dd673e07b867,f10c436a-228b-465f-8c3a-c5be3213245e,1702286311477644444
6184b5a5-91f4-4a7b-9b78-dd673e07b867,f10c436a-228b-465f-8c3a-c5be3213245e,1702286311515022222
6184b5a5-91f4-4a7b-9b78-dd673e07b867,f10c436a-228b-465f-8c3a-c5be3213245e,1702286311550277777
6184b5a5-91f4-4a7b-9b78-dd673e07b867,f10c436a-228b-465f-8c3a-c5be3213245e,1702286311581766666
6184b5a5-91f4-4a7b-9b78-dd673e07b867,f10c436a-228b-465f-8c3a-c5be3213245e,1702286311620944444
6184b5a5-91f4-4a7b-9b78-dd673e07b867,f10c436a-228b-465f-8c3a-c5be3213245e,1702286311659511111
6184b5a5-91f4-4a7b-9b78-dd673e07b867,f10c436a-228b-465f-8c3a-c5be3213245e,1702286311692288888
6184b5a5-91f4-4a7b-9b78-dd673e07b867,f10c436a-228b-465f-8c3a-c5be3213245e,1702286311725333333
6184b5a5-91f4-4a7b-9b78-dd673e07b867,f10c436a-228b-465f-8c3a-c5be3213245e,1702286311754333333
6184b5a5-91f4-4a7b-9b78-dd673e07b867,f10c436a-228b-465f-8c3a-c5be3213245e,1702286311793411111
6184b5a5-91f4-4a7b-9b78-dd673e07b867,f10c436a-228b-465f-8c3a-c5be3213245e,1702286311831033333
6184b5a5-91f4-4a7b-9b78-dd673e07b867,f10c436a-228b-465f-8c3a-c5be3213245e,1702286311856366666
6184b5a5-91f4-4a7b-9b78-dd673e07b867,f10c436a-228b-465f-8c3a-c5be3213245e,1702286311889044444
6184b5a5-91f4-4a7b-9b78-dd673e07b867,f10c436a-228b-465f-8c3a-c5be3213245e,1702286311924777777
6184b5a5-91f4-4a7b-9b78-dd673e07b867,f10c436a-228b-465f-8c3a-c5be3213245e,1702286311958544444
6184b5a5-91f4-4a7b-9b78-dd673e07b867,f10c436a-228b-465f-8c3a-c5be3213245e,1702286311988866666
6184b5a5-91f4-4a7b-9b78-dd673e07b867,f10c436a-228b-465f-8c3a-c5be3213245e,1702286312024444444
6184b5a5-91f4-4a7b-9b78-dd673e07b867,f10c436a-228b-465f-8c3a-c5be3213245e,1702286312057166666
6184b5a5-91f4-4a7b-9b78-dd673e07b867,f10c436a-228b-465f-8c3a-c5be3213245e,1702286312089211111
6184b5a5-91f4-4a7b-9b78-dd673e07b867,f10c436a-228b-465f-8c3a-c5be3213245e,1702286312113500000
6184b5a5-91f4-4a7b-9b78-dd673e07b867,f10c436a-228b-465f-8c3a-c5be3213245e,1702286312148333333
6184b5a5-91f4-4a7b-9b78-dd673e07b867,f10c436a-228b-465f-8c3a-c5be3213245e,1702286312180377777
6184b5a5-91f4-4a7b-9b78-dd673e07b867,f10c436a-228b-465f-8c3a-c5be3213245e,1702286312224533333
6184b5a5-91f4-4a7b-9b78-dd673e07b867,f10c436a-228b-465f-8c3a-c5be3213245e,1702286312257355555
6184b5a5-91f4-4a7b-9b78-dd673e07b867,f10c436a-228b-465f-8c3a-c5be3213245e,1702286312288955555
6184b5a5-91f4-4a7b-9b78-dd673e07b867,f10c436a-228b-465f-8c3a-c5be3213245e,1702286312326277777
6184b5a5-91f4-4a7b-9b78-dd673e07b867,f10c436a-228b-465f-8c3a-c5be3213245e,1702286312354266666
6184b5a5-91f4-4a7b-9b78-dd673e07b867,f10c436a-228b-465f-8c3a-c5be3213245e,1702286312386066666
6184b5a5-91f4-4a7b-9b78-dd673e07b867,f10c436a-228b-465f-8c3a-c5be3213245e,1702286312425133333
6184b5a5-91f4-4a7b-9b78-dd673e07b867,f10c436a-228b-465f-8c3a-c5be3213245e,1702286312456955555
6184b5a5-91f4-4a7b-9b78-dd673e07b867,f10c436a-228b-465f-8c3a-c5be3213245e,1702286312488766666
6184b5a5-91f4-4a7b-9b78-dd673e07b867,f10c436a-228b-465f-8c3a-c5be3213245e,1702286312526833333
6184b5a5-91f4-4a7b-9b78-dd673e07b867,f10c436a-228b-465f-8c3a-c5be3213245e,1702286312556533333
6184b5a5-91f4-4a7b-9b78-dd673e07b867,f10c436a-228b-465f-8c3a-c5be3213245e,1702286312585288888
6184b5a5-91f4-4a7b-9b78-dd673e07b867,f10c436a-228b-465f-8c3a-c5be3213245e,1702286312617811111
6184b5a5-91f4-4a7b-9b78-dd673e07b867,f10c436a-228b-465f-8c3a-c5be3213245e,1702286312661066666
6184b5a5-91f4-4a7b-9b78-dd673e07b867,f10c436a-228b-465f-8c3a-c5be3213245e,1702286312680300000
6184b5a5-91f4-4a7b-9b78-dd673e07b867,f10c436a-228b-465f-8c3a-c5be3213245e,1702286312711755555
6184b5a5-91f4-4a7b-9b78-dd673e07b867,f10c436a-228b-465f-8c3a-c5be3213245e,1702286312745211111
6184b5a5-91f4-4a7b-9b78-dd673e07b867,f10c436a-228b-465f-8c3a-c5be3213245e,1702286312778277777
6184b5a5-91f4-4a7b-9b78-dd673e07b867,f10c436a-228b-465f-8c3a-c5be3213245e,1702286312817333333
6184b5a5-91f4-4a7b-9b78-dd673e07b867,f10c436a-228b-465f-8c3a-c5be3213245e,1702286312856955555
6184b5a5-91f4-4a7b-9b78-dd673e07b867,f10c436a-228b-465f-8c3a-c5be3213245e,1702286312888922222
6184b5a5-91f4-4a7b-9b78-dd673e07b867,f10c436a-228b-465f-8c3a-c5be3213245e,1702286312920666666
6184b5a5-91f4-4a7b-9b78-dd673e07b867,f10c436a-228b-465f-8c3a-c5be3213245e,1702286312960455555
6184b5a5-91f4-4a7b-9b78-dd673e07b867,f10c436a-228b-465f-8c3a-c5be3213245e,1702286312992455555
6184b5a5-91f4-4a7b-9b78-dd673e07b867,f10c436a-228b-465f-8c3a-c5be3213245e,1702286313019100000
6184b5a5-91f4-4a7b-9b78-dd673e07b867,f10c436a-228b-465f-8c3a-c5be3213245e,1702286313062955555
6184b5a5-91f4-4a7b-9b78-dd673e07b867,f10c436a-228b-465f-8c3a-c5be3213245e,1702286313088577777
6184b5a5-91f4-4a7b-9b78-dd673e07b867,f10c436a-228b-465f-8c3a-c5be3213245e,1702286313121011111
6184b5a5-91f4-4a7b-9b78-dd673e07b867,f10c436a-228b-465f-8c3a-c5be3213245e,1702286313160622222
6184b5a5-91f4-4a7b-9b78-dd673e07b867,f10c436a-228b-465f-8c3a-c5be3213245e,1702286313189300000
6184b5a5-91f4-4a7b-9b78-dd673e07b867,f10c436a-228b-465f-8c3a-c5be3213245e,1702286313221422222
6184b5a5-91f4-4a7b-9b78-dd673e07b867,f10c436a-228b-465f-8c3a-c5be3213245e,1702286313257555555
6184b5a5-91f4-4a7b-9b78-dd673e07b867,f10c436a-228b-465f-8c3a-c5be3213245e,1702286313290066666
6184b5a5-91f4-4a7b-9b78-dd673e07b867,f10c436a-228b-465f-8c3a-c5be3213245e,1702286313309477777
6184b5a5-91f4-4a7b-9b78-dd673e07b867,f10c436a-228b-465f-8c3a-c5be3213245e,1702286313346488888
6184b5a5-91f4-4a7b-9b78-dd673e07b867,f10c436a-228b-465f-8c3a-c5be3213245e,1702286313377966666
6184b5a5-91f4-4a7b-9b78-dd673e07b867,f10c436a-228b-465f-8c3a-c5be3213245e,1702286313409844444
6184b5a5-91f4-4a7b-9b78-dd673e07b867,f10c436a-228b-465f-8c3a-c5be3213245e,1702286313450855555
6184b5a5-91f4-4a7b-9b78-dd673e07b867,f10c436a-228b-465f-8c3a-c5be3213245e,1702286313477744444
6184b5a5-91f4-4a7b-9b78-dd673e07b867,f10c436a-228b-465f-8c3a-c5be3213245e,1702286313511366666
6184b5a5-91f4-4a7b-9b78-dd673e07b867,f10c436a-228b-465f-8c3a-c5be3213245e,1702286313546666666
6184b5a5-91f4-4a7b-9b78-dd673e07b867,f10c436a-228b-465f-8c3a-c5be3213245e,1702286313580344444
6184b5a5-91f4-4a7b-9b78-dd673e07b867,f10c436a-228b-465f-8c3a-c5be3213245e,1702286313609877777
6184b5a5-91f4-4a7b-9b78-dd673e07b867,f10c436a-228b-465f-8c3a-c5be3213245e,1702286313646677777
6184b5a5-91f4-4a7b-9b78-dd673e07b867,f10c436a-228b-465f-8c3a-c5be3213245e,1702286313676900000
6184b5a5-91f4-4a7b-9b78-dd673e07b867,f10c436a-228b-465f-8c3a-c5be3213245e,1702286313709777777
6184b5a5-91f4-4a7b-9b78-dd673e07b867,f10c436a-228b-465f-8c3a-c5be3213245e,1702286313746511111
6184b5a5-91f4-4a7b-9b78-dd673e07b867,f10c436a-228b-465f-8c3a-c5be3213245e,1702286313779988888
6184b5a5-91f4-4a7b-9b78-dd673e07b867,f10c436a-228b-465f-8c3a-c5be3213245e,1702286313810677777
6184b5a5-91f4-4a7b-9b78-dd673e07b867,f10c436a-228b-465f-8c3a-c5be3213245e,1702286313846911111
6184b5a5-91f4-4a7b-9b78-dd673e07b867,f10c436a-228b-465f-8c3a-c5be3213245e,1702286313877633333
6184b5a5-91f4-4a7b-9b78-dd673e07b867,f10c436a-228b-465f-8c3a-c5be3213245e,1702286313910022222
6184b5a5-91f4-4a7b-9b78-dd673e07b867,f10c436a-228b-465f-8c3a-c5be3213245e,1702286313946155555
6184b5a5-91f4-4a7b-9b78-dd673e07b867,f10c436a-228b-465f-8c3a-c5be3213245e,1702286313976511111
6184b5a5-91f4-4a7b-9b78-dd673e07b867,f10c436a-228b-465f-8c3a-c5be3213245e,1702286314017233333
6184b5a5-91f4-4a7b-9b78-dd673e07b867,f10c436a-228b-465f-8c3a-c5be3213245e,1702286314047233333
6184b5a5-91f4-4a7b-9b78-dd673e07b867,f10c436a-228b-465f-8c3a-c5be3213245e,1702286314078722222
6184b5a5-91f4-4a7b-9b78-dd673e07b867,f10c436a-228b-465f-8c3a-c5be3213245e,1702286314109344444
6184b5a5-91f4-4a7b-9b78-dd673e07b867,f10c436a-228b-465f-8c3a-c5be3213245e,1702286314145388888
6184b5a5-91f4-4a7b-9b78-dd673e07b867,f10c436a-228b-465f-8c3a-c5be3213245e,1702286314178400000
6184b5a5-91f4-4a7b-9b78-dd673e07b867,f10c436a-228b-465f-8c3a-c5be3213245e,1702286314209144444
