section id,recording id,timestamp [ns]
b460d5f9-727a-44a3-86de-8dc9f6fb71db,4b4fabcc-335e-458a-ae28-ebcde5558044,1702288310657000000
b460d5f9-727a-44a3-86de-8dc9f6fb71db,4b4fabcc-335e-458a-ae28-ebcde5558044,1702288310707000000
b460d5f9-727a-44a3-86de-8dc9f6fb71db,4b4fabcc-335e-458a-ae28-ebcde5558044,1702288310757000000
b460d5f9-727a-44a3-86de-8dc9f6fb71db,4b4fabcc-335e-458a-ae28-ebcde5558044,1702288310807000000
b460d5f9-727a-44a3-86de-8dc9f6fb71db,4b4fabcc-335e-458a-ae28-ebcde5558044,1702288310857000000
b460d5f9-727a-44a3-86de-8dc9f6fb71db,4b4fabcc-335e-458a-ae28-ebcde5558044,1702288310907000000
b460d5f9-727a-44a3-86de-8dc9f6fb71db,4b4fabcc-335e-458a-ae28-ebcde5558044,1702288310957000000
b460d5f9-727a-44a3-86de-8dc9f6fb71db,4b4fabcc-335e-458a-ae28-ebcde5558044,1702288311007000000
b460d5f9-727a-44a3-86de-8dc9f6fb71db,4b4fabcc-335e-458a-ae28-ebcde5558044,1702288311057000000
b460d5f9-727a-44a3-86de-8dc9f6fb71db,4b4fabcc-335e-458a-ae28-ebcde5558044,1702288311107000000
b460d5f9-727a-44a3-86de-8dc9f6fb71db,4b4fabcc-335e-458a-ae28-ebcde5558044,1702288311157000000
b460d5f9-727a-44a3-86de-8dc9f6fb71db,4b4fabcc-335e-458a-ae28-ebcde5558044,1702288311207000000
b460d5f9-727a-44a3-86de-8dc9f6fb71db,4b4fabcc-335e-458a-ae28-ebcde5558044,1702288311257000000
b460d5f9-727a-44a3-86de-8dc9f6fb71db,4b4fabcc-335e-458a-ae28-ebcde5558044,1702288311307000000
b460d5f9-727a-44a3-86de-8dc9f6fb71db,4b4fabcc-335e-458a-ae28-ebcde5558044,1702288311357000000
b460d5f9-727a-44a3-86de-8dc9f6fb71db,4b4fabcc-335e-458a-ae28-ebcde5558044,1702288311407000000
b460d5f9-727a-44a3-86de-8dc9f6fb71db,4b4fabcc-335e-458a-ae28-ebcde5558044,1702288311457000000
b460d5f9-727a-44a3-86de-8dc9f6fb71db,4b4fabcc-335e-458a-ae28-ebcde5558044,1702288311507000000
b460d5f9-727a-44a3-86de-8dc9f6fb71db,4b4fabcc-335e-458a-ae28-ebcde5558044,1702288311557000000
b460d5f9-727a-44a3-86de-8dc9f6fb71db,4b4fabcc-335e-458a-ae28-ebcde5558044,1702288311607000000
b460d5f9-727a-44a3-86de-8dc9f6fb71db,4b4fabcc-335e-458a-ae28-ebcde5558044,1702288311657000000
b460d5f9-727a-44a3-86de-8dc9f6fb71db,4b4fabcc-335e-458a-ae28-ebcde5558044,1702288311707000000
b460d5f9-727a-44a3-86de-8dc9f6fb71db,4b4fabcc-335e-458a-ae28-ebcde5558044,1702288311757000000
b460d5f9-727a-44a3-86de-8dc9f6fb71db,4b4fabcc-335e-458a-ae28-ebcde5558044,1702288311807000000
b460d5f9-727a-44a3-86de-8dc9f6fb71db,4b4fabcc-335e-458a-ae28-ebcde5558044,1702288311857000000
b460d5f9-727a-44a3-86de-8dc9f6fb71db,4b4fabcc-335e-458a-ae28-ebcde5558044,1702288311907000000
b460d5f9-727a-44a3-86de-8dc9f6fb71db,4b4fabcc-335e-458a-ae28-ebcde5558044,1702288311957000000
b460d5f9-727a-44a3-86de-8dc9f6fb71db,4b4fabcc-335e-458a-ae28-ebcde5558044,1702288312007000000
b460d5f9-727a-44a3-86de-8dc9f6fb71db,4b4fabcc-335e-458a-ae28-ebcde5558044,1702288312057000000
b460d5f9-727a-44a3-86de-8dc9f6fb71db,4b4fabcc-335e-458a-ae28-ebcde5558044,1702288312107000000
b460d5f9-727a-44a3-86de-8dc9f6fb71db,4b4fabcc-335e-458a-ae28-ebcde5558044,1702288312157000000
b460d5f9-727a-44a3-86de-8dc9f6fb71db,4b4fabcc-335e-458a-ae28-ebcde5558044,1702288312207000000
b460d5f9-727a-44a3-86de-8dc9f6fb71db,4b4fabcc-335e-458a-ae28-ebcde5558044,1702288312257000000
b460d5f9-727a-44a3-86de-8dc9f6fb71db,4b4fabcc-335e-458a-ae28-ebcde5558044,1702288312307000000
b460d5f9-727a-44a3-86de-8dc9f6fb71db,4b4fabcc-335e-458a-ae28-ebcde5558044,1702288312357000000
b460d5f9-727a-44a3-86de-8dc9f6fb71db,4b4fabcc-335e-458a-ae28-ebcde5558044,1702288312407000000
b460d5f9-727a-44a3-86de-8dc9f6fb71db,4b4fabcc-335e-458a-ae28-ebcde5558044,1702288312457000000
b460d5f9-727a-44a3-86de-8dc9f6fb71db,4b4fabcc-335e-458a-ae28-ebcde5558044,1702288312507000000
b460d5f9-727a-44a3-86de-8dc9f6fb71db,4b4fabcc-335e-458a-ae28-ebcde5558044,1702288312557000000
b460d5f9-727a-44a3-86de-8dc9f6fb71db,4b4fabcc-335e-458a-ae28-ebcde5558044,1702288312607000000
b460d5f9-727a-44a3-86de-8dc9f6fb71db,4b4fabcc-335e-458a-ae28-ebcde5558044,1702288312657000000
b460d5f9-727a-44a3-86de-8dc9f6fb71db,4b4fabcc-335e-458a-ae28-ebcde5558044,1702288312680977777
b460d5f9-727a-44a3-86de-8dc9f6fb71db,4b4fabcc-335e-458a-ae28-ebcde5558044,1702288312714133333
b460d5f9-727a-44a3-86de-8dc9f6fb71db,4b4fabcc-335e-458a-ae28-ebcde5558044,1702288312744633333
b460d5f9-727a-44a3-86de-8dc9f6fb71db,4b4fabcc-335e-458a-ae28-ebcde5558044,1702288312776677777
b460d5f9-727a-44a3-86de-8dc9f6fb71db,4b4fabcc-335e-458a-ae28-ebcde5558044,1702288312816355555
b460d5f9-727a-44a3-86de-8dc9f6fb71db,4b4fabcc-335e-458a-ae28-ebcde5558044,1702288312845811111
b460d5f9-727a-44a3-86de-8dc9f6fb71db,4b4fabcc-335e-458a-ae28-ebcde5558044,1702288312879111111
b460d5f9-727a-44a3-86de-8dc9f6fb71db,4b4fabcc-335e-458a-ae28-ebcde5558044,1702288312920233333
b460d5f9-727a-44a3-86de-8dc9f6fb71db,4b4fabcc-335e-458a-ae28-ebcde5558044,1702288312951188888
b460d5f9-727a-44a3-86de-8dc9f6fb71db,4b4fabcc-335e-458a-ae28-ebcde5558044,1702288312981488888
b460d5f9-727a-44a3-86de-8dc9f6fb71db,4b4fabcc-335e-458a-ae28-ebcde5558044,1702288313015577777
b460d5f9-727a-44a3-86de-8dc9f6fb71db,4b4fabcc-335e-458a-ae28-ebcde5558044,1702288313050333333
b460d5f9-727a-44a3-86de-8dc9f6fb71db,4b4fabcc-335e-458a-ae28-ebcde5558044,1702288313078244444
b460d5f9-727a-44a3-86de-8dc9f6fb71db,4b4fabcc-335e-458a-ae28-ebcde5558044,1702288313113555555
b460d5f9-727a-44a3-86de-8dc9f6fb71db,4b4fabcc-335e-458a-ae28-ebcde5558044,1702288313148277777
b460d5f9-727a-44a3-86de-8dc9f6fb71db,4b4fabcc-335e-458a-ae28-ebcde5558044,1702288313180933333
b460d5f9-727a-44a3-86de-8dc9f6fb71db,4b4fabcc-335e-458a-ae28-ebcde5558044,1702288313216822222
b460d5f9-727a-44a3-86de-8dc9f6fb71db,4b4fabcc-335e-458a-ae28-ebcde5558044,1702288313248744444
b460d5f9-727a-44a3-86de-8dc9f6fb71db,4b4fabcc-335e-458a-ae28-ebcde5558044,1702288313284422222
b460d5f9-727a-44a3-86de-8dc9f6fb71db,4b4fabcc-335e-458a-ae28-ebcde5558044,1702288313318666666
b460d5f9-727a-44a3-86de-8dc9f6fb71db,4b4fabcc-335e-458a-ae28-ebcde5558044,1702288313348577777
b460d5f9-727a-44a3-86de-8dc9f6fb71db,4b4fabcc-335e-458a-ae28-ebcde5558044,1702288313383155555
b460d5f9-727a-44a3-86de-8dc9f6fb71db,4b4fabcc-335e-458a-ae28-ebcde5558044,1702288313417344444
b460d5f9-727a-44a3-86de-8dc9f6fb71db,4b4fabcc-335e-458a-ae28-ebcde5558044,1702288313451577777
b460d5f9-727a-44a3-86de-8dc9f6fb71db,4b4fabcc-335e-458a-ae28-ebcde5558044,1702288313482333333
b460d5f9-727a-44a3-86de-8dc9f6fb71db,4b4fabcc-335e-458a-ae28-ebcde5558044,1702288313518133333
b460d5f9-727a-44a3-86de-8dc9f6fb71db,4b4fabcc-335e-458a-ae28-ebcde5558044,1702288313550055555
b460d5f9-727a-44a3-86de-8dc9f6fb71db,4b4fabcc-335e-458a-ae28-ebcde5558044,1702288313580522222
b460d5f9-727a-44a3-86de-8dc9f6fb71db,4b4fabcc-335e-458a-ae28-ebcde5558044,1702288313615833333
b460d5f9-727a-44a3-86de-8dc9f6fb71db,4b4fabcc-335e-458a-ae28-ebcde5558044,1702288313650555555
b460d5f9-727a-44a3-86de-8dc9f6fb71db,4b4fabcc-335e-458a-ae28-ebcde5558044,1702288313682844444
b460d5f9-727a-44a3-86de-8dc9f6fb71db,4b4fabcc-335e-458a-ae28-ebcde5558044,1702288313719488888
b460d5f9-727a-44a3-86de-8dc9f6fb71db,4b4fabcc-335e-458a-ae28-ebcde5558044,1702288313748933333
b460d5f9-727a-44a3-86de-8dc9f6fb71db,4b4fabcc-335e-458a-ae28-ebcde5558044,1702288313782100000
b460d5f9-727a-44a3-86de-8dc9f6fb71db,4b4fabcc-335e-458a-ae28-ebcde5558044,1702288313816311111
b460d5f9-727a-44a3-86de-8dc9f6fb71db,4b4fabcc-335e-458a-ae28-ebcde5558044,1702288313846711111
b460d5f9-727a-44a3-86de-8dc9f6fb71db,4b4fabcc-335e-458a-ae28-ebcde5558044,1702288313881644444
b460d5f9-727a-44a3-86de-8dc9f6fb71db,4b4fabcc-335e-458a-ae28-ebcde5558044,1702288313916755555
b460d5f9-727a-44a3-86de-8dc9f6fb71db,4b4fabcc-335e-458a-ae28-ebcde5558044,1702288313949322222
b460d5f9-727a-44a3-86de-8dc9f6fb71db,4b4fabcc-335e-458a-ae28-ebcde5558044,1702288313982377777
b460d5f9-727a-44a3-86de-8dc9f6fb71db,4b4fabcc-335e-458a-ae28-ebcde5558044,1702288314019255555
b460d5f9-727a-44a3-86de-8dc9f6fb71db,4b4fabcc-335e-458a-ae28-ebcde5558044,1702288314049400000
b460d5f9-727a-44a3-86de-8dc9f6fb71db,4b4fabcc-335e-458a-ae28-ebcde5558044,1702288314084622222
b460d5f9-727a-44a3-86de-8dc9f6fb71db,4b4fabcc-335e-458a-ae28-ebcde5558044,1702288314124444444
b460d5f9-727a-44a3-86de-8dc9f6fb71db,4b4fabcc-335e-458a-ae28-ebcde5558044,1702288314148744444
b460d5f9-727a-44a3-86de-8dc9f6fb71db,4b4fabcc-335e-458a-ae28-ebcde5558044,1702288314180211111
b460d5f9-727a-44a3-86de-8dc9f6fb71db,4b4fabcc-335e-458a-ae28-ebcde5558044,1702288314214088888
b460d5f9-727a-44a3-86de-8dc9f6fb71db,4b4fabcc-335e-458a-ae28-ebcde5558044,1702288314246588888
b460d5f9-727a-44a3-86de-8dc9f6fb71db,4b4fabcc-335e-458a-ae28-ebcde5558044,1702288314280988888
b460d5f9-727a-44a3-86de-8dc9f6fb71db,4b4fabcc-335e-458a-ae28-ebcde5558044,1702288314311744444
b460d5f9-727a-44a3-86de-8dc9f6fb71db,4b4fabcc-335e-458a-ae28-ebcde5558044,1702288314351100000
b460d5f9-727a-44a3-86de-8dc9f6fb71db,4b4fabcc-335e-458a-ae28-ebcde5558044,1702288314380566666
b460d5f9-727a-44a3-86de-8dc9f6fb71db,4b4fabcc-335e-458a-ae28-ebcde5558044,1702288314414966666
b460d5f9-727a-44a3-86de-8dc9f6fb71db,4b4fabcc-335e-458a-ae28-ebcde5558044,1702288314450244444
b460d5f9-727a-44a3-86de-8dc9f6fb71db,4b4fabcc-335e-458a-ae28-ebcde5558044,1702288314483011111
b460d5f9-727a-44a3-86de-8dc9f6fb71db,4b4fabcc-335e-458a-ae28-ebcde5558044,1702288314518466666
b460d5f9-727a-44a3-86de-8dc9f6fb71db,4b4fabcc-335e-458a-ae28-ebcde5558044,1702288314551255555
b460d5f9-727a-44a3-86de-8dc9f6fb71db,4b4fabcc-335e-458a-ae28-ebcde5558044,1702288314588211111
b460d5f9-727a-44a3-86de-8dc9f6fb71db,4b4fabcc-335e-458a-ae28-ebcde5558044,1702288314615977777
b460d5f9-727a-44a3-86de-8dc9f6fb71db,4b4fabcc-335e-458a-ae28-ebcde5558044,1702288314651122222
b460d5f9-727a-44a3-86de-8dc9f6fb71db,4b4fabcc-335e-458a-ae28-ebcde5558044,1702288314680511111
b460d5f9-727a-44a3-86de-8dc9f6fb71db,4b4fabcc-335e-458a-ae28-ebcde5558044,1702288314716188888
b460d5f9-727a-44a3-86de-8dc9f6fb71db,4b4fabcc-335e-458a-ae28-ebcde5558044,1702288314749988888
b460d5f9-727a-44a3-86de-8dc9f6fb71db,4b4fabcc-335e-458a-ae28-ebcde5558044,1702288314781033333
b460d5f9-727a-44a3-86de-8dc9f6fb71db,4b4fabcc-335e-458a-ae28-ebcde5558044,1702288314816155555
b460d5f9-727a-44a3-86de-8dc9f6fb71db,4b4fabcc-335e-458a-ae28-ebcde5558044,1702288314857722222
b460d5f9-727a-44a3-86de-8dc9f6fb71db,4b4fabcc-335e-458a-ae28-ebcde5558044,1702288314879400000
b460d5f9-727a-44a3-86de-8dc9f6fb71db,4b4fabcc-335e-458a-ae28-ebcde5558044,1702288314914133333
b460d5f9-727a-44a3-86de-8dc9f6fb71db,4b4fabcc-335e-458a-ae28-ebcde5558044,1702288314950222222
b460d5f9-727a-44a3-86de-8dc9f6fb71db,4b4fabcc-335e-458a-ae28-ebcde5558044,1702288314984344444
b460d5f9-727a-44a3-86de-8dc9f6fb71db,4b4fabcc-335e-458a-ae28-ebcde5558044,1702288315012888888
b460d5f9-727a-44a3-86de-8dc9f6fb71db,4b4fabcc-335e-458a-ae28-ebcde5558044,1702288315055455555
b460d5f9-727a-44a3-86de-8dc9f6fb71db,4b4fabcc-335e-458a-ae28-ebcde5558044,1702288315079700000
b460d5f9-727a-44a3-86de-8dc9f6fb71db,4b4fabcc-335e-458a-ae28-ebcde5558044,1702288315116911111
b460d5f9-727a-44a3-86de-8dc9f6fb71db,4b4fabcc-335e-458a-ae28-ebcde5558044,1702288315152511111
b460d5f9-727a-44a3-86de-8dc9f6fb71db,4b4fabcc-335e-458a-ae28-ebcde5558044,1702288315187577777
b460d5f9-727a-44a3-86de-8dc9f6fb71db,4b4fabcc-335e-458a-ae28-ebcde5558044,1702288315219955555
b460d5f9-727a-44a3-86de-8dc9f6fb71db,4b4fabcc-335e-458a-ae28-ebcde5558044,1702288315254777777
b460d5f9-727a-44a3-86de-8dc9f6fb71db,4b4fabcc-335e-458a-ae28-ebcde5558044,1702288315286888888
b460d5f9-727a-44a3-86de-8dc9f6fb71db,4b4fabcc-335e-458a-ae28-ebcde5558044,1702288315317933333
b460d5f9-727a-44a3-86de-8dc9f6fb71db,4b4fabcc-335e-458a-ae28-ebcde5558044,1702288315358611111
b460d5f9-727a-44a3-86de-8dc9f6fb71db,4b4fabcc-335e-458a-ae28-ebcde5558044,1702288315382044444
b460d5f9-727a-44a3-86de-8dc9f6fb71db,4b4fabcc-335e-458a-ae28-ebcde5558044,1702288315419411111
b460d5f9-727a-44a3-86de-8dc9f6fb71db,4b4fabcc-335e-458a-ae28-ebcde5558044,1702288315453900000
b460d5f9-727a-44a3-86de-8dc9f6fb71db,4b4fabcc-335e-458a-ae28-ebcde5558044,1702288315481933333
b460d5f9-727a-44a3-86de-8dc9f6fb71db,4b4fabcc-335e-458a-ae28-ebcde5558044,1702288315517988888
b460d5f9-727a-44a3-86de-8dc9f6fb71db,4b4fabcc-335e-458a-ae28-ebcde5558044,1702288315552611111
b460d5f9-727a-44a3-86de-8dc9f6fb71db,4b4fabcc-335e-458a-ae28-ebcde5558044,1702288315585977777
b460d5f9-727a-44a3-86de-8dc9f6fb71db,4b4fabcc-335e-458a-ae28-ebcde5558044,1702288315614433333
b460d5f9-727a-44a3-86de-8dc9f6fb71db,4b4fabcc-335e-458a-ae28-ebcde5558044,1702288315650588888
b460d5f9-727a-44a3-86de-8dc9f6fb71db,4b4fabcc-335e-458a-ae28-ebcde5558044,1702288315686344444
b460d5f9-727a-44a3-86de-8dc9f6fb71db,4b4fabcc-335e-458a-ae28-ebcde5558044,1702288315718100000
b460d5f9-727a-44a3-86de-8dc9f6fb71db,4b4fabcc-335e-458a-ae28-ebcde5558044,1702288315754111111
b460d5f9-727a-44a3-86de-8dc9f6fb71db,4b4fabcc-335e-458a-ae28-ebcde5558044,1702288315787855555
b460d5f9-727a-44a3-86de-8dc9f6fb71db,4b4fabcc-335e-458a-ae28-ebcde5558044,1702288315816733333
b460d5f9-727a-44a3-86de-8dc9f6fb71db,4b4fabcc-335e-458a-ae28-ebcde5558044,1702288315850488888
b460d5f9-727a-44a3-86de-8dc9f6fb71db,4b4fabcc-335e-458a-ae28-ebcde5558044,1702288315886966666
b460d5f9-727a-44a3-86de-8dc9f6fb71db,4b4fabcc-335e-458a-ae28-ebcde5558044,1702288315918933333
b460d5f9-727a-44a3-86de-8dc9f6fb71db,4b4fabcc-335e-458a-ae28-ebcde5558044,1702288315956011111
b460d5f9-727a-44a3-86de-8dc9f6fb71db,4b4fabcc-335e-458a-ae28-ebcde5558044,1702288315985788888
b460d5f9-727a-44a3-86de-8dc9f6fb71db,4b4fabcc-335e-458a-ae28-ebcde5558044,1702288316018611111
b460d5f9-727a-44a3-86de-8dc9f6fb71db,4b4fabcc-335e-458a-ae28-ebcde5558044,1702288316049911111
b460d5f9-727a-44a3-86de-8dc9f6fb71db,4b4fabcc-335e-458a-ae28-ebcde5558044,1702288316085044444
b460d5f9-727a-44a3-86de-8dc9f6fb71db,4b4fabcc-335e-458a-ae28-ebcde5558044,1702288316115022222
b460d5f9-727a-44a3-86de-8dc9f6fb71db,4b4fabcc-335e-458a-ae28-ebcde5558044,1702288316148944444
b460d5f9-727a-44a3-86de-8dc9f6fb71db,4b4fabcc-335e-458a-ae28-ebcde5558044,1702288316177611111
b460d5f9-727a-44a3-86de-8dc9f6fb71db,4b4fabcc-335e-458a-ae28-ebcde5558044,1702288316209433333
b460d5f9-727a-44a3-86de-8dc9f6fb71db,4b4fabcc-335e-458a-ae28-ebcde5558044,1702288316246900000
b460d5f9-727a-44a3-86de-8dc9f6fb71db,4b4fabcc-335e-458a-ae28-ebcde5558044,1702288316276933333
b460d5f9-727a-44a3-86de-8dc9f6fb71db,4b4fabcc-335e-458a-ae28-ebcde5558044,1702288316309055555
b460d5f9-727a-44a3-86de-8dc9f6fb71db,4b4fabcc-335e-458a-ae28-ebcde5558044,1702288316346744444
b460d5f9-727a-44a3-86de-8dc9f6fb71db,4b4fabcc-335e-458a-ae28-ebcde5558044,1702288316377955555
b460d5f9-727a-44a3-86de-8dc9f6fb71db,4b4fabcc-335e-458a-ae28-ebcde5558044,1702288316409055555
b460d5f9-727a-44a3-86de-8dc9f6fb71db,4b4fabcc-335e-458a-ae28-ebcde5558044,1702288316445533333
b460d5f9-727a-44a3-86de-8dc9f6fb71db,4b4fabcc-335e-458a-ae28-ebcde5558044,1702288316478900000
b460d5f9-727a-44a3-86de-8dc9f6fb71db,4b4fabcc-335e-458a-ae28-ebcde5558044,1702288316509255555
b460d5f9-727a-44a3-86de-8dc9f6fb71db,4b4fabcc-335e-458a-ae28-ebcde5558044,1702288316545233333
b460d5f9-727a-44a3-86de-8dc9f6fb71db,4b4fabcc-335e-458a-ae28-ebcde5558044,1702288316576944444
b460d5f9-727a-44a3-86de-8dc9f6fb71db,4b4fabcc-335e-458a-ae28-ebcde5558044,1702288316609366666
b460d5f9-727a-44a3-86de-8dc9f6fb71db,4b4fabcc-335e-458a-ae28-ebcde5558044,1702288316645066666
b460d5f9-727a-44a3-86de-8dc9f6fb71db,4b4fabcc-335e-458a-ae28-ebcde5558044,1702288316677800000
b460d5f9-727a-44a3-86de-8dc9f6fb71db,4b4fabcc-335e-458a-ae28-ebcde5558044,1702288316709322222
b460d5f9-727a-44a3-86de-8dc9f6fb71db,4b4fabcc-335e-458a-ae28-ebcde5558044,1702288316745177777
b460d5f9-727a-44a3-86de-8dc9f6fb71db,4b4fabcc-335e-458a-ae28-ebcde5558044,1702288316779055555
b460d5f9-727a-44a3-86de-8dc9f6fb71db,4b4fabcc-335e-458a-ae28-ebcde5558044,1702288316809900000
b460d5f9-727a-44a3-86de-8dc9f6fb71db,4b4fabcc-335e-458a-ae28-ebcde5558044,1702288316846533333
b460d5f9-727a-44a3-86de-8dc9f6fb71db,4b4fabcc-335e-458a-ae28-ebcde5558044,1702288316878311111
b460d5f9-727a-44a3-86de-8dc9f6fb71db,4b4fabcc-335e-458a-ae28-ebcde5558044,1702288316909811111
b460d5f9-727a-44a3-86de-8dc9f6fb71db,4b4fabcc-335e-458a-ae28-ebcde5558044,1702288316946044444
b460d5f9-727a-44a3-86de-8dc9f6fb71db,4b4fabcc-335e-458a-ae28-ebcde5558044,1702288316977733333
b460d5f9-727a-44a3-86de-8dc9f6fb71db,4b4fabcc-335e-458a-ae28-ebcde5558044,1702288317011044444
b460d5f9-727a-44a3-86de-8dc9f6fb71db,4b4fabcc-335e-458a-ae28-ebcde5558044,1702288317045644444
b460d5f9-727a-44a3-86de-8dc9f6fb71db,4b4fabcc-335e-458a-ae28-ebcde5558044,1702288317077555555
b460d5f9-727a-44a3-86de-8dc9f6fb71db,4b4fabcc-335e-458a-ae28-ebcde5558044,1702288317111088888
b460d5f9-727a-44a3-86de-8dc9f6fb71db,4b4fabcc-335e-458a-ae28-ebcde5558044,1702288317148988888
b460d5f9-727a-44a3-86de-8dc9f6fb71db,4b4fabcc-335e-458a-ae28-ebcde5558044,1702288317177355555
b460d5f9-727a-44a3-86de-8dc9f6fb71db,4b4fabcc-335e-458a-ae28-ebcde5558044,1702288317209000000
b460d5f9-727a-44a3-86de-8dc9f6fb71db,4b4fabcc-335e-458a-ae28-ebcde5558044,1702288317243011111
b460d5f9-727a-44a3-86de-8dc9f6fb71db,4b4fabcc-335e-458a-ae28-ebcde5558044,1702288317279888888
b460d5f9-727a-44a3-86de-8dc9f6fb71db,4b4fabcc-335e-458a-ae28-ebcde5558044,1702288317310300000
b460d5f9-727a-44a3-86de-8dc9f6fb71db,4b4fabcc-335e-458a-ae28-ebcde5558044,1702288317341566666
b460d5f9-727a-44a3-86de-8dc9f6fb71db,4b4fabcc-335e-458a-ae28-ebcde5558044,1702288317377044444
b460d5f9-727a-44a3-86de-8dc9f6fb71db,4b4fabcc-335e-458a-ae28-ebcde5558044,1702288317409033333
b460d5f9-727a-44a3-86de-8dc9f6fb71db,4b4fabcc-335e-458a-ae28-ebcde5558044,1702288317442166666
b460d5f9-727a-44a3-86de-8dc9f6fb71db,4b4fabcc-335e-458a-ae28-ebcde5558044,1702288317477800000
b460d5f9-727a-44a3-86de-8dc9f6fb71db,4b4fabcc-335e-458a-ae28-ebcde5558044,1702288317509055555
b460d5f9-727a-44a3-86de-8dc9f6fb71db,4b4fabcc-335e-458a-ae28-ebcde5558044,1702288317546511111
b460d5f9-727a-44a3-86de-8dc9f6fb71db,4b4fabcc-335e-458a-ae28-ebcde5558044,1702288317585055555
b460d5f9-727a-44a3-86de-8dc9f6fb71db,4b4fabcc-335e-458a-ae28-ebcde5558044,1702288317617000000
b460d5f9-727a-44a3-86de-8dc9f6fb71db,4b4fabcc-335e-458a-ae28-ebcde5558044,1702288317646022222
b460d5f9-727a-44a3-86de-8dc9f6fb71db,4b4fabcc-335e-458a-ae28-ebcde5558044,1702288317682522222
b460d5f9-727a-44a3-86de-8dc9f6fb71db,4b4fabcc-335e-458a-ae28-ebcde5558044,1702288317708811111
b460d5f9-727a-44a3-86de-8dc9f6fb71db,4b4fabcc-335e-458a-ae28-ebcde5558044,1702288317740922222
b460d5f9-727a-44a3-86de-8dc9f6fb71db,4b4fabcc-335e-458a-ae28-ebcde5558044,1702288317779866666
b460d5f9-727a-44a3-86de-8dc9f6fb71db,4b4fabcc-335e-458a-ae28-ebcde5558044,1702288317814755555
b460d5f9-727a-44a3-86de-8dc9f6fb71db,4b4fabcc-335e-458a-ae28-ebcde5558044,1702288317846544444
b460d5f9-727a-44a3-86de-8dc9f6fb71db,4b4fabcc-335e-458a-ae28-ebcde5558044,1702288317881133333
b460d5f9-727a-44a3-86de-8dc9f6fb71db,4b4fabcc-335e-458a-ae28-ebcde5558044,1702288317914811111
b460d5f9-727a-44a3-86de-8dc9f6fb71db,4b4fabcc-335e-458a-ae28-ebcde5558044,1702288317949933333
b460d5f9-727a-44a3-86de-8dc9f6fb71db,4b4fabcc-335e-458a-ae28-ebcde5558044,1702288317985122222
b460d5f9-727a-44a3-86de-8dc9f6fb71db,4b4fabcc-335e-458a-ae28-ebcde5558044,1702288318016011111
b460d5f9-727a-44a3-86de-8dc9f6fb71db,4b4fabcc-335e-458a-ae28-ebcde5558044,1702288318042133333
b460d5f9-727a-44a3-86de-8dc9f6fb71db,4b4fabcc-335e-458a-ae28-ebcde5558044,1702288318077088888
b460d5f9-727a-44a3-86de-8dc9f6fb71db,4b4fabcc-335e-458a-ae28-ebcde5558044,1702288318115088888
b460d5f9-727a-44a3-86de-8dc9f6fb71db,4b4fabcc-335e-458a-ae28-ebcde5558044,1702288318151022222
b460d5f9-727a-44a3-86de-8dc9f6fb71db,4b4fabcc-335e-458a-ae28-ebcde5558044,1702288318183466666
b460d5f9-727a-44a3-86de-8dc9f6fb71db,4b4fabcc-335e-458a-ae28-ebcde5558044,1702288318216911111
b460d5f9-727a-44a3-86de-8dc9f6fb71db,4b4fabcc-335e-458a-ae28-ebcde5558044,1702288318247800000
b460d5f9-727a-44a3-86de-8dc9f6fb71db,4b4fabcc-335e-458a-ae28-ebcde5558044,1702288318277088888
b460d5f9-727a-44a3-86de-8dc9f6fb71db,4b4fabcc-335e-458a-ae28-ebcde5558044,1702288318309444444
b460d5f9-727a-44a3-86de-8dc9f6fb71db,4b4fabcc-335e-458a-ae28-ebcde5558044,1702288318345700000
b460d5f9-727a-44a3-86de-8dc9f6fb71db,4b4fabcc-335e-458a-ae28-ebcde5558044,1702288318384411111
b460d5f9-727a-44a3-86de-8dc9f6fb71db,4b4fabcc-335e-458a-ae28-ebcde5558044,1702288318413155555
b460d5f9-727a-44a3-86de-8dc9f6fb71db,4b4fabcc-335e-458a-ae28-ebcde5558044,1702288318451111111
b460d5f9-727a-44a3-86de-8dc9f6fb71db,4b4fabcc-335e-458a-ae28-ebcde5558044,1702288318483766666
b460d5f9-727a-44a3-86de-8dc9f6fb71db,4b4fabcc-335e-458a-ae28-ebcde5558044,1702288318518488888
b460d5f9-727a-44a3-86de-8dc9f6fb71db,4b4fabcc-335e-458a-ae28-ebcde5558044,1702288318547844444
b460d5f9-727a-44a3-86de-8dc9f6fb71db,4b4fabcc-335e-458a-ae28-ebcde5558044,1702288318584488888
b460d5f9-727a-44a3-86de-8dc9f6fb71db,4b4fabcc-335e-458a-ae28-ebcde5558044,1702288318609722222
b460d5f9-727a-44a3-86de-8dc9f6fb71db,4b4fabcc-335e-458a-ae28-ebcde5558044,1702288318641266666
b460d5f9-727a-44a3-86de-8dc9f6fb71db,4b4fabcc-335e-458a-ae28-ebcde5558044,1702288318679755555
b460d5f9-727a-44a3-86de-8dc9f6fb71db,4b4fabcc-335e-458a-ae28-ebcde5558044,1702288318722166666
b460d5f9-727a-44a3-86de-8dc9f6fb71db,4b4fabcc-335e-458a-ae28-ebcde5558044,1702288318742822222
b460d5f9-727a-44a3-86de-8dc9f6fb71db,4b4fabcc-335e-458a-ae28-ebcde5558044,1702288318782011111
b460d5f9-727a-44a3-86de-8dc9f6fb71db,4b4fabcc-335e-458a-ae28-ebcde5558044,1702288318814055555
b460d5f9-727a-44a3-86de-8dc9f6fb71db,4b4fabcc-335e-458a-ae28-ebcde5558044,1702288318841822222
b460d5f9-727a-44a3-86de-8dc9f6fb71db,4b4fabcc-335e-458a-ae28-ebcde5558044,1702288318877055555
b460d5f9-727a-44a3-86de-8dc9f6fb71db,4b4fabcc-335e-458a-ae28-ebcde5558044,1702288318909900000
b460d5f9-727a-44a3-86de-8dc9f6fb71db,4b4fabcc-335e-458a-ae28-ebcde5558044,1702288318948411111
b460d5f9-727a-44a3-86de-8dc9f6fb71db,4b4fabcc-335e-458a-ae28-ebcde5558044,1702288318987722222
b460d5f9-727a-44a3-86de-8dc9f6fb71db,4b4fabcc-335e-458a-ae28-ebcde5558044,1702288319014166666
b460d5f9-727a-44a3-86de-8dc9f6fb71db,4b4fabcc-335e-458a-ae28-ebcde5558044,1702288319052622222
b460d5f9-727a-44a3-86de-8dc9f6fb71db,4b4fabcc-335e-458a-ae28-ebcde5558044,1702288319082388888
b460d5f9-727a-44a3-86de-8dc9f6fb71db,4b4fabcc-335e-458a-ae28-ebcde5558044,1702288319117588888
b460d5f9-727a-44a3-86de-8dc9f6fb71db,4b4fabcc-335e-458a-ae28-ebcde5558044,1702288319146311111
b460d5f9-727a-44a3-86de-8dc9f6fb71db,4b4fabcc-335e-458a-ae28-ebcde5558044,1702288319177877777
b460d5f9-727a-44a3-86de-8dc9f6fb71db,4b4fabcc-335e-458a-ae28-ebcde5558044,1702288319209422222
b460d5f9-727a-44a3-86de-8dc9f6fb71db,4b4fabcc-335e-458a-ae28-ebcde5558044,1702288319248211111
b460d5f9-727a-44a3-86de-8dc9f6fb71db,4b4fabcc-335e-458a-ae28-ebcde5558044,1702288319284100000
b460d5f9-727a-44a3-86de-8dc9f6fb71db,4b4fabcc-335e-458a-ae28-ebcde5558044,1702288319319455555
b460d5f9-727a-44a3-86de-8dc9f6fb71db,4b4fabcc-335e-458a-ae28-ebcde5558044,1702288319350311111
b460d5f9-727a-44a3-86de-8dc9f6fb71db,4b4fabcc-335e-458a-ae28-ebcde5558044,1702288319386811111
b460d5f9-727a-44a3-86de-8dc9f6fb71db,4b4fabcc-335e-458a-ae28-ebcde5558044,1702288319412355555
b460d5f9-727a-44a3-86de-8dc9f6fb71db,4b4fabcc-335e-458a-ae28-ebcde5558044,1702288319441755555
b460d5f9-727a-44a3-86de-8dc9f6fb71db,4b4fabcc-335e-458a-ae28-ebcde5558044,1702288319477122222
b460d5f9-727a-44a3-86de-8dc9f6fb71db,4b4fabcc-335e-458a-ae28-ebcde5558044,1702288319513911111
b460d5f9-727a-44a3-86de-8dc9f6fb71db,4b4fabcc-335e-458a-ae28-ebcde5558044,1702288319549355555
b460d5f9-727a-44a3-86de-8dc9f6fb71db,4b4fabcc-335e-458a-ae28-ebcde5558044,1702288319584444444
b460d5f9-727a-44a3-86de-8dc9f6fb71db,4b4fabcc-335e-458a-ae28-ebcde5558044,1702288319616266666
b460d5f9-727a-44a3-86de-8dc9f6fb71db,4b4fabcc-335e-458a-ae28-ebcde5558044,1702288319647544444
b460d5f9-727a-44a3-86de-8dc9f6fb71db,4b4fabcc-335e-458a-ae28-ebcde5558044,1702288319689988888
b460d5f9-727a-44a3-86de-8dc9f6fb71db,4b4fabcc-335e-458a-ae28-ebcde5558044,1702288319711944444
b460d5f9-727a-44a3-86de-8dc9f6fb71db,4b4fabcc-335e-458a-ae28-ebcde5558044,1702288319741000000
b460d5f9-727a-44a3-86de-8dc9f6fb71db,4b4fabcc-335e-458a-ae28-ebcde5558044,1702288319776933333
b460d5f9-727a-44a3-86de-8dc9f6fb71db,4b4fabcc-335e-458a-ae28-ebcde5558044,1702288319812777777
b460d5f9-727a-44a3-86de-8dc9f6fb71db,4b4fabcc-335e-458a-ae28-ebcde5558044,1702288319844855555
b460d5f9-727a-44a3-86de-8dc9f6fb71db,4b4fabcc-335e-458a-ae28-ebcde5558044,1702288319884988888
b460d5f9-727a-44a3-86de-8dc9f6fb71db,4b4fabcc-335e-458a-ae28-ebcde5558044,1702288319916622222
b460d5f9-727a-44a3-86de-8dc9f6fb71db,4b4fabcc-335e-458a-ae28-ebcde5558044,1702288319950144444
b460d5f9-727a-44a3-86de-8dc9f6fb71db,4b4fabcc-335e-458a-ae28-ebcde5558044,1702288319980866666
b460d5f9-727a-44a3-86de-8dc9f6fb71db,4b4fabcc-335e-458a-ae28-ebcde5558044,1702288320009700000
b460d5f9-727a-44a3-86de-8dc9f6fb71db,4b4fabcc-335e-458a-ae28-ebcde5558044,1702288320040922222
b460d5f9-727a-44a3-86de-8dc9f6fb71db,4b4fabcc-335e-458a-ae28-ebcde5558044,1702288320083666666
b460d5f9-727a-44a3-86de-8dc9f6fb71db,4b4fabcc-335e-458a-ae28-ebcde5558044,1702288320115444444
b460d5f9-727a-44a3-86de-8dc9f6fb71db,4b4fabcc-335e-458a-ae28-ebcde5558044,1702288320147322222
b460d5f9-727a-44a3-86de-8dc9f6fb71db,4b4fabcc-335e-458a-ae28-ebcde5558044,1702288320184211111
b460d5f9-727a-44a3-86de-8dc9f6fb71db,4b4fabcc-335e-458a-ae28-ebcde5558044,1702288320215755555
b460d5f9-727a-44a3-86de-8dc9f6fb71db,4b4fabcc-335e-458a-ae28-ebcde5558044,1702288320244088888
b460d5f9-727a-44a3-86de-8dc9f6fb71db,4b4fabcc-335e-458a-ae28-ebcde5558044,1702288320281111111
b460d5f9-727a-44a3-86de-8dc9f6fb71db,4b4fabcc-335e-458a-ae28-ebcde5558044,1702288320309688888
b460d5f9-727a-44a3-86de-8dc9f6fb71db,4b4fabcc-335e-458a-ae28-ebcde5558044,1702288320341522222
b460d5f9-727a-44a3-86de-8dc9f6fb71db,4b4fabcc-335e-458a-ae28-ebcde5558044,1702288320373344444
b460d5f9-727a-44a3-86de-8dc9f6fb71db,4b4fabcc-335e-458a-ae28-ebcde5558044,1702288320412155555
b460d5f9-727a-44a3-86de-8dc9f6fb71db,4b4fabcc-335e-458a-ae28-ebcde5558044,1702288320447066666
b460d5f9-727a-44a3-86de-8dc9f6fb71db,4b4fabcc-335e-458a-ae28-ebcde5558044,1702288320482033333
b460d5f9-727a-44a3-86de-8dc9f6fb71db,4b4fabcc-335e-458a-ae28-ebcde5558044,1702288320514422222
b460d5f9-727a-44a3-86de-8dc9f6fb71db,4b4fabcc-335e-458a-ae28-ebcde5558044,1702288320541366666
b460d5f9-727a-44a3-86de-8dc9f6fb71db,4b4fabcc-335e-458a-ae28-ebcde5558044,1702288320573244444
b460d5f9-727a-44a3-86de-8dc9f6fb71db,4b4fabcc-335e-458a-ae28-ebcde5558044,1702288320610188888
b460d5f9-727a-44a3-86de-8dc9f6fb71db,4b4fabcc-335e-458a-ae28-ebcde5558044,1702288320645700000
b460d5f9-727a-44a3-86de-8dc9f6fb71db,4b4fabcc-335e-458a-ae28-ebcde5558044,1702288320680155555
b460d5f9-727a-44a3-86de-8dc9f6fb71db,4b4fabcc-335e-458a-ae28-ebcde5558044,1702288320718511111
b460d5f9-727a-44a3-86de-8dc9f6fb71db,4b4fabcc-335e-458a-ae28-ebcde5558044,1702288320745944444
b460d5f9-727a-44a3-86de-8dc9f6fb71db,4b4fabcc-335e-458a-ae28-ebcde5558044,1702288320781300000
b460d5f9-727a-44a3-86de-8dc9f6fb71db,4b4fabcc-335e-458a-ae28-ebcde5558044,1702288320816100000
b460d5f9-727a-44a3-86de-8dc9f6fb71db,4b4fabcc-335e-458a-ae28-ebcde5558044,1702288320846344444
b460d5f9-727a-44a3-86de-8dc9f6fb71db,4b4fabcc-335e-458a-ae28-ebcde5558044,1702288320877133333
b460d5f9-727a-44a3-86de-8dc9f6fb71db,4b4fabcc-335e-458a-ae28-ebcde5558044,1702288320910922222
b460d5f9-727a-44a3-86de-8dc9f6fb71db,4b4fabcc-335e-458a-ae28-ebcde5558044,1702288320942977777
b460d5f9-727a-44a3-86de-8dc9f6fb71db,4b4fabcc-335e-458a-ae28-ebcde5558044,1702288320982944444
b460d5f9-727a-44a3-86de-8dc9f6fb71db,4b4fabcc-335e-458a-ae28-ebcde5558044,1702288321020222222
b460d5f9-727a-44a3-86de-8dc9f6fb71db,4b4fabcc-335e-458a-ae28-ebcde5558044,1702288321045755555
b460d5f9-727a-44a3-86de-8dc9f6fb71db,4b4fabcc-335e-458a-ae28-ebcde5558044,1702288321078600000
b460d5f9-727a-44a3-86de-8dc9f6fb71db,4b4fabcc-335e-458a-ae28-ebcde5558044,1702288321118755555
b460d5f9-727a-44a3-86de-8dc9f6fb71db,4b4fabcc-335e-458a-ae28-ebcde5558044,1702288321141422222
b460d5f9-727a-44a3-86de-8dc9f6fb71db,4b4fabcc-335e-458a-ae28-ebcde5558044,1702288321173355555
b460d5f9-727a-44a3-86de-8dc9f6fb71db,4b4fabcc-335e-458a-ae28-ebcde5558044,1702288321209888888
b460d5f9-727a-44a3-86de-8dc9f6fb71db,4b4fabcc-335e-458a-ae28-ebcde5558044,1702288321247033333
b460d5f9-727a-44a3-86de-8dc9f6fb71db,4b4fabcc-335e-458a-ae28-ebcde5558044,1702288321280288888
b460d5f9-727a-44a3-86de-8dc9f6fb71db,4b4fabcc-335e-458a-ae28-ebcde5558044,1702288321317155555
b460d5f9-727a-44a3-86de-8dc9f6fb71db,4b4fabcc-335e-458a-ae28-ebcde5558044,1702288321348444444
b460d5f9-727a-44a3-86de-8dc9f6fb71db,4b4fabcc-335e-458a-ae28-ebcde5558044,1702288321388211111
b460d5f9-727a-44a3-86de-8dc9f6fb71db,4b4fabcc-335e-458a-ae28-ebcde5558044,1702288321413188888
b460d5f9-727a-44a3-86de-8dc9f6fb71db,4b4fabcc-335e-458a-ae28-ebcde5558044,1702288321441800000
b460d5f9-727a-44a3-86de-8dc9f6fb71db,4b4fabcc-335e-458a-ae28-ebcde5558044,1702288321474377777
b460d5f9-727a-44a3-86de-8dc9f6fb71db,4b4fabcc-335e-458a-ae28-ebcde5558044,1702288321511077777
b460d5f9-727a-44a3-86de-8dc9f6fb71db,4b4fabcc-335e-458a-ae28-ebcde5558044,1702288321547000000
b460d5f9-727a-44a3-86de-8dc9f6fb71db,4b4fabcc-335e-458a-ae28-ebcde5558044,1702288321578455555
b460d5f9-727a-44a3-86de-8dc9f6fb71db,4b4fabcc-335e-458a-ae28-ebcde5558044,1702288321614177777
b460d5f9-727a-44a3-86de-8dc9f6fb71db,4b4fabcc-335e-458a-ae28-ebcde5558044,1702288321648100000
b460d5f9-727a-44a3-86de-8dc9f6fb71db,4b4fabcc-335e-458a-ae28-ebcde5558044,1702288321675500000
b460d5f9-727a-44a3-86de-8dc9f6fb71db,4b4fabcc-335e-458a-ae28-ebcde5558044,1702288321714855555
b460d5f9-727a-44a3-86de-8dc9f6fb71db,4b4fabcc-335e-458a-ae28-ebcde5558044,1702288321741000000
b460d5f9-727a-44a3-86de-8dc9f6fb71db,4b4fabcc-335e-458a-ae28-ebcde5558044,1702288321773122222
b460d5f9-727a-44a3-86de-8dc9f6fb71db,4b4fabcc-335e-458a-ae28-ebcde5558044,1702288321815744444
b460d5f9-727a-44a3-86de-8dc9f6fb71db,4b4fabcc-335e-458a-ae28-ebcde5558044,1702288321847533333
b460d5f9-727a-44a3-86de-8dc9f6fb71db,4b4fabcc-335e-458a-ae28-ebcde5558044,1702288321877655555
b460d5f9-727a-44a3-86de-8dc9f6fb71db,4b4fabcc-335e-458a-ae28-ebcde5558044,1702288321915622222
b460d5f9-727a-44a3-86de-8dc9f6fb71db,4b4fabcc-335e-458a-ae28-ebcde5558044,1702288321948644444
b460d5f9-727a-44a3-86de-8dc9f6fb71db,4b4fabcc-335e-458a-ae28-ebcde5558044,1702288321982488888
b460d5f9-727a-44a3-86de-8dc9f6fb71db,4b4fabcc-335e-458a-ae28-ebcde5558044,1702288322012688888
b460d5f9-727a-44a3-86de-8dc9f6fb71db,4b4fabcc-335e-458a-ae28-ebcde5558044,1702288322040955555
b460d5f9-727a-44a3-86de-8dc9f6fb71db,4b4fabcc-335e-458a-ae28-ebcde5558044,1702288322072900000
b460d5f9-727a-44a3-86de-8dc9f6fb71db,4b4fabcc-335e-458a-ae28-ebcde5558044,1702288322112866666
b460d5f9-727a-44a3-86de-8dc9f6fb71db,4b4fabcc-335e-458a-ae28-ebcde5558044,1702288322147788888
b460d5f9-727a-44a3-86de-8dc9f6fb71db,4b4fabcc-335e-458a-ae28-ebcde5558044,1702288322182155555
b460d5f9-727a-44a3-86de-8dc9f6fb71db,4b4fabcc-335e-458a-ae28-ebcde5558044,1702288322211455555
b460d5f9-727a-44a3-86de-8dc9f6fb71db,4b4fabcc-335e-458a-ae28-ebcde5558044,1702288322247322222
b460d5f9-727a-44a3-86de-8dc9f6fb71db,4b4fabcc-335e-458a-ae28-ebcde5558044,1702288322276822222
b460d5f9-727a-44a3-86de-8dc9f6fb71db,4b4fabcc-335e-458a-ae28-ebcde5558044,1702288322309844444
b460d5f9-727a-44a3-86de-8dc9f6fb71db,4b4fabcc-335e-458a-ae28-ebcde5558044,1702288322341522222
b460d5f9-727a-44a3-86de-8dc9f6fb71db,4b4fabcc-335e-458a-ae28-ebcde5558044,1702288322379922222
b460d5f9-727a-44a3-86de-8dc9f6fb71db,4b4fabcc-335e-458a-ae28-ebcde5558044,1702288322412255555
b460d5f9-727a-44a3-86de-8dc9f6fb71db,4b4fabcc-335e-458a-ae28-ebcde5558044,1702288322447533333
b460d5f9-727a-44a3-86de-8dc9f6fb71db,4b4fabcc-335e-458a-ae28-ebcde5558044,1702288322480500000
b460d5f9-727a-44a3-86de-8dc9f6fb71db,4b4fabcc-335e-458a-ae28-ebcde5558044,1702288322520777777
b460d5f9-727a-44a3-86de-8dc9f6fb71db,4b4fabcc-335e-458a-ae28-ebcde5558044,1702288322546577777
b460d5f9-727a-44a3-86de-8dc9f6fb71db,4b4fabcc-335e-458a-ae28-ebcde5558044,1702288322577288888
b460d5f9-727a-44a3-86de-8dc9f6fb71db,4b4fabcc-335e-458a-ae28-ebcde5558044,1702288322609033333
b460d5f9-727a-44a3-86de-8dc9f6fb71db,4b4fabcc-335e-458a-ae28-ebcde5558044,1702288322641833333
b460d5f9-727a-44a3-86de-8dc9f6fb71db,4b4fabcc-335e-458a-ae28-ebcde5558044,1702288322676466666
b460d5f9-727a-44a3-86de-8dc9f6fb71db,4b4fabcc-335e-458a-ae28-ebcde5558044,1702288322720244444
b460d5f9-727a-44a3-86de-8dc9f6fb71db,4b4fabcc-335e-458a-ae28-ebcde5558044,1702288322744500000
b460d5f9-727a-44a3-86de-8dc9f6fb71db,4b4fabcc-335e-458a-ae28-ebcde5558044,1702288322778477777
b460d5f9-727a-44a3-86de-8dc9f6fb71db,4b4fabcc-335e-458a-ae28-ebcde5558044,1702288322815877777
b460d5f9-727a-44a3-86de-8dc9f6fb71db,4b4fabcc-335e-458a-ae28-ebcde5558044,1702288322843344444
b460d5f9-727a-44a3-86de-8dc9f6fb71db,4b4fabcc-335e-458a-ae28-ebcde5558044,1702288322874133333
b460d5f9-727a-44a3-86de-8dc9f6fb71db,4b4fabcc-335e-458a-ae28-ebcde5558044,1702288322909411111
b460d5f9-727a-44a3-86de-8dc9f6fb71db,4b4fabcc-335e-458a-ae28-ebcde5558044,1702288322946944444
b460d5f9-727a-44a3-86de-8dc9f6fb71db,4b4fabcc-335e-458a-ae28-ebcde5558044,1702288322979322222
b460d5f9-727a-44a3-86de-8dc9f6fb71db,4b4fabcc-335e-458a-ae28-ebcde5558044,1702288323016744444
b460d5f9-727a-44a3-86de-8dc9f6fb71db,4b4fabcc-335e-458a-ae28-ebcde5558044,1702288323047722222
b460d5f9-727a-44a3-86de-8dc9f6fb71db,4b4fabcc-335e-458a-ae28-ebcde5558044,1702288323081400000
b460d5f9-727a-44a3-86de-8dc9f6fb71db,4b4fabcc-335e-458a-ae28-ebcde5558044,1702288323113088888
b460d5f9-727a-44a3-86de-8dc9f6fb71db,4b4fabcc-335e-458a-ae28-ebcde5558044,1702288323141877777
b460d5f9-727a-44a3-86de-8dc9f6fb71db,4b4fabcc-335e-458a-ae28-ebcde5558044,1702288323174122222
b460d5f9-727a-44a3-86de-8dc9f6fb71db,4b4fabcc-335e-458a-ae28-ebcde5558044,1702288323210055555
b460d5f9-727a-44a3-86de-8dc9f6fb71db,4b4fabcc-335e-458a-ae28-ebcde5558044,1702288323241111111
b460d5f9-727a-44a3-86de-8dc9f6fb71db,4b4fabcc-335e-458a-ae28-ebcde5558044,1702288323275788888
b460d5f9-727a-44a3-86de-8dc9f6fb71db,4b4fabcc-335e-458a-ae28-ebcde5558044,1702288323317400000
b460d5f9-727a-44a3-86de-8dc9f6fb71db,4b4fabcc-335e-458a-ae28-ebcde5558044,1702288323344633333
b460d5f9-727a-44a3-86de-8dc9f6fb71db,4b4fabcc-335e-458a-ae28-ebcde5558044,1702288323376933333
b460d5f9-727a-44a3-86de-8dc9f6fb71db,4b4fabcc-335e-458a-ae28-ebcde5558044,1702288323410766666
b460d5f9-727a-44a3-86de-8dc9f6fb71db,4b4fabcc-335e-458a-ae28-ebcde5558044,1702288323442266666
b460d5f9-727a-44a3-86de-8dc9f6fb71db,4b4fabcc-335e-458a-ae28-ebcde5558044,1702288323472988888
b460d5f9-727a-44a3-86de-8dc9f6fb71db,4b4fabcc-335e-458a-ae28-ebcde5558044,1702288323509633333
b460d5f9-727a-44a3-86de-8dc9f6fb71db,4b4fabcc-335e-458a-ae28-ebcde5558044,1702288323550988888
b460d5f9-727a-44a3-86de-8dc9f6fb71db,4b4fabcc-335e-458a-ae28-ebcde5558044,1702288323581177777
b460d5f9-727a-44a3-86de-8dc9f6fb71db,4b4fabcc-335e-458a-ae28-ebcde5558044,1702288323616122222
b460d5f9-727a-44a3-86de-8dc9f6fb71db,4b4fabcc-335e-458a-ae28-ebcde5558044,1702288323643855555
b460d5f9-727a-44a3-86de-8dc9f6fb71db,4b4fabcc-335e-458a-ae28-ebcde5558044,1702288323679111111
b460d5f9-727a-44a3-86de-8dc9f6fb71db,4b4fabcc-335e-458a-ae28-ebcde5558044,1702288323706877777
b460d5f9-727a-44a3-86de-8dc9f6fb71db,4b4fabcc-335e-458a-ae28-ebcde5558044,1702288323742722222
b460d5f9-727a-44a3-86de-8dc9f6fb71db,4b4fabcc-335e-458a-ae28-ebcde5558044,1702288323774466666
b460d5f9-727a-44a3-86de-8dc9f6fb71db,4b4fabcc-335e-458a-ae28-ebcde5558044,1702288323805988888
b460d5f9-727a-44a3-86de-8dc9f6fb71db,4b4fabcc-335e-458a-ae28-ebcde5558044,1702288323848388888
b460d5f9-727a-44a3-86de-8dc9f6fb71db,4b4fabcc-335e-458a-ae28-ebcde5558044,1702288323881477777
b460d5f9-727a-44a3-86de-8dc9f6fb71db,4b4fabcc-335e-458a-ae28-ebcde5558044,1702288323909266666
b460d5f9-727a-44a3-86de-8dc9f6fb71db,4b4fabcc-335e-458a-ae28-ebcde5558044,1702288323952144444
b460d5f9-727a-44a3-86de-8dc9f6fb71db,4b4fabcc-335e-458a-ae28-ebcde5558044,1702288323981077777
b460d5f9-727a-44a3-86de-8dc9f6fb71db,4b4fabcc-335e-458a-ae28-ebcde5558044,1702288324005866666
b460d5f9-727a-44a3-86de-8dc9f6fb71db,4b4fabcc-335e-458a-ae28-ebcde5558044,1702288324041733333
b460d5f9-727a-44a3-86de-8dc9f6fb71db,4b4fabcc-335e-458a-ae28-ebcde5558044,1702288324075255555
b460d5f9-727a-44a3-86de-8dc9f6fb71db,4b4fabcc-335e-458a-ae28-ebcde5558044,1702288324114255555
b460d5f9-727a-44a3-86de-8dc9f6fb71db,4b4fabcc-335e-458a-ae28-ebcde5558044,1702288324150088888
b460d5f9-727a-44a3-86de-8dc9f6fb71db,4b4fabcc-335e-458a-ae28-ebcde5558044,1702288324183011111
b460d5f9-727a-44a3-86de-8dc9f6fb71db,4b4fabcc-335e-458a-ae28-ebcde5558044,1702288324208277777
b460d5f9-727a-44a3-86de-8dc9f6fb71db,4b4fabcc-335e-458a-ae28-ebcde5558044,1702288324248522222
b460d5f9-727a-44a3-86de-8dc9f6fb71db,4b4fabcc-335e-458a-ae28-ebcde5558044,1702288324279522222
b460d5f9-727a-44a3-86de-8dc9f6fb71db,4b4fabcc-335e-458a-ae28-ebcde5558044,1702288324307366666
b460d5f9-727a-44a3-86de-8dc9f6fb71db,4b4fabcc-335e-458a-ae28-ebcde5558044,1702288324340955555
b460d5f9-727a-44a3-86de-8dc9f6fb71db,4b4fabcc-335e-458a-ae28-ebcde5558044,1702288324373233333
b460d5f9-727a-44a3-86de-8dc9f6fb71db,4b4fabcc-335e-458a-ae28-ebcde5558044,1702288324406622222
b460d5f9-727a-44a3-86de-8dc9f6fb71db,4b4fabcc-335e-458a-ae28-ebcde5558044,1702288324449666666
b460d5f9-727a-44a3-86de-8dc9f6fb71db,4b4fabcc-335e-458a-ae28-ebcde5558044,1702288324478955555
b460d5f9-727a-44a3-86de-8dc9f6fb71db,4b4fabcc-335e-458a-ae28-ebcde5558044,1702288324512211111
b460d5f9-727a-44a3-86de-8dc9f6fb71db,4b4fabcc-335e-458a-ae28-ebcde5558044,1702288324551466666
b460d5f9-727a-44a3-86de-8dc9f6fb71db,4b4fabcc-335e-458a-ae28-ebcde5558044,1702288324575188888
b460d5f9-727a-44a3-86de-8dc9f6fb71db,4b4fabcc-335e-458a-ae28-ebcde5558044,1702288324605500000
b460d5f9-727a-44a3-86de-8dc9f6fb71db,4b4fabcc-335e-458a-ae28-ebcde5558044,1702288324643022222
b460d5f9-727a-44a3-86de-8dc9f6fb71db,4b4fabcc-335e-458a-ae28-ebcde5558044,1702288324679533333
b460d5f9-727a-44a3-86de-8dc9f6fb71db,4b4fabcc-335e-458a-ae28-ebcde5558044,1702288324710188888
b460d5f9-727a-44a3-86de-8dc9f6fb71db,4b4fabcc-335e-458a-ae28-ebcde5558044,1702288324749977777
b460d5f9-727a-44a3-86de-8dc9f6fb71db,4b4fabcc-335e-458a-ae28-ebcde5558044,1702288324778744444
b460d5f9-727a-44a3-86de-8dc9f6fb71db,4b4fabcc-335e-458a-ae28-ebcde5558044,1702288324812366666
b460d5f9-727a-44a3-86de-8dc9f6fb71db,4b4fabcc-335e-458a-ae28-ebcde5558044,1702288324845755555
b460d5f9-727a-44a3-86de-8dc9f6fb71db,4b4fabcc-335e-458a-ae28-ebcde5558044,1702288324876666666
b460d5f9-727a-44a3-86de-8dc9f6fb71db,4b4fabcc-335e-458a-ae28-ebcde5558044,1702288324910577777
b460d5f9-727a-44a3-86de-8dc9f6fb71db,4b4fabcc-335e-458a-ae28-ebcde5558044,1702288324942733333
b460d5f9-727a-44a3-86de-8dc9f6fb71db,4b4fabcc-335e-458a-ae28-ebcde5558044,1702288324973133333
b460d5f9-727a-44a3-86de-8dc9f6fb71db,4b4fabcc-335e-458a-ae28-ebcde5558044,1702288325007755555
b460d5f9-727a-44a3-86de-8dc9f6fb71db,4b4fabcc-335e-458a-ae28-ebcde5558044,1702288325044666666
b460d5f9-727a-44a3-86de-8dc9f6fb71db,4b4fabcc-335e-458a-ae28-ebcde5558044,1702288325080311111
b460d5f9-727a-44a3-86de-8dc9f6fb71db,4b4fabcc-335e-458a-ae28-ebcde5558044,1702288325109933333
b460d5f9-727a-44a3-86de-8dc9f6fb71db,4b4fabcc-335e-458a-ae28-ebcde5558044,1702288325142344444
b460d5f9-727a-44a3-86de-8dc9f6fb71db,4b4fabcc-335e-458a-ae28-ebcde5558044,1702288325173911111
b460d5f9-727a-44a3-86de-8dc9f6fb71db,4b4fabcc-335e-458a-ae28-ebcde5558044,1702288325205555555
b460d5f9-727a-44a3-86de-8dc9f6fb71db,4b4fabcc-335e-458a-ae28-ebcde5558044,1702288325246844444
b460d5f9-727a-44a3-86de-8dc9f6fb71db,4b4fabcc-335e-458a-ae28-ebcde5558044,1702288325276855555
b460d5f9-727a-44a3-86de-8dc9f6fb71db,4b4fabcc-335e-458a-ae28-ebcde5558044,1702288325311744444
b460d5f9-727a-44a3-86de-8dc9f6fb71db,4b4fabcc-335e-458a-ae28-ebcde5558044,1702288325352388888
b460d5f9-727a-44a3-86de-8dc9f6fb71db,4b4fabcc-335e-458a-ae28-ebcde5558044,1702288325376655555
b460d5f9-727a-44a3-86de-8dc9f6fb71db,4b4fabcc-335e-458a-ae28-ebcde5558044,1702288325412911111
b460d5f9-727a-44a3-86de-8dc9f6fb71db,4b4fabcc-335e-458a-ae28-ebcde5558044,1702288325450722222
b460d5f9-727a-44a3-86de-8dc9f6fb71db,4b4fabcc-335e-458a-ae28-ebcde5558044,1702288325482022222
b460d5f9-727a-44a3-86de-8dc9f6fb71db,4b4fabcc-335e-458a-ae28-ebcde5558044,1702288325508500000
b460d5f9-727a-44a3-86de-8dc9f6fb71db,4b4fabcc-335e-458a-ae28-ebcde5558044,1702288325541477777
b460d5f9-727a-44a3-86de-8dc9f6fb71db,4b4fabcc-335e-458a-ae28-ebcde5558044,1702288325576166666
b460d5f9-727a-44a3-86de-8dc9f6fb71db,4b4fabcc-335e-458a-ae28-ebcde5558044,1702288325612266666
b460d5f9-727a-44a3-86de-8dc9f6fb71db,4b4fabcc-335e-458a-ae28-ebcde5558044,1702288325647311111
b460d5f9-727a-44a3-86de-8dc9f6fb71db,4b4fabcc-335e-458a-ae28-ebcde5558044,1702288325679000000
b460d5f9-727a-44a3-86de-8dc9f6fb71db,4b4fabcc-335e-458a-ae28-ebcde5558044,1702288325713100000
b460d5f9-727a-44a3-86de-8dc9f6fb71db,4b4fabcc-335e-458a-ae28-ebcde5558044,1702288325742233333
b460d5f9-727a-44a3-86de-8dc9f6fb71db,4b4fabcc-335e-458a-ae28-ebcde5558044,1702288325773044444
b460d5f9-727a-44a3-86de-8dc9f6fb71db,4b4fabcc-335e-458a-ae28-ebcde5558044,1702288325809244444
b460d5f9-727a-44a3-86de-8dc9f6fb71db,4b4fabcc-335e-458a-ae28-ebcde5558044,1702288325851122222
b460d5f9-727a-44a3-86de-8dc9f6fb71db,4b4fabcc-335e-458a-ae28-ebcde5558044,1702288325877977777
b460d5f9-727a-44a3-86de-8dc9f6fb71db,4b4fabcc-335e-458a-ae28-ebcde5558044,1702288325911066666
b460d5f9-727a-44a3-86de-8dc9f6fb71db,4b4fabcc-335e-458a-ae28-ebcde5558044,1702288325948011111
b460d5f9-727a-44a3-86de-8dc9f6fb71db,4b4fabcc-335e-458a-ae28-ebcde5558044,1702288325982666666
b460d5f9-727a-44a3-86de-8dc9f6fb71db,4b4fabcc-335e-458a-ae28-ebcde5558044,1702288326010866666
b460d5f9-727a-44a3-86de-8dc9f6fb71db,4b4fabcc-335e-458a-ae28-ebcde5558044,1702288326044477777
b460d5f9-727a-44a3-86de-8dc9f6fb71db,4b4fabcc-335e-458a-ae28-ebcde5558044,1702288326076288888
b460d5f9-727a-44a3-86de-8dc9f6fb71db,4b4fabcc-335e-458a-ae28-ebcde5558044,1702288326105044444
b460d5f9-727a-44a3-86de-8dc9f6fb71db,4b4fabcc-335e-458a-ae28-ebcde5558044,1702288326141044444
b460d5f9-727a-44a3-86de-8dc9f6fb71db,4b4fabcc-335e-458a-ae28-ebcde5558044,1702288326177944444
b460d5f9-727a-44a3-86de-8dc9f6fb71db,4b4fabcc-335e-458a-ae28-ebcde5558044,1702288326212133333
b460d5f9-727a-44a3-86de-8dc9f6fb71db,4b4fabcc-335e-458a-ae28-ebcde5558044,1702288326248488888
b460d5f9-727a-44a3-86de-8dc9f6fb71db,4b4fabcc-335e-458a-ae28-ebcde5558044,1702288326275833333
b460d5f9-727a-44a3-86de-8dc9f6fb71db,4b4fabcc-335e-458a-ae28-ebcde5558044,1702288326305400000
b460d5f9-727a-44a3-86de-8dc9f6fb71db,4b4fabcc-335e-458a-ae28-ebcde5558044,1702288326341611111
b460d5f9-727a-44a3-86de-8dc9f6fb71db,4b4fabcc-335e-458a-ae28-ebcde5558044,1702288326378633333
b460d5f9-727a-44a3-86de-8dc9f6fb71db,4b4fabcc-335e-458a-ae28-ebcde5558044,1702288326414066666
b460d5f9-727a-44a3-86de-8dc9f6fb71db,4b4fabcc-335e-458a-ae28-ebcde5558044,1702288326440711111
b460d5f9-727a-44a3-86de-8dc9f6fb71db,4b4fabcc-335e-458a-ae28-ebcde5558044,1702288326480288888
b460d5f9-727a-44a3-86de-8dc9f6fb71db,4b4fabcc-335e-458a-ae28-ebcde5558044,1702288326511188888
b460d5f9-727a-44a3-86de-8dc9f6fb71db,4b4fabcc-335e-458a-ae28-ebcde5558044,1702288326546144444
b460d5f9-727a-44a3-86de-8dc9f6fb71db,4b4fabcc-335e-458a-ae28-ebcde5558044,1702288326579633333
b460d5f9-727a-44a3-86de-8dc9f6fb71db,4b4fabcc-335e-458a-ae28-ebcde5558044,1702288326615477777
b460d5f9-727a-44a3-86de-8dc9f6fb71db,4b4fabcc-335e-458a-ae28-ebcde5558044,1702288326655355555
b460d5f9-727a-44a3-86de-8dc9f6fb71db,4b4fabcc-335e-458a-ae28-ebcde5558044,1702288326673866666
b460d5f9-727a-44a3-86de-8dc9f6fb71db,4b4fabcc-335e-458a-ae28-ebcde5558044,1702288326706355555
b460d5f9-727a-44a3-86de-8dc9f6fb71db,4b4fabcc-335e-458a-ae28-ebcde5558044,1702288326740500000
b460d5f9-727a-44a3-86de-8dc9f6fb71db,4b4fabcc-335e-458a-ae28-ebcde5558044,1702288326783600000
b460d5f9-727a-44a3-86de-8dc9f6fb71db,4b4fabcc-335e-458a-ae28-ebcde5558044,1702288326814677777
b460d5f9-727a-44a3-86de-8dc9f6fb71db,4b4fabcc-335e-458a-ae28-ebcde5558044,1702288326844055555
b460d5f9-727a-44a3-86de-8dc9f6fb71db,4b4fabcc-335e-458a-ae28-ebcde5558044,1702288326874633333
b460d5f9-727a-44a3-86de-8dc9f6fb71db,4b4fabcc-335e-458a-ae28-ebcde5558044,1702288326905744444
b460d5f9-727a-44a3-86de-8dc9f6fb71db,4b4fabcc-335e-458a-ae28-ebcde5558044,1702288326937544444
b460d5f9-727a-44a3-86de-8dc9f6fb71db,4b4fabcc-335e-458a-ae28-ebcde5558044,1702288326980644444
b460d5f9-727a-44a3-86de-8dc9f6fb71db,4b4fabcc-335e-458a-ae28-ebcde5558044,1702288327012022222
b460d5f9-727a-44a3-86de-8dc9f6fb71db,4b4fabcc-335e-458a-ae28-ebcde5558044,1702288327054166666
b460d5f9-727a-44a3-86de-8dc9f6fb71db,4b4fabcc-335e-458a-ae28-ebcde5558044,1702288327077411111
b460d5f9-727a-44a3-86de-8dc9f6fb71db,4b4fabcc-335e-458a-ae28-ebcde5558044,1702288327113677777
b460d5f9-727a-44a3-86de-8dc9f6fb71db,4b4fabcc-335e-458a-ae28-ebcde5558044,1702288327147433333
b460d5f9-727a-44a3-86de-8dc9f6fb71db,4b4fabcc-335e-458a-ae28-ebcde5558044,1702288327176744444
b460d5f9-727a-44a3-86de-8dc9f6fb71db,4b4fabcc-335e-458a-ae28-ebcde5558044,1702288327211411111
b460d5f9-727a-44a3-86de-8dc9f6fb71db,4b4fabcc-335e-458a-ae28-ebcde5558044,1702288327238833333
b460d5f9-727a-44a3-86de-8dc9f6fb71db,4b4fabcc-335e-458a-ae28-ebcde5558044,1702288327273144444
b460d5f9-727a-44a3-86de-8dc9f6fb71db,4b4fabcc-335e-458a-ae28-ebcde5558044,1702288327306133333
b460d5f9-727a-44a3-86de-8dc9f6fb71db,4b4fabcc-335e-458a-ae28-ebcde5558044,1702288327338355555
b460d5f9-727a-44a3-86de-8dc9f6fb71db,4b4fabcc-335e-458a-ae28-ebcde5558044,1702288327378066666
b460d5f9-727a-44a3-86de-8dc9f6fb71db,4b4fabcc-335e-458a-ae28-ebcde5558044,1702288327408044444
b460d5f9-727a-44a3-86de-8dc9f6fb71db,4b4fabcc-335e-458a-ae28-ebcde5558044,1702288327438400000
b460d5f9-727a-44a3-86de-8dc9f6fb71db,4b4fabcc-335e-458a-ae28-ebcde5558044,1702288327473066666
b460d5f9-727a-44a3-86de-8dc9f6fb71db,4b4fabcc-335e-458a-ae28-ebcde5558044,1702288327506377777
b460d5f9-727a-44a3-86de-8dc9f6fb71db,4b4fabcc-335e-458a-ae28-ebcde5558044,1702288327543255555
b460d5f9-727a-44a3-86de-8dc9f6fb71db,4b4fabcc-335e-458a-ae28-ebcde5558044,1702288327586577777
b460d5f9-727a-44a3-86de-8dc9f6fb71db,4b4fabcc-335e-458a-ae28-ebcde5558044,1702288327610177777
b460d5f9-727a-44a3-86de-8dc9f6fb71db,4b4fabcc-335e-458a-ae28-ebcde5558044,1702288327642755555
b460d5f9-727a-44a3-86de-8dc9f6fb71db,4b4fabcc-335e-458a-ae28-ebcde5558044,1702288327678977777
b460d5f9-727a-44a3-86de-8dc9f6fb71db,4b4fabcc-335e-458a-ae28-ebcde5558044,1702288327716722222
b460d5f9-727a-44a3-86de-8dc9f6fb71db,4b4fabcc-335e-458a-ae28-ebcde5558044,1702288327744766666
b460d5f9-727a-44a3-86de-8dc9f6fb71db,4b4fabcc-335e-458a-ae28-ebcde5558044,1702288327778133333
b460d5f9-727a-44a3-86de-8dc9f6fb71db,4b4fabcc-335e-458a-ae28-ebcde5558044,1702288327812655555
b460d5f9-727a-44a3-86de-8dc9f6fb71db,4b4fabcc-335e-458a-ae28-ebcde5558044,1702288327836977777
b460d5f9-727a-44a3-86de-8dc9f6fb71db,4b4fabcc-335e-458a-ae28-ebcde5558044,1702288327873366666
b460d5f9-727a-44a3-86de-8dc9f6fb71db,4b4fabcc-335e-458a-ae28-ebcde5558044,1702288327917677777
b460d5f9-727a-44a3-86de-8dc9f6fb71db,4b4fabcc-335e-458a-ae28-ebcde5558044,1702288327938911111
b460d5f9-727a-44a3-86de-8dc9f6fb71db,4b4fabcc-335e-458a-ae28-ebcde5558044,1702288327982833333
b460d5f9-727a-44a3-86de-8dc9f6fb71db,4b4fabcc-335e-458a-ae28-ebcde5558044,1702288328005600000
b460d5f9-727a-44a3-86de-8dc9f6fb71db,4b4fabcc-335e-458a-ae28-ebcde5558044,1702288328037177777
b460d5f9-727a-44a3-86de-8dc9f6fb71db,4b4fabcc-335e-458a-ae28-ebcde5558044,1702288328073200000
b460d5f9-727a-44a3-86de-8dc9f6fb71db,4b4fabcc-335e-458a-ae28-ebcde5558044,1702288328110255555
b460d5f9-727a-44a3-86de-8dc9f6fb71db,4b4fabcc-335e-458a-ae28-ebcde5558044,1702288328142066666
b460d5f9-727a-44a3-86de-8dc9f6fb71db,4b4fabcc-335e-458a-ae28-ebcde5558044,1702288328180333333
b460d5f9-727a-44a3-86de-8dc9f6fb71db,4b4fabcc-335e-458a-ae28-ebcde5558044,1702288328209833333
b460d5f9-727a-44a3-86de-8dc9f6fb71db,4b4fabcc-335e-458a-ae28-ebcde5558044,1702288328245388888
b460d5f9-727a-44a3-86de-8dc9f6fb71db,4b4fabcc-335e-458a-ae28-ebcde5558044,1702288328281222222
b460d5f9-727a-44a3-86de-8dc9f6fb71db,4b4fabcc-335e-458a-ae28-ebcde5558044,1702288328312944444
b460d5f9-727a-44a3-86de-8dc9f6fb71db,4b4fabcc-335e-458a-ae28-ebcde5558044,1702288328343555555
b460d5f9-727a-44a3-86de-8dc9f6fb71db,4b4fabcc-335e-458a-ae28-ebcde5558044,1702288328379577777
b460d5f9-727a-44a3-86de-8dc9f6fb71db,4b4fabcc-335e-458a-ae28-ebcde5558044,1702288328405177777
b460d5f9-727a-44a3-86de-8dc9f6fb71db,4b4fabcc-335e-458a-ae28-ebcde5558044,1702288328438300000
b460d5f9-727a-44a3-86de-8dc9f6fb71db,4b4fabcc-335e-458a-ae28-ebcde5558044,1702288328477733333
b460d5f9-727a-44a3-86de-8dc9f6fb71db,4b4fabcc-335e-458a-ae28-ebcde5558044,1702288328512633333
b460d5f9-727a-44a3-86de-8dc9f6fb71db,4b4fabcc-335e-458a-ae28-ebcde5558044,1702288328543188888
b460d5f9-727a-44a3-86de-8dc9f6fb71db,4b4fabcc-335e-458a-ae28-ebcde5558044,1702288328582322222
b460d5f9-727a-44a3-86de-8dc9f6fb71db,4b4fabcc-335e-458a-ae28-ebcde5558044,1702288328605877777
b460d5f9-727a-44a3-86de-8dc9f6fb71db,4b4fabcc-335e-458a-ae28-ebcde5558044,1702288328637033333
b460d5f9-727a-44a3-86de-8dc9f6fb71db,4b4fabcc-335e-458a-ae28-ebcde5558044,1702288328676122222
b460d5f9-727a-44a3-86de-8dc9f6fb71db,4b4fabcc-335e-458a-ae28-ebcde5558044,1702288328711522222
b460d5f9-727a-44a3-86de-8dc9f6fb71db,4b4fabcc-335e-458a-ae28-ebcde5558044,1702288328747533333
b460d5f9-727a-44a3-86de-8dc9f6fb71db,4b4fabcc-335e-458a-ae28-ebcde5558044,1702288328783177777
b460d5f9-727a-44a3-86de-8dc9f6fb71db,4b4fabcc-335e-458a-ae28-ebcde5558044,1702288328812322222
b460d5f9-727a-44a3-86de-8dc9f6fb71db,4b4fabcc-335e-458a-ae28-ebcde5558044,1702288328840733333
b460d5f9-727a-44a3-86de-8dc9f6fb71db,4b4fabcc-335e-458a-ae28-ebcde5558044,1702288328880722222
b460d5f9-727a-44a3-86de-8dc9f6fb71db,4b4fabcc-335e-458a-ae28-ebcde5558044,1702288328914277777
b460d5f9-727a-44a3-86de-8dc9f6fb71db,4b4fabcc-335e-458a-ae28-ebcde5558044,1702288328943888888
b460d5f9-727a-44a3-86de-8dc9f6fb71db,4b4fabcc-335e-458a-ae28-ebcde5558044,1702288328977088888
b460d5f9-727a-44a3-86de-8dc9f6fb71db,4b4fabcc-335e-458a-ae28-ebcde5558044,1702288329005600000
b460d5f9-727a-44a3-86de-8dc9f6fb71db,4b4fabcc-335e-458a-ae28-ebcde5558044,1702288329037744444
b460d5f9-727a-44a3-86de-8dc9f6fb71db,4b4fabcc-335e-458a-ae28-ebcde5558044,1702288329077922222
b460d5f9-727a-44a3-86de-8dc9f6fb71db,4b4fabcc-335e-458a-ae28-ebcde5558044,1702288329110977777
b460d5f9-727a-44a3-86de-8dc9f6fb71db,4b4fabcc-335e-458a-ae28-ebcde5558044,1702288329143444444
b460d5f9-727a-44a3-86de-8dc9f6fb71db,4b4fabcc-335e-458a-ae28-ebcde5558044,1702288329174966666
b460d5f9-727a-44a3-86de-8dc9f6fb71db,4b4fabcc-335e-458a-ae28-ebcde5558044,1702288329204888888
b460d5f9-727a-44a3-86de-8dc9f6fb71db,4b4fabcc-335e-458a-ae28-ebcde5558044,1702288329237066666
b460d5f9-727a-44a3-86de-8dc9f6fb71db,4b4fabcc-335e-458a-ae28-ebcde5558044,1702288329278266666
b460d5f9-727a-44a3-86de-8dc9f6fb71db,4b4fabcc-335e-458a-ae28-ebcde5558044,1702288329310388888
b460d5f9-727a-44a3-86de-8dc9f6fb71db,4b4fabcc-335e-458a-ae28-ebcde5558044,1702288329344500000
b460d5f9-727a-44a3-86de-8dc9f6fb71db,4b4fabcc-335e-458a-ae28-ebcde5558044,1702288329380811111
b460d5f9-727a-44a3-86de-8dc9f6fb71db,4b4fabcc-335e-458a-ae28-ebcde5558044,1702288329408244444
b460d5f9-727a-44a3-86de-8dc9f6fb71db,4b4fabcc-335e-458a-ae28-ebcde5558044,1702288329443700000
b460d5f9-727a-44a3-86de-8dc9f6fb71db,4b4fabcc-335e-458a-ae28-ebcde5558044,1702288329474288888
b460d5f9-727a-44a3-86de-8dc9f6fb71db,4b4fabcc-335e-458a-ae28-ebcde5558044,1702288329513066666
b460d5f9-727a-44a3-86de-8dc9f6fb71db,4b4fabcc-335e-458a-ae28-ebcde5558044,1702288329540622222
b460d5f9-727a-44a3-86de-8dc9f6fb71db,4b4fabcc-335e-458a-ae28-ebcde5558044,1702288329570766666
b460d5f9-727a-44a3-86de-8dc9f6fb71db,4b4fabcc-335e-458a-ae28-ebcde5558044,1702288329604955555
b460d5f9-727a-44a3-86de-8dc9f6fb71db,4b4fabcc-335e-458a-ae28-ebcde5558044,1702288329640433333
b460d5f9-727a-44a3-86de-8dc9f6fb71db,4b4fabcc-335e-458a-ae28-ebcde5558044,1702288329676088888
b460d5f9-727a-44a3-86de-8dc9f6fb71db,4b4fabcc-335e-458a-ae28-ebcde5558044,1702288329711666666
b460d5f9-727a-44a3-86de-8dc9f6fb71db,4b4fabcc-335e-458a-ae28-ebcde5558044,1702288329741866666
b460d5f9-727a-44a3-86de-8dc9f6fb71db,4b4fabcc-335e-458a-ae28-ebcde5558044,1702288329769366666
b460d5f9-727a-44a3-86de-8dc9f6fb71db,4b4fabcc-335e-458a-ae28-ebcde5558044,1702288329805333333
b460d5f9-727a-44a3-86de-8dc9f6fb71db,4b4fabcc-335e-458a-ae28-ebcde5558044,1702288329839055555
b460d5f9-727a-44a3-86de-8dc9f6fb71db,4b4fabcc-335e-458a-ae28-ebcde5558044,1702288329875300000
b460d5f9-727a-44a3-86de-8dc9f6fb71db,4b4fabcc-335e-458a-ae28-ebcde5558044,1702288329911800000
b460d5f9-727a-44a3-86de-8dc9f6fb71db,4b4fabcc-335e-458a-ae28-ebcde5558044,1702288329942055555
b460d5f9-727a-44a3-86de-8dc9f6fb71db,4b4fabcc-335e-458a-ae28-ebcde5558044,1702288329975311111
b460d5f9-727a-44a3-86de-8dc9f6fb71db,4b4fabcc-335e-458a-ae28-ebcde5558044,1702288330011811111
b460d5f9-727a-44a3-86de-8dc9f6fb71db,4b4fabcc-335e-458a-ae28-ebcde5558044,1702288330043211111
b460d5f9-727a-44a3-86de-8dc9f6fb71db,4b4fabcc-335e-458a-ae28-ebcde5558044,1702288330076722222
b460d5f9-727a-44a3-86de-8dc9f6fb71db,4b4fabcc-335e-458a-ae28-ebcde5558044,1702288330110366666
b460d5f9-727a-44a3-86de-8dc9f6fb71db,4b4fabcc-335e-458a-ae28-ebcde5558044,1702288330139444444
b460d5f9-727a-44a3-86de-8dc9f6fb71db,4b4fabcc-335e-458a-ae28-ebcde5558044,1702288330170611111
b460d5f9-727a-44a3-86de-8dc9f6fb71db,4b4fabcc-335e-458a-ae28-ebcde5558044,1702288330207022222
b460d5f9-727a-44a3-86de-8dc9f6fb71db,4b4fabcc-335e-458a-ae28-ebcde5558044,1702288330242411111
b460d5f9-727a-44a3-86de-8dc9f6fb71db,4b4fabcc-335e-458a-ae28-ebcde5558044,1702288330272277777
b460d5f9-727a-44a3-86de-8dc9f6fb71db,4b4fabcc-335e-458a-ae28-ebcde5558044,1702288330310677777
b460d5f9-727a-44a3-86de-8dc9f6fb71db,4b4fabcc-335e-458a-ae28-ebcde5558044,1702288330337688888
b460d5f9-727a-44a3-86de-8dc9f6fb71db,4b4fabcc-335e-458a-ae28-ebcde5558044,1702288330369577777
b460d5f9-727a-44a3-86de-8dc9f6fb71db,4b4fabcc-335e-458a-ae28-ebcde5558044,1702288330406811111
b460d5f9-727a-44a3-86de-8dc9f6fb71db,4b4fabcc-335e-458a-ae28-ebcde5558044,1702288330444455555
b460d5f9-727a-44a3-86de-8dc9f6fb71db,4b4fabcc-335e-458a-ae28-ebcde5558044,1702288330474033333
b460d5f9-727a-44a3-86de-8dc9f6fb71db,4b4fabcc-335e-458a-ae28-ebcde5558044,1702288330511155555
b460d5f9-727a-44a3-86de-8dc9f6fb71db,4b4fabcc-335e-458a-ae28-ebcde5558044,1702288330544122222
b460d5f9-727a-44a3-86de-8dc9f6fb71db,4b4fabcc-335e-458a-ae28-ebcde5558044,1702288330572788888
b460d5f9-727a-44a3-86de-8dc9f6fb71db,4b4fabcc-335e-458a-ae28-ebcde5558044,1702288330608922222
b460d5f9-727a-44a3-86de-8dc9f6fb71db,4b4fabcc-335e-458a-ae28-ebcde5558044,1702288330647755555
b460d5f9-727a-44a3-86de-8dc9f6fb71db,4b4fabcc-335e-458a-ae28-ebcde5558044,1702288330674655555
b460d5f9-727a-44a3-86de-8dc9f6fb71db,4b4fabcc-335e-458a-ae28-ebcde5558044,1702288330710277777
b460d5f9-727a-44a3-86de-8dc9f6fb71db,4b4fabcc-335e-458a-ae28-ebcde5558044,1702288330736844444
b460d5f9-727a-44a3-86de-8dc9f6fb71db,4b4fabcc-335e-458a-ae28-ebcde5558044,1702288330770100000
b460d5f9-727a-44a3-86de-8dc9f6fb71db,4b4fabcc-335e-458a-ae28-ebcde5558044,1702288330813355555
b460d5f9-727a-44a3-86de-8dc9f6fb71db,4b4fabcc-335e-458a-ae28-ebcde5558044,1702288330841666666
b460d5f9-727a-44a3-86de-8dc9f6fb71db,4b4fabcc-335e-458a-ae28-ebcde5558044,1702288330876377777
b460d5f9-727a-44a3-86de-8dc9f6fb71db,4b4fabcc-335e-458a-ae28-ebcde5558044,1702288330907588888
b460d5f9-727a-44a3-86de-8dc9f6fb71db,4b4fabcc-335e-458a-ae28-ebcde5558044,1702288330937055555
b460d5f9-727a-44a3-86de-8dc9f6fb71db,4b4fabcc-335e-458a-ae28-ebcde5558044,1702288330968955555
b460d5f9-727a-44a3-86de-8dc9f6fb71db,4b4fabcc-335e-458a-ae28-ebcde5558044,1702288331007822222
b460d5f9-727a-44a3-86de-8dc9f6fb71db,4b4fabcc-335e-458a-ae28-ebcde5558044,1702288331044911111
b460d5f9-727a-44a3-86de-8dc9f6fb71db,4b4fabcc-335e-458a-ae28-ebcde5558044,1702288331074955555
b460d5f9-727a-44a3-86de-8dc9f6fb71db,4b4fabcc-335e-458a-ae28-ebcde5558044,1702288331112155555
b460d5f9-727a-44a3-86de-8dc9f6fb71db,4b4fabcc-335e-458a-ae28-ebcde5558044,1702288331142822222
b460d5f9-727a-44a3-86de-8dc9f6fb71db,4b4fabcc-335e-458a-ae28-ebcde5558044,1702288331179377777
b460d5f9-727a-44a3-86de-8dc9f6fb71db,4b4fabcc-335e-458a-ae28-ebcde5558044,1702288331209644444
b460d5f9-727a-44a3-86de-8dc9f6fb71db,4b4fabcc-335e-458a-ae28-ebcde5558044,1702288331242322222
b460d5f9-727a-44a3-86de-8dc9f6fb71db,4b4fabcc-335e-458a-ae28-ebcde5558044,1702288331271688888
b460d5f9-727a-44a3-86de-8dc9f6fb71db,4b4fabcc-335e-458a-ae28-ebcde5558044,1702288331305733333
b460d5f9-727a-44a3-86de-8dc9f6fb71db,4b4fabcc-335e-458a-ae28-ebcde5558044,1702288331336933333
b460d5f9-727a-44a3-86de-8dc9f6fb71db,4b4fabcc-335e-458a-ae28-ebcde5558044,1702288331374033333
b460d5f9-727a-44a3-86de-8dc9f6fb71db,4b4fabcc-335e-458a-ae28-ebcde5558044,1702288331411300000
b460d5f9-727a-44a3-86de-8dc9f6fb71db,4b4fabcc-335e-458a-ae28-ebcde5558044,1702288331452755555
b460d5f9-727a-44a3-86de-8dc9f6fb71db,4b4fabcc-335e-458a-ae28-ebcde5558044,1702288331472744444
b460d5f9-727a-44a3-86de-8dc9f6fb71db,4b4fabcc-335e-458a-ae28-ebcde5558044,1702288331505322222
b460d5f9-727a-44a3-86de-8dc9f6fb71db,4b4fabcc-335e-458a-ae28-ebcde5558044,1702288331537211111
b460d5f9-727a-44a3-86de-8dc9f6fb71db,4b4fabcc-335e-458a-ae28-ebcde5558044,1702288331572088888
b460d5f9-727a-44a3-86de-8dc9f6fb71db,4b4fabcc-335e-458a-ae28-ebcde5558044,1702288331614844444
b460d5f9-727a-44a3-86de-8dc9f6fb71db,4b4fabcc-335e-458a-ae28-ebcde5558044,1702288331640855555
b460d5f9-727a-44a3-86de-8dc9f6fb71db,4b4fabcc-335e-458a-ae28-ebcde5558044,1702288331675777777
b460d5f9-727a-44a3-86de-8dc9f6fb71db,4b4fabcc-335e-458a-ae28-ebcde5558044,1702288331714211111
b460d5f9-727a-44a3-86de-8dc9f6fb71db,4b4fabcc-335e-458a-ae28-ebcde5558044,1702288331740111111
b460d5f9-727a-44a3-86de-8dc9f6fb71db,4b4fabcc-335e-458a-ae28-ebcde5558044,1702288331775133333
b460d5f9-727a-44a3-86de-8dc9f6fb71db,4b4fabcc-335e-458a-ae28-ebcde5558044,1702288331813633333
b460d5f9-727a-44a3-86de-8dc9f6fb71db,4b4fabcc-335e-458a-ae28-ebcde5558044,1702288331843755555
b460d5f9-727a-44a3-86de-8dc9f6fb71db,4b4fabcc-335e-458a-ae28-ebcde5558044,1702288331870644444
b460d5f9-727a-44a3-86de-8dc9f6fb71db,4b4fabcc-335e-458a-ae28-ebcde5558044,1702288331904922222
b460d5f9-727a-44a3-86de-8dc9f6fb71db,4b4fabcc-335e-458a-ae28-ebcde5558044,1702288331943711111
b460d5f9-727a-44a3-86de-8dc9f6fb71db,4b4fabcc-335e-458a-ae28-ebcde5558044,1702288331972711111
b460d5f9-727a-44a3-86de-8dc9f6fb71db,4b4fabcc-335e-458a-ae28-ebcde5558044,1702288332014522222
b460d5f9-727a-44a3-86de-8dc9f6fb71db,4b4fabcc-335e-458a-ae28-ebcde5558044,1702288332050766666
b460d5f9-727a-44a3-86de-8dc9f6fb71db,4b4fabcc-335e-458a-ae28-ebcde5558044,1702288332070022222
b460d5f9-727a-44a3-86de-8dc9f6fb71db,4b4fabcc-335e-458a-ae28-ebcde5558044,1702288332105888888
b460d5f9-727a-44a3-86de-8dc9f6fb71db,4b4fabcc-335e-458a-ae28-ebcde5558044,1702288332137455555
b460d5f9-727a-44a3-86de-8dc9f6fb71db,4b4fabcc-335e-458a-ae28-ebcde5558044,1702288332174233333
b460d5f9-727a-44a3-86de-8dc9f6fb71db,4b4fabcc-335e-458a-ae28-ebcde5558044,1702288332212755555
b460d5f9-727a-44a3-86de-8dc9f6fb71db,4b4fabcc-335e-458a-ae28-ebcde5558044,1702288332244766666
b460d5f9-727a-44a3-86de-8dc9f6fb71db,4b4fabcc-335e-458a-ae28-ebcde5558044,1702288332277433333
b460d5f9-727a-44a3-86de-8dc9f6fb71db,4b4fabcc-335e-458a-ae28-ebcde5558044,1702288332316644444
b460d5f9-727a-44a3-86de-8dc9f6fb71db,4b4fabcc-335e-458a-ae28-ebcde5558044,1702288332341122222
b460d5f9-727a-44a3-86de-8dc9f6fb71db,4b4fabcc-335e-458a-ae28-ebcde5558044,1702288332371800000
b460d5f9-727a-44a3-86de-8dc9f6fb71db,4b4fabcc-335e-458a-ae28-ebcde5558044,1702288332417188888
b460d5f9-727a-44a3-86de-8dc9f6fb71db,4b4fabcc-335e-458a-ae28-ebcde5558044,1702288332438533333
b460d5f9-727a-44a3-86de-8dc9f6fb71db,4b4fabcc-335e-458a-ae28-ebcde5558044,1702288332471511111
b460d5f9-727a-44a3-86de-8dc9f6fb71db,4b4fabcc-335e-458a-ae28-ebcde5558044,1702288332505700000
b460d5f9-727a-44a3-86de-8dc9f6fb71db,4b4fabcc-335e-458a-ae28-ebcde5558044,1702288332545111111
b460d5f9-727a-44a3-86de-8dc9f6fb71db,4b4fabcc-335e-458a-ae28-ebcde5558044,1702288332579711111
b460d5f9-727a-44a3-86de-8dc9f6fb71db,4b4fabcc-335e-458a-ae28-ebcde5558044,1702288332610322222
b460d5f9-727a-44a3-86de-8dc9f6fb71db,4b4fabcc-335e-458a-ae28-ebcde5558044,1702288332640233333
b460d5f9-727a-44a3-86de-8dc9f6fb71db,4b4fabcc-335e-458a-ae28-ebcde5558044,1702288332668966666
b460d5f9-727a-44a3-86de-8dc9f6fb71db,4b4fabcc-335e-458a-ae28-ebcde5558044,1702288332701022222
b460d5f9-727a-44a3-86de-8dc9f6fb71db,4b4fabcc-335e-458a-ae28-ebcde5558044,1702288332747711111
b460d5f9-727a-44a3-86de-8dc9f6fb71db,4b4fabcc-335e-458a-ae28-ebcde5558044,1702288332773977777
b460d5f9-727a-44a3-86de-8dc9f6fb71db,4b4fabcc-335e-458a-ae28-ebcde5558044,1702288332807755555
b460d5f9-727a-44a3-86de-8dc9f6fb71db,4b4fabcc-335e-458a-ae28-ebcde5558044,1702288332845122222
b460d5f9-727a-44a3-86de-8dc9f6fb71db,4b4fabcc-335e-458a-ae28-ebcde5558044,1702288332873988888
b460d5f9-727a-44a3-86de-8dc9f6fb71db,4b4fabcc-335e-458a-ae28-ebcde5558044,1702288332907666666
b460d5f9-727a-44a3-86de-8dc9f6fb71db,4b4fabcc-335e-458a-ae28-ebcde5558044,1702288332945911111
b460d5f9-727a-44a3-86de-8dc9f6fb71db,4b4fabcc-335e-458a-ae28-ebcde5558044,1702288332971877777
b460d5f9-727a-44a3-86de-8dc9f6fb71db,4b4fabcc-335e-458a-ae28-ebcde5558044,1702288333005477777
b460d5f9-727a-44a3-86de-8dc9f6fb71db,4b4fabcc-335e-458a-ae28-ebcde5558044,1702288333037166666
b460d5f9-727a-44a3-86de-8dc9f6fb71db,4b4fabcc-335e-458a-ae28-ebcde5558044,1702288333069955555
b460d5f9-727a-44a3-86de-8dc9f6fb71db,4b4fabcc-335e-458a-ae28-ebcde5558044,1702288333105755555
b460d5f9-727a-44a3-86de-8dc9f6fb71db,4b4fabcc-335e-458a-ae28-ebcde5558044,1702288333141566666
b460d5f9-727a-44a3-86de-8dc9f6fb71db,4b4fabcc-335e-458a-ae28-ebcde5558044,1702288333171600000
b460d5f9-727a-44a3-86de-8dc9f6fb71db,4b4fabcc-335e-458a-ae28-ebcde5558044,1702288333202966666
b460d5f9-727a-44a3-86de-8dc9f6fb71db,4b4fabcc-335e-458a-ae28-ebcde5558044,1702288333236644444
b460d5f9-727a-44a3-86de-8dc9f6fb71db,4b4fabcc-335e-458a-ae28-ebcde5558044,1702288333272000000
b460d5f9-727a-44a3-86de-8dc9f6fb71db,4b4fabcc-335e-458a-ae28-ebcde5558044,1702288333301477777
b460d5f9-727a-44a3-86de-8dc9f6fb71db,4b4fabcc-335e-458a-ae28-ebcde5558044,1702288333340222222
b460d5f9-727a-44a3-86de-8dc9f6fb71db,4b4fabcc-335e-458a-ae28-ebcde5558044,1702288333372022222
b460d5f9-727a-44a3-86de-8dc9f6fb71db,4b4fabcc-335e-458a-ae28-ebcde5558044,1702288333403266666
b460d5f9-727a-44a3-86de-8dc9f6fb71db,4b4fabcc-335e-458a-ae28-ebcde5558044,1702288333439244444
b460d5f9-727a-44a3-86de-8dc9f6fb71db,4b4fabcc-335e-458a-ae28-ebcde5558044,1702288333471800000
b460d5f9-727a-44a3-86de-8dc9f6fb71db,4b4fabcc-335e-458a-ae28-ebcde5558044,1702288333503466666
b460d5f9-727a-44a3-86de-8dc9f6fb71db,4b4fabcc-335e-458a-ae28-ebcde5558044,1702288333538777777
b460d5f9-727a-44a3-86de-8dc9f6fb71db,4b4fabcc-335e-458a-ae28-ebcde5558044,1702288333572722222
b460d5f9-727a-44a3-86de-8dc9f6fb71db,4b4fabcc-335e-458a-ae28-ebcde5558044,1702288333602077777
b460d5f9-727a-44a3-86de-8dc9f6fb71db,4b4fabcc-335e-458a-ae28-ebcde5558044,1702288333638944444
b460d5f9-727a-44a3-86de-8dc9f6fb71db,4b4fabcc-335e-458a-ae28-ebcde5558044,1702288333669500000
b460d5f9-727a-44a3-86de-8dc9f6fb71db,4b4fabcc-335e-458a-ae28-ebcde5558044,1702288333702177777
b460d5f9-727a-44a3-86de-8dc9f6fb71db,4b4fabcc-335e-458a-ae28-ebcde5558044,1702288333738011111
b460d5f9-727a-44a3-86de-8dc9f6fb71db,4b4fabcc-335e-458a-ae28-ebcde5558044,1702288333772133333
b460d5f9-727a-44a3-86de-8dc9f6fb71db,4b4fabcc-335e-458a-ae28-ebcde5558044,1702288333803355555
b460d5f9-727a-44a3-86de-8dc9f6fb71db,4b4fabcc-335e-458a-ae28-ebcde5558044,1702288333838188888
b460d5f9-727a-44a3-86de-8dc9f6fb71db,4b4fabcc-335e-458a-ae28-ebcde5558044,1702288333869944444
b460d5f9-727a-44a3-86de-8dc9f6fb71db,4b4fabcc-335e-458a-ae28-ebcde5558044,1702288333904900000
b460d5f9-727a-44a3-86de-8dc9f6fb71db,4b4fabcc-335e-458a-ae28-ebcde5558044,1702288333941588888
b460d5f9-727a-44a3-86de-8dc9f6fb71db,4b4fabcc-335e-458a-ae28-ebcde5558044,1702288333971855555
b460d5f9-727a-44a3-86de-8dc9f6fb71db,4b4fabcc-335e-458a-ae28-ebcde5558044,1702288334004455555
b460d5f9-727a-44a3-86de-8dc9f6fb71db,4b4fabcc-335e-458a-ae28-ebcde5558044,1702288334039344444
b460d5f9-727a-44a3-86de-8dc9f6fb71db,4b4fabcc-335e-458a-ae28-ebcde5558044,1702288334072500000
b460d5f9-727a-44a3-86de-8dc9f6fb71db,4b4fabcc-335e-458a-ae28-ebcde5558044,1702288334102788888
b460d5f9-727a-44a3-86de-8dc9f6fb71db,4b4fabcc-335e-458a-ae28-ebcde5558044,1702288334139111111
b460d5f9-727a-44a3-86de-8dc9f6fb71db,4b4fabcc-335e-458a-ae28-ebcde5558044,1702288334172711111
b460d5f9-727a-44a3-86de-8dc9f6fb71db,4b4fabcc-335e-458a-ae28-ebcde5558044,1702288334202466666
b460d5f9-727a-44a3-86de-8dc9f6fb71db,4b4fabcc-335e-458a-ae28-ebcde5558044,1702288334236877777
b460d5f9-727a-44a3-86de-8dc9f6fb71db,4b4fabcc-335e-458a-ae28-ebcde5558044,1702288334269877777
b460d5f9-727a-44a3-86de-8dc9f6fb71db,4b4fabcc-335e-458a-ae28-ebcde5558044,1702288334303366666
b460d5f9-727a-44a3-86de-8dc9f6fb71db,4b4fabcc-335e-458a-ae28-ebcde5558044,1702288334340222222
b460d5f9-727a-44a3-86de-8dc9f6fb71db,4b4fabcc-335e-458a-ae28-ebcde5558044,1702288334372655555
b460d5f9-727a-44a3-86de-8dc9f6fb71db,4b4fabcc-335e-458a-ae28-ebcde5558044,1702288334404466666
b460d5f9-727a-44a3-86de-8dc9f6fb71db,4b4fabcc-335e-458a-ae28-ebcde5558044,1702288334439255555
b460d5f9-727a-44a3-86de-8dc9f6fb71db,4b4fabcc-335e-458a-ae28-ebcde5558044,1702288334469522222
b460d5f9-727a-44a3-86de-8dc9f6fb71db,4b4fabcc-335e-458a-ae28-ebcde5558044,1702288334502644444
b460d5f9-727a-44a3-86de-8dc9f6fb71db,4b4fabcc-335e-458a-ae28-ebcde5558044,1702288334538722222
b460d5f9-727a-44a3-86de-8dc9f6fb71db,4b4fabcc-335e-458a-ae28-ebcde5558044,1702288334571833333
b460d5f9-727a-44a3-86de-8dc9f6fb71db,4b4fabcc-335e-458a-ae28-ebcde5558044,1702288334606022222
b460d5f9-727a-44a3-86de-8dc9f6fb71db,4b4fabcc-335e-458a-ae28-ebcde5558044,1702288334638777777
b460d5f9-727a-44a3-86de-8dc9f6fb71db,4b4fabcc-335e-458a-ae28-ebcde5558044,1702288334671077777
b460d5f9-727a-44a3-86de-8dc9f6fb71db,4b4fabcc-335e-458a-ae28-ebcde5558044,1702288334706311111
b460d5f9-727a-44a3-86de-8dc9f6fb71db,4b4fabcc-335e-458a-ae28-ebcde5558044,1702288334739833333
b460d5f9-727a-44a3-86de-8dc9f6fb71db,4b4fabcc-335e-458a-ae28-ebcde5558044,1702288334770877777
b460d5f9-727a-44a3-86de-8dc9f6fb71db,4b4fabcc-335e-458a-ae28-ebcde5558044,1702288334802366666
b460d5f9-727a-44a3-86de-8dc9f6fb71db,4b4fabcc-335e-458a-ae28-ebcde5558044,1702288334837122222
b460d5f9-727a-44a3-86de-8dc9f6fb71db,4b4fabcc-335e-458a-ae28-ebcde5558044,1702288334869677777
b460d5f9-727a-44a3-86de-8dc9f6fb71db,4b4fabcc-335e-458a-ae28-ebcde5558044,1702288334902688888
b460d5f9-727a-44a3-86de-8dc9f6fb71db,4b4fabcc-335e-458a-ae28-ebcde5558044,1702288334942000000
b460d5f9-727a-44a3-86de-8dc9f6fb71db,4b4fabcc-335e-458a-ae28-ebcde5558044,1702288334971911111
b460d5f9-727a-44a3-86de-8dc9f6fb71db,4b4fabcc-335e-458a-ae28-ebcde5558044,1702288335004277777
b460d5f9-727a-44a3-86de-8dc9f6fb71db,4b4fabcc-335e-458a-ae28-ebcde5558044,1702288335038955555
b460d5f9-727a-44a3-86de-8dc9f6fb71db,4b4fabcc-335e-458a-ae28-ebcde5558044,1702288335069900000
b460d5f9-727a-44a3-86de-8dc9f6fb71db,4b4fabcc-335e-458a-ae28-ebcde5558044,1702288335101277777
b460d5f9-727a-44a3-86de-8dc9f6fb71db,4b4fabcc-335e-458a-ae28-ebcde5558044,1702288335139377777
b460d5f9-727a-44a3-86de-8dc9f6fb71db,4b4fabcc-335e-458a-ae28-ebcde5558044,1702288335172544444
b460d5f9-727a-44a3-86de-8dc9f6fb71db,4b4fabcc-335e-458a-ae28-ebcde5558044,1702288335205333333
b460d5f9-727a-44a3-86de-8dc9f6fb71db,4b4fabcc-335e-458a-ae28-ebcde5558044,1702288335240100000
b460d5f9-727a-44a3-86de-8dc9f6fb71db,4b4fabcc-335e-458a-ae28-ebcde5558044,1702288335273755555
b460d5f9-727a-44a3-86de-8dc9f6fb71db,4b4fabcc-335e-458a-ae28-ebcde5558044,1702288335307555555
b460d5f9-727a-44a3-86de-8dc9f6fb71db,4b4fabcc-335e-458a-ae28-ebcde5558044,1702288335341977777
b460d5f9-727a-44a3-86de-8dc9f6fb71db,4b4fabcc-335e-458a-ae28-ebcde5558044,1702288335369477777
b460d5f9-727a-44a3-86de-8dc9f6fb71db,4b4fabcc-335e-458a-ae28-ebcde5558044,1702288335402411111
b460d5f9-727a-44a3-86de-8dc9f6fb71db,4b4fabcc-335e-458a-ae28-ebcde5558044,1702288335436744444
b460d5f9-727a-44a3-86de-8dc9f6fb71db,4b4fabcc-335e-458a-ae28-ebcde5558044,1702288335471255555
b460d5f9-727a-44a3-86de-8dc9f6fb71db,4b4fabcc-335e-458a-ae28-ebcde5558044,1702288335504277777
b460d5f9-727a-44a3-86de-8dc9f6fb71db,4b4fabcc-335e-458a-ae28-ebcde5558044,1702288335542000000
b460d5f9-727a-44a3-86de-8dc9f6fb71db,4b4fabcc-335e-458a-ae28-ebcde5558044,1702288335575011111
b460d5f9-727a-44a3-86de-8dc9f6fb71db,4b4fabcc-335e-458a-ae28-ebcde5558044,1702288335601244444
b460d5f9-727a-44a3-86de-8dc9f6fb71db,4b4fabcc-335e-458a-ae28-ebcde5558044,1702288335632966666
b460d5f9-727a-44a3-86de-8dc9f6fb71db,4b4fabcc-335e-458a-ae28-ebcde5558044,1702288335671433333
b460d5f9-727a-44a3-86de-8dc9f6fb71db,4b4fabcc-335e-458a-ae28-ebcde5558044,1702288335703900000
b460d5f9-727a-44a3-86de-8dc9f6fb71db,4b4fabcc-335e-458a-ae28-ebcde5558044,1702288335735266666
b460d5f9-727a-44a3-86de-8dc9f6fb71db,4b4fabcc-335e-458a-ae28-ebcde5558044,1702288335775788888
b460d5f9-727a-44a3-86de-8dc9f6fb71db,4b4fabcc-335e-458a-ae28-ebcde5558044,1702288335806655555
b460d5f9-727a-44a3-86de-8dc9f6fb71db,4b4fabcc-335e-458a-ae28-ebcde5558044,1702288335838544444
b460d5f9-727a-44a3-86de-8dc9f6fb71db,4b4fabcc-335e-458a-ae28-ebcde5558044,1702288335871000000
b460d5f9-727a-44a3-86de-8dc9f6fb71db,4b4fabcc-335e-458a-ae28-ebcde5558044,1702288335904377777
b460d5f9-727a-44a3-86de-8dc9f6fb71db,4b4fabcc-335e-458a-ae28-ebcde5558044,1702288335938200000
b460d5f9-727a-44a3-86de-8dc9f6fb71db,4b4fabcc-335e-458a-ae28-ebcde5558044,1702288335971766666
b460d5f9-727a-44a3-86de-8dc9f6fb71db,4b4fabcc-335e-458a-ae28-ebcde5558044,1702288336001055555
b460d5f9-727a-44a3-86de-8dc9f6fb71db,4b4fabcc-335e-458a-ae28-ebcde5558044,1702288336035588888
b460d5f9-727a-44a3-86de-8dc9f6fb71db,4b4fabcc-335e-458a-ae28-ebcde5558044,1702288336071866666
b460d5f9-727a-44a3-86de-8dc9f6fb71db,4b4fabcc-335e-458a-ae28-ebcde5558044,1702288336104777777
b460d5f9-727a-44a3-86de-8dc9f6fb71db,4b4fabcc-335e-458a-ae28-ebcde5558044,1702288336136344444
b460d5f9-727a-44a3-86de-8dc9f6fb71db,4b4fabcc-335e-458a-ae28-ebcde5558044,1702288336171377777
b460d5f9-727a-44a3-86de-8dc9f6fb71db,4b4fabcc-335e-458a-ae28-ebcde5558044,1702288336202366666
b460d5f9-727a-44a3-86de-8dc9f6fb71db,4b4fabcc-335e-458a-ae28-ebcde5558044,1702288336233622222
b460d5f9-727a-44a3-86de-8dc9f6fb71db,4b4fabcc-335e-458a-ae28-ebcde5558044,1702288336271277777
b460d5f9-727a-44a3-86de-8dc9f6fb71db,4b4fabcc-335e-458a-ae28-ebcde5558044,1702288336304300000
b460d5f9-727a-44a3-86de-8dc9f6fb71db,4b4fabcc-335e-458a-ae28-ebcde5558044,1702288336338644444
b460d5f9-727a-44a3-86de-8dc9f6fb71db,4b4fabcc-335e-458a-ae28-ebcde5558044,1702288336371077777
b460d5f9-727a-44a3-86de-8dc9f6fb71db,4b4fabcc-335e-458a-ae28-ebcde5558044,1702288336404166666
b460d5f9-727a-44a3-86de-8dc9f6fb71db,4b4fabcc-335e-458a-ae28-ebcde5558044,1702288336435922222
b460d5f9-727a-44a3-86de-8dc9f6fb71db,4b4fabcc-335e-458a-ae28-ebcde5558044,1702288336472433333
b460d5f9-727a-44a3-86de-8dc9f6fb71db,4b4fabcc-335e-458a-ae28-ebcde5558044,1702288336503388888
b460d5f9-727a-44a3-86de-8dc9f6fb71db,4b4fabcc-335e-458a-ae28-ebcde5558044,1702288336533822222
b460d5f9-727a-44a3-86de-8dc9f6fb71db,4b4fabcc-335e-458a-ae28-ebcde5558044,1702288336568877777
b460d5f9-727a-44a3-86de-8dc9f6fb71db,4b4fabcc-335e-458a-ae28-ebcde5558044,1702288336601211111
b460d5f9-727a-44a3-86de-8dc9f6fb71db,4b4fabcc-335e-458a-ae28-ebcde5558044,1702288336638088888
b460d5f9-727a-44a3-86de-8dc9f6fb71db,4b4fabcc-335e-458a-ae28-ebcde5558044,1702288336670433333
b460d5f9-727a-44a3-86de-8dc9f6fb71db,4b4fabcc-335e-458a-ae28-ebcde5558044,1702288336704733333
b460d5f9-727a-44a3-86de-8dc9f6fb71db,4b4fabcc-335e-458a-ae28-ebcde5558044,1702288336736711111
b460d5f9-727a-44a3-86de-8dc9f6fb71db,4b4fabcc-335e-458a-ae28-ebcde5558044,1702288336769044444
b460d5f9-727a-44a3-86de-8dc9f6fb71db,4b4fabcc-335e-458a-ae28-ebcde5558044,1702288336800877777
b460d5f9-727a-44a3-86de-8dc9f6fb71db,4b4fabcc-335e-458a-ae28-ebcde5558044,1702288336833666666
b460d5f9-727a-44a3-86de-8dc9f6fb71db,4b4fabcc-335e-458a-ae28-ebcde5558044,1702288336873722222
b460d5f9-727a-44a3-86de-8dc9f6fb71db,4b4fabcc-335e-458a-ae28-ebcde5558044,1702288336903666666
b460d5f9-727a-44a3-86de-8dc9f6fb71db,4b4fabcc-335e-458a-ae28-ebcde5558044,1702288336938811111
b460d5f9-727a-44a3-86de-8dc9f6fb71db,4b4fabcc-335e-458a-ae28-ebcde5558044,1702288336972744444
b460d5f9-727a-44a3-86de-8dc9f6fb71db,4b4fabcc-335e-458a-ae28-ebcde5558044,1702288337003377777
b460d5f9-727a-44a3-86de-8dc9f6fb71db,4b4fabcc-335e-458a-ae28-ebcde5558044,1702288337037966666
b460d5f9-727a-44a3-86de-8dc9f6fb71db,4b4fabcc-335e-458a-ae28-ebcde5558044,1702288337071322222
b460d5f9-727a-44a3-86de-8dc9f6fb71db,4b4fabcc-335e-458a-ae28-ebcde5558044,1702288337107900000
b460d5f9-727a-44a3-86de-8dc9f6fb71db,4b4fabcc-335e-458a-ae28-ebcde5558044,1702288337134411111
b460d5f9-727a-44a3-86de-8dc9f6fb71db,4b4fabcc-335e-458a-ae28-ebcde5558044,1702288337169666666
b460d5f9-727a-44a3-86de-8dc9f6fb71db,4b4fabcc-335e-458a-ae28-ebcde5558044,1702288337203988888
b460d5f9-727a-44a3-86de-8dc9f6fb71db,4b4fabcc-335e-458a-ae28-ebcde5558044,1702288337236311111
b460d5f9-727a-44a3-86de-8dc9f6fb71db,4b4fabcc-335e-458a-ae28-ebcde5558044,1702288337272177777
b460d5f9-727a-44a3-86de-8dc9f6fb71db,4b4fabcc-335e-458a-ae28-ebcde5558044,1702288337303288888
b460d5f9-727a-44a3-86de-8dc9f6fb71db,4b4fabcc-335e-458a-ae28-ebcde5558044,1702288337341933333
b460d5f9-727a-44a3-86de-8dc9f6fb71db,4b4fabcc-335e-458a-ae28-ebcde5558044,1702288337369966666
b460d5f9-727a-44a3-86de-8dc9f6fb71db,4b4fabcc-335e-458a-ae28-ebcde5558044,1702288337401122222
b460d5f9-727a-44a3-86de-8dc9f6fb71db,4b4fabcc-335e-458a-ae28-ebcde5558044,1702288337435366666
b460d5f9-727a-44a3-86de-8dc9f6fb71db,4b4fabcc-335e-458a-ae28-ebcde5558044,1702288337472755555
b460d5f9-727a-44a3-86de-8dc9f6fb71db,4b4fabcc-335e-458a-ae28-ebcde5558044,1702288337504377777
b460d5f9-727a-44a3-86de-8dc9f6fb71db,4b4fabcc-335e-458a-ae28-ebcde5558044,1702288337539666666
b460d5f9-727a-44a3-86de-8dc9f6fb71db,4b4fabcc-335e-458a-ae28-ebcde5558044,1702288337570177777
b460d5f9-727a-44a3-86de-8dc9f6fb71db,4b4fabcc-335e-458a-ae28-ebcde5558044,1702288337605233333
b460d5f9-727a-44a3-86de-8dc9f6fb71db,4b4fabcc-335e-458a-ae28-ebcde5558044,1702288337635833333
b460d5f9-727a-44a3-86de-8dc9f6fb71db,4b4fabcc-335e-458a-ae28-ebcde5558044,1702288337671711111
b460d5f9-727a-44a3-86de-8dc9f6fb71db,4b4fabcc-335e-458a-ae28-ebcde5558044,1702288337702133333
b460d5f9-727a-44a3-86de-8dc9f6fb71db,4b4fabcc-335e-458a-ae28-ebcde5558044,1702288337734166666
b460d5f9-727a-44a3-86de-8dc9f6fb71db,4b4fabcc-335e-458a-ae28-ebcde5558044,1702288337771077777
b460d5f9-727a-44a3-86de-8dc9f6fb71db,4b4fabcc-335e-458a-ae28-ebcde5558044,1702288337807177777
b460d5f9-727a-44a3-86de-8dc9f6fb71db,4b4fabcc-335e-458a-ae28-ebcde5558044,1702288337835066666
b460d5f9-727a-44a3-86de-8dc9f6fb71db,4b4fabcc-335e-458a-ae28-ebcde5558044,1702288337873211111
b460d5f9-727a-44a3-86de-8dc9f6fb71db,4b4fabcc-335e-458a-ae28-ebcde5558044,1702288337905366666
b460d5f9-727a-44a3-86de-8dc9f6fb71db,4b4fabcc-335e-458a-ae28-ebcde5558044,1702288337933588888
b460d5f9-727a-44a3-86de-8dc9f6fb71db,4b4fabcc-335e-458a-ae28-ebcde5558044,1702288337969922222
b460d5f9-727a-44a3-86de-8dc9f6fb71db,4b4fabcc-335e-458a-ae28-ebcde5558044,1702288338001166666
b460d5f9-727a-44a3-86de-8dc9f6fb71db,4b4fabcc-335e-458a-ae28-ebcde5558044,1702288338037433333
b460d5f9-727a-44a3-86de-8dc9f6fb71db,4b4fabcc-335e-458a-ae28-ebcde5558044,1702288338071977777
b460d5f9-727a-44a3-86de-8dc9f6fb71db,4b4fabcc-335e-458a-ae28-ebcde5558044,1702288338103200000
b460d5f9-727a-44a3-86de-8dc9f6fb71db,4b4fabcc-335e-458a-ae28-ebcde5558044,1702288338136555555
b460d5f9-727a-44a3-86de-8dc9f6fb71db,4b4fabcc-335e-458a-ae28-ebcde5558044,1702288338171588888
b460d5f9-727a-44a3-86de-8dc9f6fb71db,4b4fabcc-335e-458a-ae28-ebcde5558044,1702288338205633333
b460d5f9-727a-44a3-86de-8dc9f6fb71db,4b4fabcc-335e-458a-ae28-ebcde5558044,1702288338236811111
b460d5f9-727a-44a3-86de-8dc9f6fb71db,4b4fabcc-335e-458a-ae28-ebcde5558044,1702288338269488888
b460d5f9-727a-44a3-86de-8dc9f6fb71db,4b4fabcc-335e-458a-ae28-ebcde5558044,1702288338302544444
b460d5f9-727a-44a3-86de-8dc9f6fb71db,4b4fabcc-335e-458a-ae28-ebcde5558044,1702288338334766666
b460d5f9-727a-44a3-86de-8dc9f6fb71db,4b4fabcc-335e-458a-ae28-ebcde5558044,1702288338371577777
b460d5f9-727a-44a3-86de-8dc9f6fb71db,4b4fabcc-335e-458a-ae28-ebcde5558044,1702288338407322222
b460d5f9-727a-44a3-86de-8dc9f6fb71db,4b4fabcc-335e-458a-ae28-ebcde5558044,1702288338437088888
b460d5f9-727a-44a3-86de-8dc9f6fb71db,4b4fabcc-335e-458a-ae28-ebcde5558044,1702288338471677777
b460d5f9-727a-44a3-86de-8dc9f6fb71db,4b4fabcc-335e-458a-ae28-ebcde5558044,1702288338507877777
b460d5f9-727a-44a3-86de-8dc9f6fb71db,4b4fabcc-335e-458a-ae28-ebcde5558044,1702288338534555555
b460d5f9-727a-44a3-86de-8dc9f6fb71db,4b4fabcc-335e-458a-ae28-ebcde5558044,1702288338569022222
b460d5f9-727a-44a3-86de-8dc9f6fb71db,4b4fabcc-335e-458a-ae28-ebcde5558044,1702288338603133333
b460d5f9-727a-44a3-86de-8dc9f6fb71db,4b4fabcc-335e-458a-ae28-ebcde5558044,1702288338635988888
b460d5f9-727a-44a3-86de-8dc9f6fb71db,4b4fabcc-335e-458a-ae28-ebcde5558044,1702288338671544444
b460d5f9-727a-44a3-86de-8dc9f6fb71db,4b4fabcc-335e-458a-ae28-ebcde5558044,1702288338707244444
b460d5f9-727a-44a3-86de-8dc9f6fb71db,4b4fabcc-335e-458a-ae28-ebcde5558044,1702288338735355555
b460d5f9-727a-44a3-86de-8dc9f6fb71db,4b4fabcc-335e-458a-ae28-ebcde5558044,1702288338772944444
b460d5f9-727a-44a3-86de-8dc9f6fb71db,4b4fabcc-335e-458a-ae28-ebcde5558044,1702288338806588888
b460d5f9-727a-44a3-86de-8dc9f6fb71db,4b4fabcc-335e-458a-ae28-ebcde5558044,1702288338834800000
b460d5f9-727a-44a3-86de-8dc9f6fb71db,4b4fabcc-335e-458a-ae28-ebcde5558044,1702288338866300000
b460d5f9-727a-44a3-86de-8dc9f6fb71db,4b4fabcc-335e-458a-ae28-ebcde5558044,1702288338905711111
b460d5f9-727a-44a3-86de-8dc9f6fb71db,4b4fabcc-335e-458a-ae28-ebcde5558044,1702288338935788888
b460d5f9-727a-44a3-86de-8dc9f6fb71db,4b4fabcc-335e-458a-ae28-ebcde5558044,1702288338971433333
b460d5f9-727a-44a3-86de-8dc9f6fb71db,4b4fabcc-335e-458a-ae28-ebcde5558044,1702288339008288888
b460d5f9-727a-44a3-86de-8dc9f6fb71db,4b4fabcc-335e-458a-ae28-ebcde5558044,1702288339035622222
b460d5f9-727a-44a3-86de-8dc9f6fb71db,4b4fabcc-335e-458a-ae28-ebcde5558044,1702288339069000000
b460d5f9-727a-44a3-86de-8dc9f6fb71db,4b4fabcc-335e-458a-ae28-ebcde5558044,1702288339104600000
b460d5f9-727a-44a3-86de-8dc9f6fb71db,4b4fabcc-335e-458a-ae28-ebcde5558044,1702288339133211111
b460d5f9-727a-44a3-86de-8dc9f6fb71db,4b4fabcc-335e-458a-ae28-ebcde5558044,1702288339166900000
b460d5f9-727a-44a3-86de-8dc9f6fb71db,4b4fabcc-335e-458a-ae28-ebcde5558044,1702288339202077777
b460d5f9-727a-44a3-86de-8dc9f6fb71db,4b4fabcc-335e-458a-ae28-ebcde5558044,1702288339235377777
b460d5f9-727a-44a3-86de-8dc9f6fb71db,4b4fabcc-335e-458a-ae28-ebcde5558044,1702288339268800000
b460d5f9-727a-44a3-86de-8dc9f6fb71db,4b4fabcc-335e-458a-ae28-ebcde5558044,1702288339303211111
b460d5f9-727a-44a3-86de-8dc9f6fb71db,4b4fabcc-335e-458a-ae28-ebcde5558044,1702288339337366666
b460d5f9-727a-44a3-86de-8dc9f6fb71db,4b4fabcc-335e-458a-ae28-ebcde5558044,1702288339367455555
b460d5f9-727a-44a3-86de-8dc9f6fb71db,4b4fabcc-335e-458a-ae28-ebcde5558044,1702288339400966666
b460d5f9-727a-44a3-86de-8dc9f6fb71db,4b4fabcc-335e-458a-ae28-ebcde5558044,1702288339435366666
b460d5f9-727a-44a3-86de-8dc9f6fb71db,4b4fabcc-335e-458a-ae28-ebcde5558044,1702288339466088888
b460d5f9-727a-44a3-86de-8dc9f6fb71db,4b4fabcc-335e-458a-ae28-ebcde5558044,1702288339505744444
b460d5f9-727a-44a3-86de-8dc9f6fb71db,4b4fabcc-335e-458a-ae28-ebcde5558044,1702288339534966666
b460d5f9-727a-44a3-86de-8dc9f6fb71db,4b4fabcc-335e-458a-ae28-ebcde5558044,1702288339568555555
b460d5f9-727a-44a3-86de-8dc9f6fb71db,4b4fabcc-335e-458a-ae28-ebcde5558044,1702288339608666666
b460d5f9-727a-44a3-86de-8dc9f6fb71db,4b4fabcc-335e-458a-ae28-ebcde5558044,1702288339638500000
b460d5f9-727a-44a3-86de-8dc9f6fb71db,4b4fabcc-335e-458a-ae28-ebcde5558044,1702288339668122222
b460d5f9-727a-44a3-86de-8dc9f6fb71db,4b4fabcc-335e-458a-ae28-ebcde5558044,1702288339702177777
b460d5f9-727a-44a3-86de-8dc9f6fb71db,4b4fabcc-335e-458a-ae28-ebcde5558044,1702288339733688888
b460d5f9-727a-44a3-86de-8dc9f6fb71db,4b4fabcc-335e-458a-ae28-ebcde5558044,1702288339765966666
b460d5f9-727a-44a3-86de-8dc9f6fb71db,4b4fabcc-335e-458a-ae28-ebcde5558044,1702288339804755555
b460d5f9-727a-44a3-86de-8dc9f6fb71db,4b4fabcc-335e-458a-ae28-ebcde5558044,1702288339840111111
b460d5f9-727a-44a3-86de-8dc9f6fb71db,4b4fabcc-335e-458a-ae28-ebcde5558044,1702288339868500000
b460d5f9-727a-44a3-86de-8dc9f6fb71db,4b4fabcc-335e-458a-ae28-ebcde5558044,1702288339906566666
b460d5f9-727a-44a3-86de-8dc9f6fb71db,4b4fabcc-335e-458a-ae28-ebcde5558044,1702288339937744444
b460d5f9-727a-44a3-86de-8dc9f6fb71db,4b4fabcc-335e-458a-ae28-ebcde5558044,1702288339966344444
b460d5f9-727a-44a3-86de-8dc9f6fb71db,4b4fabcc-335e-458a-ae28-ebcde5558044,1702288340001744444
b460d5f9-727a-44a3-86de-8dc9f6fb71db,4b4fabcc-335e-458a-ae28-ebcde5558044,1702288340033633333
b460d5f9-727a-44a3-86de-8dc9f6fb71db,4b4fabcc-335e-458a-ae28-ebcde5558044,1702288340067377777
b460d5f9-727a-44a3-86de-8dc9f6fb71db,4b4fabcc-335e-458a-ae28-ebcde5558044,1702288340103288888
b460d5f9-727a-44a3-86de-8dc9f6fb71db,4b4fabcc-335e-458a-ae28-ebcde5558044,1702288340134733333
b460d5f9-727a-44a3-86de-8dc9f6fb71db,4b4fabcc-335e-458a-ae28-ebcde5558044,1702288340167577777
b460d5f9-727a-44a3-86de-8dc9f6fb71db,4b4fabcc-335e-458a-ae28-ebcde5558044,1702288340206300000
b460d5f9-727a-44a3-86de-8dc9f6fb71db,4b4fabcc-335e-458a-ae28-ebcde5558044,1702288340238155555
b460d5f9-727a-44a3-86de-8dc9f6fb71db,4b4fabcc-335e-458a-ae28-ebcde5558044,1702288340266488888
b460d5f9-727a-44a3-86de-8dc9f6fb71db,4b4fabcc-335e-458a-ae28-ebcde5558044,1702288340302388888
b460d5f9-727a-44a3-86de-8dc9f6fb71db,4b4fabcc-335e-458a-ae28-ebcde5558044,1702288340333777777
b460d5f9-727a-44a3-86de-8dc9f6fb71db,4b4fabcc-335e-458a-ae28-ebcde5558044,1702288340366488888
b460d5f9-727a-44a3-86de-8dc9f6fb71db,4b4fabcc-335e-458a-ae28-ebcde5558044,1702288340404800000
b460d5f9-727a-44a3-86de-8dc9f6fb71db,4b4fabcc-335e-458a-ae28-ebcde5558044,1702288340439100000
b460d5f9-727a-44a3-86de-8dc9f6fb71db,4b4fabcc-335e-458a-ae28-ebcde5558044,1702288340468077777
b460d5f9-727a-44a3-86de-8dc9f6fb71db,4b4fabcc-335e-458a-ae28-ebcde5558044,1702288340502255555
b460d5f9-727a-44a3-86de-8dc9f6fb71db,4b4fabcc-335e-458a-ae28-ebcde5558044,1702288340537466666
b460d5f9-727a-44a3-86de-8dc9f6fb71db,4b4fabcc-335e-458a-ae28-ebcde5558044,1702288340565966666
b460d5f9-727a-44a3-86de-8dc9f6fb71db,4b4fabcc-335e-458a-ae28-ebcde5558044,1702288340602055555
b460d5f9-727a-44a3-86de-8dc9f6fb71db,4b4fabcc-335e-458a-ae28-ebcde5558044,1702288340637455555
b460d5f9-727a-44a3-86de-8dc9f6fb71db,4b4fabcc-335e-458a-ae28-ebcde5558044,1702288340668022222
b460d5f9-727a-44a3-86de-8dc9f6fb71db,4b4fabcc-335e-458a-ae28-ebcde5558044,1702288340702966666
b460d5f9-727a-44a3-86de-8dc9f6fb71db,4b4fabcc-335e-458a-ae28-ebcde5558044,1702288340738422222
b460d5f9-727a-44a3-86de-8dc9f6fb71db,4b4fabcc-335e-458a-ae28-ebcde5558044,1702288340766944444
b460d5f9-727a-44a3-86de-8dc9f6fb71db,4b4fabcc-335e-458a-ae28-ebcde5558044,1702288340803988888
b460d5f9-727a-44a3-86de-8dc9f6fb71db,4b4fabcc-335e-458a-ae28-ebcde5558044,1702288340837700000
b460d5f9-727a-44a3-86de-8dc9f6fb71db,4b4fabcc-335e-458a-ae28-ebcde5558044,1702288340867788888
b460d5f9-727a-44a3-86de-8dc9f6fb71db,4b4fabcc-335e-458a-ae28-ebcde5558044,1702288340901044444
b460d5f9-727a-44a3-86de-8dc9f6fb71db,4b4fabcc-335e-458a-ae28-ebcde5558044,1702288340934211111
b460d5f9-727a-44a3-86de-8dc9f6fb71db,4b4fabcc-335e-458a-ae28-ebcde5558044,1702288340967977777
b460d5f9-727a-44a3-86de-8dc9f6fb71db,4b4fabcc-335e-458a-ae28-ebcde5558044,1702288341002311111
b460d5f9-727a-44a3-86de-8dc9f6fb71db,4b4fabcc-335e-458a-ae28-ebcde5558044,1702288341033666666
